system,cache,layout,gran,query,selectivity,span,files_total,files_read,files_pct,rows_total,rows_scanned,rows_pct,rows_returned,n_iters,runtime_trimmed_s,runtime_mean_s,runtime_std_s,runtime_median_s,runtime_min_s,answer
duckdb_iceberg_rest,cold,L0,daily,both_ports,hour,1 hour,31,2,6.5,381713,14,0.004,1,5,1.6696145420040314,1.6806782667990774,0.07218061161956069,1.6510341669782065,1.6051222499809228,4.0
duckdb_iceberg_rest,cold,L0,daily,bounding_box,hour,1 hour,31,1,3.2,381713,115,0.03,1,5,0.9521989860028649,0.9506147915963084,0.03818984264747645,0.9649473330355249,0.9061074999626726,4.76
duckdb_iceberg_rest,cold,L0,daily,clip_to_region,hour,1 hour,31,1,3.2,381713,115,0.03,1,5,0.9000942499842495,0.8976099584018812,0.0074373623815314005,0.9010165829677135,0.8847834170446731,28.0
duckdb_iceberg_rest,cold,L0,daily,collision,hour,1 hour,31,1,3.2,381713,115,0.03,1,5,0.9851242226626103,0.9768808502005413,0.04967725353649759,0.9970917499740608,0.9061784999794327,69.0
duckdb_iceberg_rest,cold,L0,daily,encounter_zone,hour,1 hour,31,1,3.2,381713,115,0.03,1,5,0.9855147226674793,0.9692164334002882,0.04785380236918744,0.985580459004268,0.8854928329819813,88.0
duckdb_iceberg_rest,cold,L0,daily,fleet_summary,hour,1 hour,31,1,3.2,381713,115,0.03,1,5,0.9394432916888036,0.9415517666260712,0.018416946701901176,0.9428275000536814,0.9218603750341572,41.3
duckdb_iceberg_rest,cold,L0,daily,harbour_entry,hour,1 hour,31,1,3.2,381713,115,0.03,1,5,1.0257319856900722,1.0300828914158047,0.01757062793703088,1.0256108330213465,1.0143397499923594,56.0
duckdb_iceberg_rest,cold,L0,daily,nearest_approach,hour,1 hour,31,1,3.2,381713,115,0.03,1,5,1.0094937219982967,0.9903037666110321,0.06105502890424182,1.0184627909911796,0.8884976670378819,11.0
duckdb_iceberg_rest,cold,L0,daily,position_interpolation,hour,1 hour,31,1,3.2,381713,115,0.03,1,5,0.9156209860035839,0.9053348831948824,0.03179609167701551,0.9154356659855694,0.8504237500019372,18.0
duckdb_iceberg_rest,cold,L0,daily,speed_profile,hour,1 hour,31,1,3.2,381713,115,0.03,1,5,0.950477902990921,0.9492887333966792,0.019400912502836497,0.9526633329805918,0.9216937500168569,1.5
duckdb_iceberg_rest,cold,L0,daily,both_ports,day,1 day,31,4,12.9,381713,174,0.046,1,5,3.4208099166474617,3.4076684581814334,0.27021925313721945,3.514096040977165,3.053576708014589,4.0
duckdb_iceberg_rest,cold,L0,daily,bounding_box,day,1 day,31,2,6.5,381713,541,0.142,1,5,2.1458100553330346,2.1341443332028573,0.11681932763999388,2.19655083300313,1.992535500030499,62.69
duckdb_iceberg_rest,cold,L0,daily,clip_to_region,day,1 day,31,2,6.5,381713,541,0.142,1,5,1.903380583001611,1.9131459082127549,0.04103645946623862,1.9023972079739906,1.8763407920487225,115.0
duckdb_iceberg_rest,cold,L0,daily,collision,day,1 day,31,2,6.5,381713,541,0.142,1,5,2.85690429166425,2.9062792250071654,0.14401488513049723,2.856496916967444,2.801722583011724,163.0
duckdb_iceberg_rest,cold,L0,daily,encounter_zone,day,1 day,31,2,6.5,381713,541,0.142,1,5,3.074937166995369,3.0637182503938676,0.1611184632758349,3.133596208994277,2.879565958981402,194.0
duckdb_iceberg_rest,cold,L0,daily,fleet_summary,day,1 day,31,2,6.5,381713,541,0.142,1,5,2.028928180341609,2.0428002248052506,0.16178865629427527,2.08469516702462,1.8737180000171065,2840.5
duckdb_iceberg_rest,cold,L0,daily,harbour_entry,day,1 day,31,2,6.5,381713,1090,0.286,1,5,2.2600147636646093,2.2346838249941356,0.2371702267252216,2.2795897499891,1.931474333978258,99.0
duckdb_iceberg_rest,cold,L0,daily,nearest_approach,day,1 day,31,2,6.5,381713,541,0.142,1,5,3.1155847776487158,3.1634338415809906,0.2210193949772727,3.0694727079826407,2.953562624985352,0.0
duckdb_iceberg_rest,cold,L0,daily,position_interpolation,day,1 day,31,2,6.5,381713,541,0.142,1,5,1.851221777673345,1.8328464502003043,0.09242100353102407,1.8780803750269115,1.689011333975941,29.0
duckdb_iceberg_rest,cold,L0,daily,speed_profile,day,1 day,31,2,6.5,381713,541,0.142,1,5,2.157276541654331,2.125440825195983,0.1365039655029631,2.1533410839620046,1.8954494170029648,35.9
duckdb_iceberg_rest,cold,L0,daily,both_ports,week,1 week,31,16,51.6,381713,1133,0.297,1,5,10.772051305665324,10.749415449996013,0.5064930539873046,10.931347457983065,10.102396666014101,4.0
duckdb_iceberg_rest,cold,L0,daily,bounding_box,week,1 week,31,8,25.8,381713,3479,0.911,1,5,10.488509874674492,10.489910683012567,0.49290345788023615,10.40418266603956,9.928813458012883,79.09
duckdb_iceberg_rest,cold,L0,daily,clip_to_region,week,1 week,31,8,25.8,381713,3479,0.911,1,5,8.31136234733276,8.339074025000446,0.2535535472736678,8.259268624999095,8.060402625007555,622.0
duckdb_iceberg_rest,cold,L0,daily,collision,week,1 week,31,8,25.8,381713,3479,0.911,1,5,16.487826458682928,16.564743025205097,0.8869078969776554,16.45435091701802,15.54545633296948,264.0
duckdb_iceberg_rest,cold,L0,daily,encounter_zone,week,1 week,31,8,25.8,381713,3479,0.911,1,5,16.419470624687772,16.538022108213045,0.7594776906704843,16.124622583040036,15.807968083012383,343.0
duckdb_iceberg_rest,cold,L0,daily,fleet_summary,week,1 week,31,8,25.8,381713,3479,0.911,1,5,9.703506777703296,9.745948650024365,0.2009004341205668,9.74368900002446,9.563916250015609,21860.0
duckdb_iceberg_rest,cold,L0,daily,harbour_entry,week,1 week,31,8,25.8,381713,6827,1.789,1,5,9.994123819342349,10.018193524808158,0.40401507650383933,9.921716707991436,9.602241375017911,165.0
duckdb_iceberg_rest,cold,L0,daily,nearest_approach,week,1 week,31,8,25.8,381713,3479,0.911,1,5,20.399177027652815,19.966386099986266,2.3696699803005146,20.504713832982816,16.142190999991726,0.0
duckdb_iceberg_rest,cold,L0,daily,position_interpolation,week,1 week,31,8,25.8,381713,3479,0.911,1,5,7.604206569337596,7.644329416612163,0.28694327330662356,7.510187084029894,7.366975667013321,26.0
duckdb_iceberg_rest,cold,L0,daily,speed_profile,week,1 week,31,8,25.8,381713,3479,0.911,1,5,9.724625569321992,9.761433624802157,0.5537981623589905,9.859504666004796,9.158444875036366,39.7
duckdb_iceberg_rest,cold,L0X,daily,both_ports,hour,1 hour,31,2,6.5,381713,14,0.004,1,5,1.4756913746823557,1.4691318832105025,0.061829533798844295,1.485608000017237,1.3777545830234885,4.0
duckdb_iceberg_rest,cold,L0X,daily,bounding_box,hour,1 hour,31,1,3.2,381713,115,0.03,1,5,0.8987165556948943,0.8947191500104964,0.023659552197210634,0.8942469170433469,0.8582938749459572,4.76
duckdb_iceberg_rest,cold,L0X,daily,clip_to_region,hour,1 hour,31,1,3.2,381713,115,0.03,1,5,0.8797926246576632,0.8835453331936151,0.015928297530553935,0.8784633750328794,0.8687954999622889,28.0
duckdb_iceberg_rest,cold,L0X,daily,collision,hour,1 hour,31,1,3.2,381713,115,0.03,1,5,0.9419681666380105,0.9290370583883487,0.048571078158314435,0.9496747079538181,0.8479515420040116,69.0
duckdb_iceberg_rest,cold,L0X,daily,encounter_zone,hour,1 hour,31,1,3.2,381713,115,0.03,1,5,0.9579505970080694,0.9425793332164176,0.05264770926947729,0.9464997500181198,0.8542224170523696,88.0
duckdb_iceberg_rest,cold,L0X,daily,fleet_summary,hour,1 hour,31,1,3.2,381713,115,0.03,1,5,0.8896415833344994,0.8839534999919124,0.02371493890161826,0.8913916249875911,0.846101707953494,41.3
duckdb_iceberg_rest,cold,L0X,daily,harbour_entry,hour,1 hour,31,1,3.2,381713,115,0.03,1,5,0.9839910136652179,0.9626367332064547,0.06516731596664008,0.997380290995352,0.852229583018925,56.0
duckdb_iceberg_rest,cold,L0X,daily,nearest_approach,hour,1 hour,31,1,3.2,381713,115,0.03,1,5,0.9700169583472112,0.9533008082071319,0.044991953672018324,0.9717483330168761,0.8737221659976058,11.0
duckdb_iceberg_rest,cold,L0X,daily,position_interpolation,hour,1 hour,31,1,3.2,381713,115,0.03,1,5,0.8951744860193381,0.8949823332135566,0.017064639277549636,0.897527416003868,0.8711457080207765,18.0
duckdb_iceberg_rest,cold,L0X,daily,speed_profile,hour,1 hour,31,1,3.2,381713,115,0.03,1,5,0.9110097086716754,0.9018807752174325,0.05392702504630591,0.9176062500337139,0.8181379170273431,1.5
duckdb_iceberg_rest,cold,L0X,daily,both_ports,day,1 day,31,4,12.9,381713,174,0.046,1,5,2.2245693056999394,2.2269925918197258,0.09389552171165048,2.246773375023622,2.1204781670239754,4.0
duckdb_iceberg_rest,cold,L0X,daily,bounding_box,day,1 day,31,2,6.5,381713,541,0.142,1,5,2.0144711666701673,2.0065768000087703,0.09021516292787679,2.012274709006306,1.8739116250071675,62.69
duckdb_iceberg_rest,cold,L0X,daily,clip_to_region,day,1 day,31,2,6.5,381713,541,0.142,1,5,1.7089663049943435,1.7132333162007853,0.05007237210265881,1.6994354579946958,1.652871750004124,115.0
duckdb_iceberg_rest,cold,L0X,daily,collision,day,1 day,31,2,6.5,381713,541,0.142,1,5,2.8181943469874873,2.8157263831817545,0.10188910717713416,2.867022749967873,2.702299957978539,163.0
duckdb_iceberg_rest,cold,L0X,daily,encounter_zone,day,1 day,31,2,6.5,381713,541,0.142,1,5,2.8550808753352612,2.8505970335914754,0.14901301243789494,2.8607899590278976,2.6446738749509677,194.0
duckdb_iceberg_rest,cold,L0X,daily,fleet_summary,day,1 day,31,2,6.5,381713,541,0.142,1,5,1.9618051113599602,1.9415588250150904,0.08827424922878327,1.9871246250113472,1.802330999984406,2840.5
duckdb_iceberg_rest,cold,L0X,daily,harbour_entry,day,1 day,31,2,6.5,381713,1090,0.286,1,5,1.7784930416576874,1.7794431166024878,0.023728167787223604,1.7720361669780686,1.7551671660039574,99.0
duckdb_iceberg_rest,cold,L0X,daily,nearest_approach,day,1 day,31,2,6.5,381713,541,0.142,1,5,2.9583331253379583,2.945452633604873,0.10363785832635937,2.9436517499852926,2.788694792019669,0.0
duckdb_iceberg_rest,cold,L0X,daily,position_interpolation,day,1 day,31,2,6.5,381713,541,0.142,1,5,1.6875511523297366,1.7079860663972795,0.08721760587020067,1.699005083006341,1.6314000840066,29.0
duckdb_iceberg_rest,cold,L0X,daily,speed_profile,day,1 day,31,2,6.5,381713,541,0.142,1,5,1.961572500333811,1.9497315251966938,0.0727003981232072,1.9478714169817977,1.8376735000056215,35.9
duckdb_iceberg_rest,cold,L0X,daily,both_ports,week,1 week,31,16,51.6,381713,1133,0.297,1,5,7.271320763335098,7.315595158212818,0.14269987672145118,7.235854583035689,7.211681459040847,4.0
duckdb_iceberg_rest,cold,L0X,daily,bounding_box,week,1 week,31,8,25.8,381713,3479,0.911,1,5,8.71163368067937,8.688056199997664,0.21996544933893905,8.716920875012875,8.368685374967754,79.09
duckdb_iceberg_rest,cold,L0X,daily,clip_to_region,week,1 week,31,8,25.8,381713,3479,0.911,1,5,6.641261291340925,6.7513609246118,0.4134405881409376,6.55627604102483,6.416863333026413,622.0
duckdb_iceberg_rest,cold,L0X,daily,collision,week,1 week,31,8,25.8,381713,3479,0.911,1,5,15.918459639011417,15.865917433414143,0.6378539890480222,15.971039958996698,14.908970749995206,264.0
duckdb_iceberg_rest,cold,L0X,daily,encounter_zone,week,1 week,31,8,25.8,381713,3479,0.911,1,5,14.301688458324255,14.458729641593527,0.9649550795493852,13.902385749970563,13.692167542001698,343.0
duckdb_iceberg_rest,cold,L0X,daily,fleet_summary,week,1 week,31,8,25.8,381713,3479,0.911,1,5,7.608537403012936,7.657829183619469,0.1768961808372007,7.6203145000035875,7.5056642920244485,21860.0
duckdb_iceberg_rest,cold,L0X,daily,harbour_entry,week,1 week,31,8,25.8,381713,6827,1.789,1,5,6.769858930356956,6.818554591620341,0.13447096417781274,6.77427620801609,6.727076792041771,165.0
duckdb_iceberg_rest,cold,L0X,daily,nearest_approach,week,1 week,31,8,25.8,381713,3479,0.911,1,5,16.529215805678785,16.336077591823415,1.0499362571399564,16.493280833004974,14.648345458030235,0.0
duckdb_iceberg_rest,cold,L0X,daily,position_interpolation,week,1 week,31,8,25.8,381713,3479,0.911,1,5,6.248274638666771,6.376468991406727,0.31426192011318105,6.2376322080381215,6.202656125009526,26.0
duckdb_iceberg_rest,cold,L0X,daily,speed_profile,week,1 week,31,8,25.8,381713,3479,0.911,1,5,8.443424513660526,8.491867066605483,0.5032068208736891,8.384873041999526,8.020345000026282,39.7
duckdb_iceberg_rest,cold,L0Z,daily,both_ports,hour,1 hour,31,2,6.5,381713,14,0.004,1,5,1.378515777993016,1.3828517334070056,0.10541648895414209,1.3435727499891073,1.2598847910412587,4.0
duckdb_iceberg_rest,cold,L0Z,daily,bounding_box,hour,1 hour,31,1,3.2,381713,115,0.03,1,5,0.8107327223406173,0.8098027167958207,0.012698336238866167,0.8051147920195945,0.7934509579790756,4.76
duckdb_iceberg_rest,cold,L0Z,daily,clip_to_region,hour,1 hour,31,1,3.2,381713,115,0.03,1,5,0.7813156943302602,0.7759573500021361,0.02747514888887176,0.7794092079857364,0.7332588750286959,28.0
duckdb_iceberg_rest,cold,L0Z,daily,collision,hour,1 hour,31,1,3.2,381713,115,0.03,1,5,0.8248389579821378,0.8313969998038374,0.0288174999027546,0.8150348329800181,0.8087892500334419,69.0
duckdb_iceberg_rest,cold,L0Z,daily,encounter_zone,hour,1 hour,31,1,3.2,381713,115,0.03,1,5,0.8554679443477653,0.849696799821686,0.01623849425329049,0.8554195830365643,0.8209873750456609,88.0
duckdb_iceberg_rest,cold,L0Z,daily,fleet_summary,hour,1 hour,31,1,3.2,381713,115,0.03,1,5,0.7886893333634362,0.7810389166232199,0.02886497574995278,0.7842934160144068,0.7343532920349389,41.3
duckdb_iceberg_rest,cold,L0Z,daily,harbour_entry,hour,1 hour,31,1,3.2,381713,115,0.03,1,5,0.9571634310026033,0.9394527586060576,0.07581385325929922,0.9640080420067534,0.818052374990657,56.0
duckdb_iceberg_rest,cold,L0Z,daily,nearest_approach,hour,1 hour,31,1,3.2,381713,115,0.03,1,5,0.8971434306780187,0.9003971419995651,0.03046858709282331,0.8932375000440516,0.8670347089646384,11.0
duckdb_iceberg_rest,cold,L0Z,daily,position_interpolation,hour,1 hour,31,1,3.2,381713,115,0.03,1,5,0.7765125696508525,0.7766408002004027,0.02090326231719686,0.7766833750065416,0.747931250021793,18.0
duckdb_iceberg_rest,cold,L0Z,daily,speed_profile,hour,1 hour,31,1,3.2,381713,115,0.03,1,5,0.7834452219734279,0.7792382413870655,0.016256973659096348,0.7838757080025971,0.7524723749957047,1.5
duckdb_iceberg_rest,cold,L0Z,daily,both_ports,day,1 day,31,4,12.9,381713,174,0.046,1,5,2.1553002083480046,2.156914925016463,0.017081504534317157,2.154236749978736,2.1366824579890817,4.0
duckdb_iceberg_rest,cold,L0Z,daily,bounding_box,day,1 day,31,2,6.5,381713,541,0.142,1,5,1.9763373193175842,1.981952774792444,0.1159240210807396,1.9877083749743178,1.839493333012797,62.69
duckdb_iceberg_rest,cold,L0Z,daily,clip_to_region,day,1 day,31,2,6.5,381713,541,0.142,1,5,1.6437364029892099,1.6475037167896516,0.056807738318928575,1.6239521249663085,1.5942634160164744,115.0
duckdb_iceberg_rest,cold,L0Z,daily,collision,day,1 day,31,2,6.5,381713,541,0.142,1,5,2.6338322639736966,2.6782955915783533,0.13614892142289833,2.6287335839588195,2.579571083013434,163.0
duckdb_iceberg_rest,cold,L0Z,daily,encounter_zone,day,1 day,31,2,6.5,381713,541,0.142,1,5,2.8723847216460854,2.8889171495917254,0.11108156987033156,2.888864290958736,2.7785275829955935,194.0
duckdb_iceberg_rest,cold,L0Z,daily,fleet_summary,day,1 day,31,2,6.5,381713,541,0.142,1,5,1.8326058749807999,1.8245507749845273,0.06877967422122656,1.8649922909680754,1.7415191250038333,2840.5
duckdb_iceberg_rest,cold,L0Z,daily,harbour_entry,day,1 day,31,2,6.5,381713,1090,0.286,1,5,1.678381194670995,1.6710965419886634,0.0431758771972679,1.6954267920227721,1.6113487089751288,99.0
duckdb_iceberg_rest,cold,L0Z,daily,nearest_approach,day,1 day,31,2,6.5,381713,541,0.142,1,5,2.972359999665059,2.938154408195987,0.14346160319957035,2.9698991660261527,2.6952035420108587,0.0
duckdb_iceberg_rest,cold,L0Z,daily,position_interpolation,day,1 day,31,2,6.5,381713,541,0.142,1,5,1.627084416996998,1.6239222583943047,0.017325599851954563,1.624467374989763,1.5970166249899194,29.0
duckdb_iceberg_rest,cold,L0Z,daily,speed_profile,day,1 day,31,2,6.5,381713,541,0.142,1,5,1.9080915833086085,1.8937435331870802,0.10444199393565996,1.894657582975924,1.7427301250281744,35.9
duckdb_iceberg_rest,cold,L0Z,daily,both_ports,week,1 week,31,16,51.6,381713,1133,0.297,1,5,7.023024138684074,7.017114333203063,0.07156022064097613,7.033216250012629,6.910338874964509,4.0
duckdb_iceberg_rest,cold,L0Z,daily,bounding_box,week,1 week,31,8,25.8,381713,3479,0.911,1,5,9.340128319318561,9.256904924998526,0.5824328434376091,9.538185374985915,8.519810250028968,79.09
duckdb_iceberg_rest,cold,L0Z,daily,clip_to_region,week,1 week,31,8,25.8,381713,3479,0.911,1,5,7.10203793066709,7.1328100334038025,0.1588094853825687,7.042791166983079,7.00126937503228,622.0
duckdb_iceberg_rest,cold,L0Z,daily,collision,week,1 week,31,8,25.8,381713,3479,0.911,1,5,15.294416430677908,15.209907250199468,1.4967756104230716,15.96711787499953,13.580181541969068,264.0
duckdb_iceberg_rest,cold,L0Z,daily,encounter_zone,week,1 week,31,8,25.8,381713,3479,0.911,1,5,15.30598290336396,15.177912925404963,1.0393824240694414,15.687319042044692,13.816203333961312,343.0
duckdb_iceberg_rest,cold,L0Z,daily,fleet_summary,week,1 week,31,8,25.8,381713,3479,0.911,1,5,8.136660750334462,8.130780933599453,0.16629019973081927,8.188238249975257,7.907690124993678,21860.0
duckdb_iceberg_rest,cold,L0Z,daily,harbour_entry,week,1 week,31,8,25.8,381713,6827,1.789,1,5,6.760087402673283,6.718283758405596,0.17162391355629514,6.758011624973733,6.440443667001091,165.0
duckdb_iceberg_rest,cold,L0Z,daily,nearest_approach,week,1 week,31,8,25.8,381713,3479,0.911,1,5,18.79113211100533,18.465716258401518,1.1501993652762779,18.74590358301066,16.53336862497963,0.0
duckdb_iceberg_rest,cold,L0Z,daily,position_interpolation,week,1 week,31,8,25.8,381713,3479,0.911,1,5,6.701562014000956,6.76457353340229,0.18530879759647148,6.691916999989189,6.6288046250119805,26.0
duckdb_iceberg_rest,cold,L0Z,daily,speed_profile,week,1 week,31,8,25.8,381713,3479,0.911,1,5,9.11241731934327,9.274402933404781,0.62294306959786,9.04586112499237,8.757832083967514,39.7
duckdb_iceberg_rest,cold,L0H,daily,both_ports,hour,1 hour,31,2,6.5,381713,14,0.004,1,5,0.9493594303300293,0.9636830497998744,0.08169766443213183,0.9227243749774061,0.8938652910292149,4.0
duckdb_iceberg_rest,cold,L0H,daily,bounding_box,hour,1 hour,31,1,3.2,381713,115,0.03,1,5,0.7807939443349218,0.770311499806121,0.048041594443864355,0.7735833749757148,0.6959398749750108,4.76
duckdb_iceberg_rest,cold,L0H,daily,clip_to_region,hour,1 hour,31,1,3.2,381713,115,0.03,1,5,0.7509796250184687,0.7475017084158025,0.012724868879784003,0.7507162080146372,0.726059417007491,28.0
duckdb_iceberg_rest,cold,L0H,daily,collision,hour,1 hour,31,1,3.2,381713,115,0.03,1,5,0.8314945693321837,0.8177761915954761,0.044634614198933484,0.8325941659859382,0.742743166978471,69.0
duckdb_iceberg_rest,cold,L0H,daily,encounter_zone,hour,1 hour,31,1,3.2,381713,115,0.03,1,5,0.826514569693245,0.81561249201186,0.03548975012171309,0.8291785840410739,0.7542982089798898,88.0
duckdb_iceberg_rest,cold,L0H,daily,fleet_summary,hour,1 hour,31,1,3.2,381713,115,0.03,1,5,0.7830788193386979,0.7887065750081093,0.039921376783410484,0.7874215409974568,0.742536875011865,41.3
duckdb_iceberg_rest,cold,L0H,daily,harbour_entry,hour,1 hour,31,1,3.2,381713,115,0.03,1,5,0.8466491386837637,0.8472221248084679,0.005575716784413806,0.847846708027646,0.8407194999745116,56.0
duckdb_iceberg_rest,cold,L0H,daily,nearest_approach,hour,1 hour,31,1,3.2,381713,115,0.03,1,5,0.8422149863520948,0.8299465500167571,0.03568050177050507,0.8379639170016162,0.7682236660039052,11.0
duckdb_iceberg_rest,cold,L0H,daily,position_interpolation,hour,1 hour,31,1,3.2,381713,115,0.03,1,5,0.7629595280159265,0.7547556586097925,0.03312925473766536,0.766411375021562,0.7019907920039259,18.0
duckdb_iceberg_rest,cold,L0H,daily,speed_profile,hour,1 hour,31,1,3.2,381713,115,0.03,1,5,0.7747831386708034,0.7702026081969962,0.036509132744317635,0.7730368330376223,0.7142722919816151,1.5
duckdb_iceberg_rest,cold,L0H,daily,both_ports,day,1 day,31,4,12.9,381713,174,0.046,1,5,1.9208193473362674,1.9363084750133566,0.1024000787546768,1.912949874997139,1.8313802500488237,4.0
duckdb_iceberg_rest,cold,L0H,daily,bounding_box,day,1 day,31,2,6.5,381713,541,0.142,1,5,1.928485514014028,1.9166201084153727,0.05455853813295169,1.9117142499890178,1.8317675000289455,62.69
duckdb_iceberg_rest,cold,L0H,daily,clip_to_region,day,1 day,31,2,6.5,381713,541,0.142,1,5,1.5301518330040078,1.543628633208573,0.06709320533463292,1.511119041009806,1.480853708984796,115.0
duckdb_iceberg_rest,cold,L0H,daily,collision,day,1 day,31,2,6.5,381713,541,0.142,1,5,2.7435170833293037,2.7415345333865844,0.07421948210028328,2.7800975830177777,2.6558967499877326,163.0
duckdb_iceberg_rest,cold,L0H,daily,encounter_zone,day,1 day,31,2,6.5,381713,541,0.142,1,5,2.5854841806770614,2.5867482668021693,0.10883155313949296,2.59986762504559,2.445850582967978,194.0
duckdb_iceberg_rest,cold,L0H,daily,fleet_summary,day,1 day,31,2,6.5,381713,541,0.142,1,5,1.8639981939923018,1.8557027579983696,0.08960456021669787,1.86111279099714,1.7206149169942364,2840.5
duckdb_iceberg_rest,cold,L0H,daily,harbour_entry,day,1 day,31,2,6.5,381713,1090,0.286,1,5,1.642660013671654,1.6739967081928626,0.15899706449572398,1.6616573330247775,1.5134048750041984,99.0
duckdb_iceberg_rest,cold,L0H,daily,nearest_approach,day,1 day,31,2,6.5,381713,541,0.142,1,5,2.7359112360087843,2.7614280582172794,0.15133269658842746,2.7215219999779947,2.5984425420174375,0.0
duckdb_iceberg_rest,cold,L0H,daily,position_interpolation,day,1 day,31,2,6.5,381713,541,0.142,1,5,1.5728754863375798,1.5715667583979667,0.032916709760103455,1.5611140410182998,1.5281310409773141,29.0
duckdb_iceberg_rest,cold,L0H,daily,speed_profile,day,1 day,31,2,6.5,381713,541,0.142,1,5,1.8507425969777007,1.8458351498004049,0.10638526030320568,1.8214667919673957,1.6985264160321094,35.9
duckdb_iceberg_rest,cold,L0H,daily,both_ports,week,1 week,31,16,51.6,381713,1133,0.297,1,5,6.6013399719959125,6.662550308206119,0.20048891311164393,6.603577665984631,6.4971553750219755,4.0
duckdb_iceberg_rest,cold,L0H,daily,bounding_box,week,1 week,31,8,25.8,381713,3479,0.911,1,5,8.012419833336025,8.060970316606108,0.25846620558804867,7.940233541012276,7.818611291004345,79.09
duckdb_iceberg_rest,cold,L0H,daily,clip_to_region,week,1 week,31,8,25.8,381713,3479,0.911,1,5,6.332196027680766,6.395910691621248,0.23027954590742553,6.27766912500374,6.222825208038557,622.0
duckdb_iceberg_rest,cold,L0H,daily,collision,week,1 week,31,8,25.8,381713,3479,0.911,1,5,13.977718986027563,14.152699941617902,0.5345150481871179,13.852360458055045,13.783400624990463,264.0
duckdb_iceberg_rest,cold,L0H,daily,encounter_zone,week,1 week,31,8,25.8,381713,3479,0.911,1,5,14.506165389010372,14.545583708409685,1.340327148865512,15.096721542009618,13.103130667004734,343.0
duckdb_iceberg_rest,cold,L0H,daily,fleet_summary,week,1 week,31,8,25.8,381713,3479,0.911,1,5,7.355661667010281,7.451676758599933,0.29756308969095047,7.3739175840164535,7.219705707975663,21860.0
duckdb_iceberg_rest,cold,L0H,daily,harbour_entry,week,1 week,31,8,25.8,381713,6827,1.789,1,5,6.431628194346558,6.555200816609431,0.42484147919300264,6.343438875046559,6.216651583032217,165.0
duckdb_iceberg_rest,cold,L0H,daily,nearest_approach,week,1 week,31,8,25.8,381713,3479,0.911,1,5,17.269693875006244,17.107116024999414,0.9903769115437032,17.12022037501447,15.641505874984432,0.0
duckdb_iceberg_rest,cold,L0H,daily,position_interpolation,week,1 week,31,8,25.8,381713,3479,0.911,1,5,6.0078858469884535,6.091495166590903,0.18932022396651646,6.008150000008754,6.003687874996103,26.0
duckdb_iceberg_rest,cold,L0H,daily,speed_profile,week,1 week,31,8,25.8,381713,3479,0.911,1,5,7.808105694673334,7.838800649996847,0.3524158478443486,7.882065542042255,7.454644749988802,39.7
duckdb_iceberg_rest,cold,L1_daily,daily,both_ports,hour,1 hour,496,32,6.5,381713,14,0.004,1,5,0.924803847350025,0.9662119499989785,0.12460688685134028,0.898285000002943,0.8798598749563098,4.0
duckdb_iceberg_rest,cold,L1_daily,daily,bounding_box,hour,1 hour,496,16,3.2,381713,115,0.03,1,5,0.8319123749776433,0.8411640333826653,0.03167694637576144,0.8319535419577733,0.8150107089895755,4.76
duckdb_iceberg_rest,cold,L1_daily,daily,clip_to_region,hour,1 hour,496,16,3.2,381713,115,0.03,1,5,0.8434312639874406,0.8459961751941592,0.015703320516646517,0.8378744999645278,0.8307847920223139,28.0
duckdb_iceberg_rest,cold,L1_daily,daily,collision,hour,1 hour,496,16,3.2,381713,115,0.03,1,5,0.8827670553388695,0.8857056998065673,0.01912830505901605,0.8832909580087289,0.8646648330031894,69.0
duckdb_iceberg_rest,cold,L1_daily,daily,encounter_zone,hour,1 hour,496,16,3.2,381713,115,0.03,1,5,0.9024877639991852,0.9034468417987227,0.015589350877298187,0.9059355839854106,0.8872355420025997,88.0
duckdb_iceberg_rest,cold,L1_daily,daily,fleet_summary,hour,1 hour,496,16,3.2,381713,115,0.03,1,5,0.8524820830013292,0.8531145997927524,0.017644491199113786,0.8494939999654889,0.8317356659681536,41.3
duckdb_iceberg_rest,cold,L1_daily,daily,harbour_entry,hour,1 hour,496,16,3.2,381713,115,0.03,1,5,0.7805696386494674,0.7709822749835439,0.050382374971536435,0.7948930829879828,0.6992507919785567,56.0
duckdb_iceberg_rest,cold,L1_daily,daily,nearest_approach,hour,1 hour,496,16,3.2,381713,115,0.03,1,5,0.9192854999952639,0.9233951333910226,0.029889684286494706,0.9166181659675203,0.8921799589879811,11.0
duckdb_iceberg_rest,cold,L1_daily,daily,position_interpolation,hour,1 hour,496,16,3.2,381713,115,0.03,1,5,0.8498354723366598,0.8484226918197237,0.016008817650270703,0.8463227499742061,0.8250206670491025,18.0
duckdb_iceberg_rest,cold,L1_daily,daily,speed_profile,hour,1 hour,496,16,3.2,381713,115,0.03,1,5,0.8623846806779815,0.8602064999984578,0.02005697361236629,0.8643563750083558,0.8299609999521635,1.5
duckdb_iceberg_rest,cold,L1_daily,daily,both_ports,day,1 day,496,64,12.9,381713,174,0.046,1,5,1.8227439310091238,1.8524037834140472,0.12118695172427658,1.7791402090224437,1.7616727910353802,4.0
duckdb_iceberg_rest,cold,L1_daily,daily,bounding_box,day,1 day,496,32,6.5,381713,541,0.142,1,5,1.9987182916568902,1.9866026251926088,0.05088230279341793,1.9991169580025598,1.9036092919996008,62.69
duckdb_iceberg_rest,cold,L1_daily,daily,clip_to_region,day,1 day,496,32,6.5,381713,541,0.142,1,5,1.7087784026710626,1.7284088414045982,0.05468105676092197,1.7092364999698475,1.6912215829943307,115.0
duckdb_iceberg_rest,cold,L1_daily,daily,collision,day,1 day,496,32,6.5,381713,541,0.142,1,5,2.830737138322244,2.8085922913975083,0.10268576238736131,2.8353336659492925,2.6399688749806955,163.0
duckdb_iceberg_rest,cold,L1_daily,daily,encounter_zone,day,1 day,496,32,6.5,381713,541,0.142,1,5,2.914370777686903,2.9120190582238137,0.13783003498281537,2.8958291670423932,2.7501919580390677,194.0
duckdb_iceberg_rest,cold,L1_daily,daily,fleet_summary,day,1 day,496,32,6.5,381713,541,0.142,1,5,1.9171080693098095,1.918544424988795,0.036876593485270094,1.9040572499507107,1.881919791980181,2840.5
duckdb_iceberg_rest,cold,L1_daily,daily,harbour_entry,day,1 day,496,32,6.5,381713,1090,0.286,1,5,1.6352657636549945,1.6252457915921696,0.09828733485720811,1.629349207971245,1.4742149169906043,99.0
duckdb_iceberg_rest,cold,L1_daily,daily,nearest_approach,day,1 day,496,32,6.5,381713,541,0.142,1,5,3.168911736322722,3.1289341583848,0.2176284233465266,3.135399749968201,2.7814102079719305,0.0
duckdb_iceberg_rest,cold,L1_daily,daily,position_interpolation,day,1 day,496,32,6.5,381713,541,0.142,1,5,1.731601347331889,1.7606923750019632,0.09098163288195071,1.7360218749963678,1.6929308329708874,29.0
duckdb_iceberg_rest,cold,L1_daily,daily,speed_profile,day,1 day,496,32,6.5,381713,541,0.142,1,5,2.0639628469944,2.0517502415925266,0.08494834502114915,2.0840233329799958,1.9234672919847071,35.9
duckdb_iceberg_rest,cold,L1_daily,daily,both_ports,week,1 week,496,256,51.6,381713,1133,0.297,1,5,8.024541944323573,8.056563983182423,0.14409092315067631,7.971121332957409,7.935314332949929,4.0
duckdb_iceberg_rest,cold,L1_daily,daily,bounding_box,week,1 week,496,128,25.8,381713,3479,0.911,1,5,9.786001500013905,9.770633591618388,0.3851275104509193,9.679324583034031,9.3240627500345,79.09
duckdb_iceberg_rest,cold,L1_daily,daily,clip_to_region,week,1 week,496,128,25.8,381713,3479,0.911,1,5,7.747232624989313,7.809021258191206,0.258097810774462,7.678795207990333,7.5902239580173045,622.0
duckdb_iceberg_rest,cold,L1_daily,daily,collision,week,1 week,496,128,25.8,381713,3479,0.911,1,5,16.658579667001806,16.682227258605415,1.1051511383717203,16.93504758295603,15.49850966699887,264.0
duckdb_iceberg_rest,cold,L1_daily,daily,encounter_zone,week,1 week,496,128,25.8,381713,3479,0.911,1,5,16.464773458331667,16.38911993340589,0.9033145480706504,16.492202957975678,15.16906312503852,343.0
duckdb_iceberg_rest,cold,L1_daily,daily,fleet_summary,week,1 week,496,128,25.8,381713,3479,0.911,1,5,8.992926333662277,9.123262750392314,0.3791057514827032,8.930811083992012,8.866777208982967,21860.0
duckdb_iceberg_rest,cold,L1_daily,daily,harbour_entry,week,1 week,496,128,25.8,381713,6827,1.789,1,5,6.96135737465617,7.0165783413918685,0.164317921788474,6.9358595829689875,6.899227749963757,165.0
duckdb_iceberg_rest,cold,L1_daily,daily,nearest_approach,week,1 week,496,128,25.8,381713,3479,0.911,1,5,17.693344597316656,17.804775341588538,0.8518334819032192,17.798905708943494,16.815879540983588,0.0
duckdb_iceberg_rest,cold,L1_daily,daily,position_interpolation,week,1 week,496,128,25.8,381713,3479,0.911,1,5,7.36383022199152,7.377961608185433,0.10499933221489785,7.355335832980927,7.255095208005514,26.0
duckdb_iceberg_rest,cold,L1_daily,daily,speed_profile,week,1 week,496,128,25.8,381713,3479,0.911,1,5,9.287126819991196,9.368515325407497,0.3771656336867923,9.199459958996158,9.02259916701587,39.7
duckdb_iceberg_rest,cold,L2_daily,daily,both_ports,hour,1 hour,4154,4,0.1,6749935,9,0.0,1,5,0.2502903333127809,0.25920794159173965,0.031680163119356605,0.24788541602902114,0.23380441701738164,2.0
duckdb_iceberg_rest,cold,L2_daily,daily,bounding_box,hour,1 hour,4154,5,0.1,6749935,213,0.003,1,5,0.14350398633784303,0.14484087500022724,0.005231229887071802,0.14225987502140924,0.1402847499703057,0.03
duckdb_iceberg_rest,cold,L2_daily,daily,clip_to_region,hour,1 hour,4154,5,0.1,6749935,213,0.003,1,5,0.13511905532019833,0.13645946638425813,0.007614849280034551,0.1356505829608068,0.12882387498393655,27.0
duckdb_iceberg_rest,cold,L2_daily,daily,collision,hour,1 hour,4154,5,0.1,6749935,213,0.003,1,5,0.17650191666325554,0.17641165839741008,0.004859299377314443,0.178471332998015,0.1708461670204997,60.0
duckdb_iceberg_rest,cold,L2_daily,daily,encounter_zone,hour,1 hour,4154,5,0.1,6749935,213,0.003,1,5,0.18179461099983504,0.18234137501567602,0.002907027435931359,0.18266300001414493,0.179567625047639,75.0
duckdb_iceberg_rest,cold,L2_daily,daily,fleet_summary,hour,1 hour,4154,5,0.1,6749935,213,0.003,1,5,0.15243823632287481,0.15321487499168143,0.006443333644818327,0.15307695895899087,0.14577025000471622,6.3
duckdb_iceberg_rest,cold,L2_daily,daily,harbour_entry,hour,1 hour,4154,2,0.0,6749935,72,0.001,1,5,0.22639563865959644,0.22760369980242104,0.0067142266360607225,0.22600624995538965,0.22040708304848522,56.0
duckdb_iceberg_rest,cold,L2_daily,daily,nearest_approach,hour,1 hour,4154,5,0.1,6749935,213,0.003,1,5,0.18027998633139455,0.1799588501919061,0.00911274539681884,0.18143029196653515,0.16995420801686123,11.0
duckdb_iceberg_rest,cold,L2_daily,daily,position_interpolation,hour,1 hour,4154,5,0.1,6749935,213,0.003,1,5,0.14943893032614142,0.15057241660542786,0.00512222974316061,0.14860024995869026,0.14576016704086214,17.0
duckdb_iceberg_rest,cold,L2_daily,daily,speed_profile,hour,1 hour,4154,5,0.1,6749935,213,0.003,1,5,0.1537513746879995,0.15376713320147245,0.004885882802346281,0.15428020805120468,0.14780816697748378,1.4
duckdb_iceberg_rest,cold,L2_daily,daily,both_ports,day,1 day,4154,12,0.3,6749935,171,0.003,1,5,0.26337275000211474,0.26296453340910375,0.002935843219932134,0.2628325420082547,0.2588843750418164,4.0
duckdb_iceberg_rest,cold,L2_daily,daily,bounding_box,day,1 day,4154,12,0.3,6749935,4195,0.062,1,5,0.41716059733880684,0.41701742499135436,0.011751943726362167,0.41390583402244374,0.40306399995461106,60.22
duckdb_iceberg_rest,cold,L2_daily,daily,clip_to_region,day,1 day,4154,12,0.3,6749935,4195,0.062,1,5,0.28271931966689107,0.28314528360497204,0.005803972981536916,0.2811814169981517,0.27659891702933237,113.0
duckdb_iceberg_rest,cold,L2_daily,daily,collision,day,1 day,4154,12,0.3,6749935,4195,0.062,1,5,0.9456501663274443,0.9453466081875377,0.0476308761547762,0.9464251659810543,0.8968369579524733,163.0
duckdb_iceberg_rest,cold,L2_daily,daily,encounter_zone,day,1 day,4154,12,0.3,6749935,4195,0.062,1,5,0.9771447500097565,0.9782237416133285,0.045808175057515554,0.9706665000412613,0.9311807500198483,193.0
duckdb_iceberg_rest,cold,L2_daily,daily,fleet_summary,day,1 day,4154,12,0.3,6749935,4195,0.062,1,5,0.3669818333388927,0.3701353332027793,0.014834697450508002,0.36198237497592345,0.35759045800659806,2756.6
duckdb_iceberg_rest,cold,L2_daily,daily,harbour_entry,day,1 day,4154,4,0.1,6749935,2407,0.036,1,5,0.42268665299828473,0.4241291167913005,0.008379606895949718,0.4202402500086464,0.4155944579979405,95.0
duckdb_iceberg_rest,cold,L2_daily,daily,nearest_approach,day,1 day,4154,12,0.3,6749935,4195,0.062,1,5,1.1977549166573833,1.1903368749888614,0.04808330109796308,1.2069414159632288,1.1169784999801777,0.0
duckdb_iceberg_rest,cold,L2_daily,daily,position_interpolation,day,1 day,4154,12,0.3,6749935,4195,0.062,1,5,0.2961192359992613,0.2968710249988362,0.007157895779089101,0.29661504103569314,0.2885580420261249,29.0
duckdb_iceberg_rest,cold,L2_daily,daily,speed_profile,day,1 day,4154,12,0.3,6749935,4195,0.062,1,5,0.41105795834058273,0.41076749181374905,0.005369811198719208,0.4098679579910822,0.4031437920057215,34.7
duckdb_iceberg_rest,cold,L2_daily,daily,both_ports,week,1 week,4154,52,1.3,6749935,1130,0.017,1,5,0.43526706968744594,0.43092627500882374,0.01820081991634549,0.43622324999887496,0.4020219999947585,4.0
duckdb_iceberg_rest,cold,L2_daily,daily,bounding_box,week,1 week,4154,51,1.2,6749935,30805,0.456,1,5,2.0208736249866583,2.0183878166018987,0.18670882875943307,2.025828333979007,1.7614867080119438,79.1
duckdb_iceberg_rest,cold,L2_daily,daily,clip_to_region,week,1 week,4154,51,1.2,6749935,30805,0.456,1,5,1.186151833331678,1.1818568333867006,0.028154564677477727,1.1879512500017881,1.1412026669713669,620.0
duckdb_iceberg_rest,cold,L2_daily,daily,collision,week,1 week,4154,51,1.2,6749935,30805,0.456,1,5,5.447380444675218,5.406125083600637,0.48997075648646177,5.609891667030752,4.836760542006232,263.0
duckdb_iceberg_rest,cold,L2_daily,daily,encounter_zone,week,1 week,4154,51,1.2,6749935,30805,0.456,1,5,5.345223943993915,5.411733432998881,0.48277669598246625,5.457459540979471,4.892502125003375,342.0
duckdb_iceberg_rest,cold,L2_daily,daily,fleet_summary,week,1 week,4154,51,1.2,6749935,30805,0.456,1,5,1.7408529583287116,1.744344549998641,0.05203351809266056,1.7187895420356654,1.696558333991561,21721.0
duckdb_iceberg_rest,cold,L2_daily,daily,harbour_entry,week,1 week,4154,20,0.5,6749935,16263,0.241,1,5,1.3193971526731427,1.3258216917980463,0.08084974217141848,1.3045226249960251,1.2442558339680545,165.0
duckdb_iceberg_rest,cold,L2_daily,daily,nearest_approach,week,1 week,4154,51,1.2,6749935,30805,0.456,1,5,7.3657406390023725,7.3938915083999746,0.529527410423614,7.382829500013031,6.690593875013292,0.0
duckdb_iceberg_rest,cold,L2_daily,daily,position_interpolation,week,1 week,4154,51,1.2,6749935,30805,0.456,1,5,1.1769565556508799,1.1917392499977724,0.03942085521106511,1.1782345419633202,1.1662530000321567,26.0
duckdb_iceberg_rest,cold,L2_daily,daily,speed_profile,week,1 week,4154,51,1.2,6749935,30805,0.456,1,5,1.9820938613459778,1.9619920252123848,0.11879665372829494,1.9844282920239493,1.7940764999948442,39.6
duckdb_iceberg_rest,cold,L3_daily,daily,both_ports,hour,1 hour,4133,4,0.1,8232719,15,0.0,1,5,0.2663391529931687,0.2666792667820118,0.02545051847473473,0.2597494589863345,0.23474912496749312,1.0
duckdb_iceberg_rest,cold,L3_daily,daily,bounding_box,hour,1 hour,4133,5,0.1,8232719,316,0.004,1,5,0.1679328196720841,0.16828228338854387,0.003908799683798094,0.16792658402118832,0.16333712497726083,0.01
duckdb_iceberg_rest,cold,L3_daily,daily,clip_to_region,hour,1 hour,4133,5,0.1,8232719,316,0.004,1,5,0.1477969860037168,0.14787145820446312,0.003210339899003404,0.14812120801070705,0.14394062501378357,27.0
duckdb_iceberg_rest,cold,L3_daily,daily,collision,hour,1 hour,4133,5,0.1,8232719,316,0.004,1,5,0.17343106966776153,0.1736465085996315,0.0018833808680579654,0.17390591703588143,0.17163937498116866,59.0
duckdb_iceberg_rest,cold,L3_daily,daily,encounter_zone,hour,1 hour,4133,5,0.1,8232719,316,0.004,1,5,0.1721772919797028,0.1724717251956463,0.003507378929280942,0.1721874579670839,0.1681487500318326,74.0
duckdb_iceberg_rest,cold,L3_daily,daily,fleet_summary,hour,1 hour,4133,5,0.1,8232719,316,0.004,1,5,0.1502168053217853,0.15078974158968778,0.002120483958009356,0.1502211249899119,0.14904495899099857,4.4
duckdb_iceberg_rest,cold,L3_daily,daily,harbour_entry,hour,1 hour,4133,2,0.0,8232719,55,0.001,1,5,0.21767933332982162,0.2199663333944045,0.009826554442887171,0.2188472499838099,0.21045341697754338,54.0
duckdb_iceberg_rest,cold,L3_daily,daily,nearest_approach,hour,1 hour,4133,5,0.1,8232719,316,0.004,1,5,0.1761795699906846,0.17374683358939363,0.00949093872042774,0.1778885840321891,0.15875491697806865,12.0
duckdb_iceberg_rest,cold,L3_daily,daily,position_interpolation,hour,1 hour,4133,5,0.1,8232719,316,0.004,1,5,0.146304777978609,0.14581966679543257,0.00281497704589718,0.14563449996057898,0.14151279104407877,17.0
duckdb_iceberg_rest,cold,L3_daily,daily,speed_profile,hour,1 hour,4133,5,0.1,8232719,316,0.004,1,5,0.16062341665383428,0.1592274333932437,0.006315754539471264,0.1613284169579856,0.14911316701909527,1.4
duckdb_iceberg_rest,cold,L3_daily,daily,both_ports,day,1 day,4133,12,0.3,8232719,320,0.004,1,5,0.2840386390065153,0.2861726334085688,0.02253413905378545,0.29056929203215986,0.26210925000486895,4.0
duckdb_iceberg_rest,cold,L3_daily,daily,bounding_box,day,1 day,4133,12,0.3,8232719,4848,0.059,1,5,0.49578301400955144,0.49779068359639495,0.007261282601820318,0.4971935420180671,0.4916881669778377,60.76
duckdb_iceberg_rest,cold,L3_daily,daily,clip_to_region,day,1 day,4133,12,0.3,8232719,4848,0.059,1,5,0.2911084303050302,0.2908894247724675,0.009018482618460902,0.29051549994619563,0.27977074997033924,112.0
duckdb_iceberg_rest,cold,L3_daily,daily,collision,day,1 day,4133,12,0.3,8232719,4848,0.059,1,5,0.8876059719865831,0.8930470415973104,0.0334689341312255,0.8814829159528017,0.8575336670037359,162.0
duckdb_iceberg_rest,cold,L3_daily,daily,encounter_zone,day,1 day,4133,12,0.3,8232719,4848,0.059,1,5,0.9975271946556555,0.9942457251949236,0.014853587408303781,1.0014636669657193,0.9713237080140971,193.0
duckdb_iceberg_rest,cold,L3_daily,daily,fleet_summary,day,1 day,4133,12,0.3,8232719,4848,0.059,1,5,0.35362316666093346,0.35558706659357997,0.01362147760198665,0.3572507919743657,0.34132708300603554,2632.3
duckdb_iceberg_rest,cold,L3_daily,daily,harbour_entry,day,1 day,4133,4,0.1,8232719,4669,0.057,1,5,0.4015539026586339,0.40213554139481855,0.009145826831799361,0.40466887498041615,0.39220133295748383,95.0
duckdb_iceberg_rest,cold,L3_daily,daily,nearest_approach,day,1 day,4133,12,0.3,8232719,4848,0.059,1,5,1.1414243746742916,1.1287112829973922,0.09429814282791653,1.1494004999985918,1.0032724159536883,0.0
duckdb_iceberg_rest,cold,L3_daily,daily,position_interpolation,day,1 day,4133,12,0.3,8232719,4848,0.059,1,5,0.28556987499662984,0.28654075000667945,0.007150013838030596,0.2824405829887837,0.2803898330312222,28.0
duckdb_iceberg_rest,cold,L3_daily,daily,speed_profile,day,1 day,4133,12,0.3,8232719,4848,0.059,1,5,0.41589605565726134,0.4181651917984709,0.024051366239312113,0.4177339999587275,0.39078866702038795,35.3
duckdb_iceberg_rest,cold,L3_daily,daily,both_ports,week,1 week,4133,52,1.3,8232719,2084,0.025,1,5,0.42544688866473734,0.4242816247977316,0.025732342287131487,0.4201187909930013,0.38860462501179427,4.0
duckdb_iceberg_rest,cold,L3_daily,daily,bounding_box,week,1 week,4133,51,1.2,8232719,37934,0.461,1,5,2.0939889723279825,2.0571108999894934,0.2027728684436672,2.0942323330091313,1.761507332965266,79.03
duckdb_iceberg_rest,cold,L3_daily,daily,clip_to_region,week,1 week,4133,51,1.2,8232719,37934,0.461,1,5,1.1893633890043322,1.190750900004059,0.021018388515034785,1.18812316597905,1.1641748750116676,620.0
duckdb_iceberg_rest,cold,L3_daily,daily,collision,week,1 week,4133,51,1.2,8232719,37934,0.461,1,5,5.799091736320406,5.785076775192283,0.37936544394501515,5.93584649998229,5.345237250032369,263.0
duckdb_iceberg_rest,cold,L3_daily,daily,encounter_zone,week,1 week,4133,51,1.2,8232719,37934,0.461,1,5,5.930567777657416,5.897196724801324,0.24177650181328697,6.029345749993809,5.598191041033715,342.0
duckdb_iceberg_rest,cold,L3_daily,daily,fleet_summary,week,1 week,4133,51,1.2,8232719,37934,0.461,1,5,1.6663473056978546,1.6657445582095534,0.044039107400237004,1.6734846670296974,1.6052268329658546,20754.2
duckdb_iceberg_rest,cold,L3_daily,daily,harbour_entry,week,1 week,4133,20,0.5,8232719,30157,0.366,1,5,1.360220360996512,1.3463541749864816,0.05299051225536624,1.3555099579971284,1.2601944589987397,165.0
duckdb_iceberg_rest,cold,L3_daily,daily,nearest_approach,week,1 week,4133,51,1.2,8232719,37934,0.461,1,5,7.7975660973461345,7.8610718584153805,0.2975547359259641,7.796381333027966,7.555226124997716,0.0
duckdb_iceberg_rest,cold,L3_daily,daily,position_interpolation,week,1 week,4133,51,1.2,8232719,37934,0.461,1,5,1.1657967226735007,1.171340941800736,0.02430799578668875,1.1649161669774912,1.148043958004564,25.0
duckdb_iceberg_rest,cold,L3_daily,daily,speed_profile,week,1 week,4133,51,1.2,8232719,37934,0.461,1,5,1.7720067219925113,1.7791811497882009,0.03414172439504616,1.7696671250159852,1.7481514579849318,39.0
duckdb_iceberg_rest,cold,L4_daily,daily,both_ports,hour,1 hour,744,16,2.2,672860,7,0.001,1,5,0.6075327083235607,0.6038814418017864,0.034479902240985114,0.6248478749766946,0.5614166670129634,1.0
duckdb_iceberg_rest,cold,L4_daily,daily,bounding_box,hour,1 hour,744,9,1.2,672860,69,0.01,1,5,0.3483171390253119,0.3500412833993323,0.009831626966396527,0.34700941701885313,0.3411753329564817,4.76
duckdb_iceberg_rest,cold,L4_daily,daily,clip_to_region,hour,1 hour,744,9,1.2,672860,69,0.01,1,5,0.34074891636070487,0.34392289981478824,0.012110792441360116,0.3410217500058934,0.3337887499947101,28.0
duckdb_iceberg_rest,cold,L4_daily,daily,collision,hour,1 hour,744,9,1.2,672860,69,0.01,1,5,0.3903941249785324,0.39008246678858993,0.004219919342511092,0.39096349995816126,0.3849500420037657,69.0
duckdb_iceberg_rest,cold,L4_daily,daily,encounter_zone,hour,1 hour,744,9,1.2,672860,69,0.01,1,5,0.3866896946565248,0.3871312667964958,0.005339266955223546,0.3861361669842154,0.3818610419984907,88.0
duckdb_iceberg_rest,cold,L4_daily,daily,fleet_summary,hour,1 hour,744,9,1.2,672860,69,0.01,1,5,0.35740868068144965,0.3608217252069153,0.011474521205396637,0.35855404200265184,0.3516173340030946,41.3
duckdb_iceberg_rest,cold,L4_daily,daily,harbour_entry,hour,1 hour,744,8,1.1,672860,44,0.007,1,5,0.4177730139927007,0.41621955840382724,0.015099719342772917,0.4166767919668928,0.3940802500001155,43.0
duckdb_iceberg_rest,cold,L4_daily,daily,nearest_approach,hour,1 hour,744,9,1.2,672860,69,0.01,1,5,0.3968167220009491,0.39625828340649605,0.00789739429694195,0.40089120803168043,0.3871804170194082,11.0
duckdb_iceberg_rest,cold,L4_daily,daily,position_interpolation,hour,1 hour,744,9,1.2,672860,69,0.01,1,5,0.3561769720011701,0.3554035999928601,0.007473206482128199,0.35417391697410494,0.3446996249840595,18.0
duckdb_iceberg_rest,cold,L4_daily,daily,speed_profile,hour,1 hour,744,9,1.2,672860,69,0.01,1,5,0.35753073599577573,0.3588958913926035,0.006782898483184437,0.3561354579869658,0.3526982910116203,1.5
duckdb_iceberg_rest,cold,L4_daily,daily,both_ports,day,1 day,744,62,8.3,672860,183,0.027,1,5,1.4265771386562847,1.4287659999914468,0.02095006320446922,1.4211316659930162,1.4093786249868572,4.0
duckdb_iceberg_rest,cold,L4_daily,daily,bounding_box,day,1 day,744,32,4.3,672860,614,0.091,1,5,1.2182093886852574,1.2140198916080407,0.021312261557428342,1.2169747500447556,1.1789750829921104,62.69
duckdb_iceberg_rest,cold,L4_daily,daily,clip_to_region,day,1 day,744,32,4.3,672860,614,0.091,1,5,1.0717665833459857,1.0708372082095594,0.007491484343886296,1.0718972079921514,1.0590618750429712,115.0
duckdb_iceberg_rest,cold,L4_daily,daily,collision,day,1 day,744,32,4.3,672860,614,0.091,1,5,1.7197863890129763,1.7367622334160842,0.08505076023580878,1.7023260419955477,1.653614542039577,163.0
duckdb_iceberg_rest,cold,L4_daily,daily,encounter_zone,day,1 day,744,32,4.3,672860,614,0.091,1,5,1.77535795866667,1.7783506168052554,0.027863355199135964,1.767725917045027,1.7528857910074294,194.0
duckdb_iceberg_rest,cold,L4_daily,daily,fleet_summary,day,1 day,744,32,4.3,672860,614,0.091,1,5,1.1753206806606613,1.174191350012552,0.019691582714564428,1.1798899580026045,1.1467792080366053,2840.4
duckdb_iceberg_rest,cold,L4_daily,daily,harbour_entry,day,1 day,744,31,4.2,672860,1106,0.164,1,5,1.157816180998149,1.138956167001743,0.06902587128162721,1.1411998340045102,1.024965000047814,95.0
duckdb_iceberg_rest,cold,L4_daily,daily,nearest_approach,day,1 day,744,32,4.3,672860,614,0.091,1,5,2.0212359443151704,2.010227433172986,0.10717042206556604,2.0712361659971066,1.8719172909623012,0.0
duckdb_iceberg_rest,cold,L4_daily,daily,position_interpolation,day,1 day,744,32,4.3,672860,614,0.091,1,5,1.0967056386677239,1.0916604000027292,0.0366158775786586,1.1100548750255257,1.043728209042456,29.0
duckdb_iceberg_rest,cold,L4_daily,daily,speed_profile,day,1 day,744,32,4.3,672860,614,0.091,1,5,1.196731305331923,1.1950729249976575,0.01662735440859388,1.202117958047893,1.173311416991055,35.9
duckdb_iceberg_rest,cold,L4_daily,daily,both_ports,week,1 week,744,350,47.0,672860,1193,0.177,1,5,6.121258027657556,6.056855874799657,0.261179957374373,6.19539862498641,5.643665915995371,4.0
duckdb_iceberg_rest,cold,L4_daily,daily,bounding_box,week,1 week,744,176,23.7,672860,4400,0.654,1,5,6.996333791660921,7.048674608196597,0.21307419532400074,6.983488917001523,6.862446708022617,79.09
duckdb_iceberg_rest,cold,L4_daily,daily,clip_to_region,week,1 week,744,176,23.7,672860,4400,0.654,1,5,6.576275472335207,6.691945200203918,0.5804658503244755,6.520663624978624,6.155342209036462,622.0
duckdb_iceberg_rest,cold,L4_daily,daily,collision,week,1 week,744,176,23.7,672860,4400,0.654,1,5,11.53404625033727,11.68333693339955,0.4059469229041571,11.539338125032373,11.414919583010487,264.0
duckdb_iceberg_rest,cold,L4_daily,daily,encounter_zone,week,1 week,744,176,23.7,672860,4400,0.654,1,5,12.067614639003295,12.049052333203145,0.9060034143426483,12.349238707975019,10.931467665999662,343.0
duckdb_iceberg_rest,cold,L4_daily,daily,fleet_summary,week,1 week,744,176,23.7,672860,4400,0.654,1,5,6.513401625328697,6.554887758393306,0.20509634782776112,6.417314458987676,6.403120415983722,21859.9
duckdb_iceberg_rest,cold,L4_daily,daily,harbour_entry,week,1 week,744,175,23.5,672860,7359,1.094,1,5,5.524947999646732,5.542910899792332,0.08614535923327085,5.552034124964848,5.463024708034936,165.0
duckdb_iceberg_rest,cold,L4_daily,daily,nearest_approach,week,1 week,744,176,23.7,672860,4400,0.654,1,5,14.250898971998444,14.07889256660128,0.7162080558919781,14.50530937500298,12.976916624989826,0.0
duckdb_iceberg_rest,cold,L4_daily,daily,position_interpolation,week,1 week,744,176,23.7,672860,4400,0.654,1,5,5.865340250330822,5.89065617499873,0.21388721720970977,5.760500167030841,5.719998957996722,25.0
duckdb_iceberg_rest,cold,L4_daily,daily,speed_profile,week,1 week,744,176,23.7,672860,4400,0.654,1,5,6.824200541673538,6.837481508217752,0.16499996180678828,6.8473409580183215,6.641842958051711,39.7
duckdb_iceberg_rest,cold,L1s,compact,both_ports,hour,1 hour,16,32,200.0,381713,14,0.004,1,5,20.345850319659803,20.45515509999823,0.9616053855275358,19.980888625024818,19.62430458300514,4.0
duckdb_iceberg_rest,cold,L1s,compact,bounding_box,hour,1 hour,16,16,100.0,381713,115,0.03,1,5,7.5846335556707345,7.642670850001741,0.23597432539868063,7.562245209002867,7.418911917018704,4.76
duckdb_iceberg_rest,cold,L1s,compact,clip_to_region,hour,1 hour,16,16,100.0,381713,115,0.03,1,5,7.3514576389958775,7.379327000002377,0.21956445300605965,7.322313790966291,7.175974957994185,28.0
duckdb_iceberg_rest,cold,L1s,compact,collision,hour,1 hour,16,16,100.0,381713,115,0.03,1,5,7.334233194337382,7.365156683197711,0.10342052358203271,7.326765707985032,7.282525040965993,69.0
duckdb_iceberg_rest,cold,L1s,compact,encounter_zone,hour,1 hour,16,16,100.0,381713,115,0.03,1,5,7.279066055683264,7.319833241601009,0.14815316317173902,7.28295733302366,7.187285874970257,88.0
duckdb_iceberg_rest,cold,L1s,compact,fleet_summary,hour,1 hour,16,16,100.0,381713,115,0.03,1,5,7.34003750034996,7.3303895753924735,0.044583669955934255,7.351121958985459,7.264958708954509,41.3
duckdb_iceberg_rest,cold,L1s,compact,harbour_entry,hour,1 hour,16,16,100.0,381713,115,0.03,1,5,17.542267278011423,17.760114883608185,0.53323207055973,17.534494500025176,17.46364375000121,56.0
duckdb_iceberg_rest,cold,L1s,compact,nearest_approach,hour,1 hour,16,16,100.0,381713,115,0.03,1,5,8.10311063900978,8.124030991608743,0.5761385989444157,8.26574724999955,7.519187166006304,11.0
duckdb_iceberg_rest,cold,L1s,compact,position_interpolation,hour,1 hour,16,16,100.0,381713,115,0.03,1,5,7.552756263680446,7.589895866403822,0.22795012702941805,7.5136325000203215,7.351497249968816,18.0
duckdb_iceberg_rest,cold,L1s,compact,speed_profile,hour,1 hour,16,16,100.0,381713,115,0.03,1,5,7.194391027325764,7.240865316195413,0.12873205643851582,7.171059207990766,7.157864332955796,1.5
duckdb_iceberg_rest,cold,L1s,compact,both_ports,day,1 day,16,32,200.0,381713,174,0.046,1,5,18.273497861344367,18.345790841814598,0.3340199231629376,18.347827541991137,18.028380042000208,4.0
duckdb_iceberg_rest,cold,L1s,compact,bounding_box,day,1 day,16,16,100.0,381713,541,0.142,1,5,10.546605652663857,10.540753574785777,0.22083640810148775,10.506060540967155,10.26572716597002,62.69
duckdb_iceberg_rest,cold,L1s,compact,clip_to_region,day,1 day,16,16,100.0,381713,541,0.142,1,5,9.935682542311648,9.965447367192246,0.21532238694443073,9.91465283400612,9.741617000021506,115.0
duckdb_iceberg_rest,cold,L1s,compact,collision,day,1 day,16,16,100.0,381713,541,0.142,1,5,11.106773444684222,11.250486691610423,0.4836171435767092,11.14578675001394,10.872169208014384,163.0
duckdb_iceberg_rest,cold,L1s,compact,encounter_zone,day,1 day,16,16,100.0,381713,541,0.142,1,5,11.961103888674794,12.222347791399807,0.6958009654843613,11.939349166001193,11.776080082985573,194.0
duckdb_iceberg_rest,cold,L1s,compact,fleet_summary,day,1 day,16,16,100.0,381713,541,0.142,1,5,11.352124097349588,11.351774750219192,0.2347163700688722,11.249715125013608,11.096149709017482,2840.5
duckdb_iceberg_rest,cold,L1s,compact,harbour_entry,day,1 day,16,16,100.0,381713,1090,0.286,1,5,19.398930541336693,19.430295775004197,0.26903155054275246,19.284346166008618,19.17922658403404,99.0
duckdb_iceberg_rest,cold,L1s,compact,nearest_approach,day,1 day,16,16,100.0,381713,541,0.142,1,5,12.659825069344757,12.589565708208829,0.40599703836878015,12.718578875006642,11.949144957994577,0.0
duckdb_iceberg_rest,cold,L1s,compact,position_interpolation,day,1 day,16,16,100.0,381713,541,0.142,1,5,10.516658180335071,10.59889454980148,0.2591764044772501,10.47275441599777,10.404237291018944,29.0
duckdb_iceberg_rest,cold,L1s,compact,speed_profile,day,1 day,16,16,100.0,381713,541,0.142,1,5,10.922616527668046,10.945288483204786,0.23313668987183392,10.853857916023117,10.707930958014913,35.9
duckdb_iceberg_rest,cold,L1s,compact,both_ports,week,1 week,16,32,200.0,381713,1133,0.297,1,5,22.059717458013136,22.039239108015316,0.21436053425589086,22.09038612502627,21.750644583022222,4.0
duckdb_iceberg_rest,cold,L1s,compact,bounding_box,week,1 week,16,16,100.0,381713,3479,0.911,1,5,20.117571680321515,20.060817541601136,1.1191896282267713,19.935475624981336,18.461163542000577,79.09
duckdb_iceberg_rest,cold,L1s,compact,clip_to_region,week,1 week,16,16,100.0,381713,3479,0.911,1,5,17.68499988897626,17.643730658385902,0.2939282944893652,17.736023374949582,17.22522758296691,622.0
duckdb_iceberg_rest,cold,L1s,compact,collision,week,1 week,16,16,100.0,381713,3479,0.911,1,5,26.115898680329945,26.07758621639805,1.220935824726523,26.28990883298684,24.496915165975224,264.0
duckdb_iceberg_rest,cold,L1s,compact,encounter_zone,week,1 week,16,16,100.0,381713,3479,0.911,1,5,25.93544784698558,26.036286608397496,1.0610222372385922,25.678164707962424,25.025913959019817,343.0
duckdb_iceberg_rest,cold,L1s,compact,fleet_summary,week,1 week,16,16,100.0,381713,3479,0.911,1,5,19.337628610994823,19.72715452478733,1.2128995023141453,19.16037887497805,18.871981374977622,21860.0
duckdb_iceberg_rest,cold,L1s,compact,harbour_entry,week,1 week,16,16,100.0,381713,6827,1.789,1,5,20.533886888685327,20.63477352480404,0.42929704283423825,20.590753916010726,20.229115874972194,165.0
duckdb_iceberg_rest,cold,L1s,compact,nearest_approach,week,1 week,16,16,100.0,381713,3479,0.911,1,5,28.29682358332987,27.964289616595487,1.7462828485619268,28.562037291994784,25.207594249979593,0.0
duckdb_iceberg_rest,cold,L1s,compact,position_interpolation,week,1 week,16,16,100.0,381713,3479,0.911,1,5,17.243212374994375,17.366389991797043,0.4958291281448868,17.100592290982604,16.977365334052593,26.0
duckdb_iceberg_rest,cold,L1s,compact,speed_profile,week,1 week,16,16,100.0,381713,3479,0.911,1,5,19.936412402661517,19.81544706679415,0.4176732329042368,19.97849045798648,19.108427458966617,39.7
duckdb_iceberg_rest,cold,L2s,compact,both_ports,hour,1 hour,302,19,6.3,6749935,9,0.0,1,5,0.1682199169881642,0.16941510000033305,0.007506021860407359,0.17017854197183624,0.16183579101925716,2.0
duckdb_iceberg_rest,cold,L2s,compact,bounding_box,hour,1 hour,302,12,4.0,6749935,213,0.003,1,5,0.16342594431868443,0.1645651583909057,0.007592422645096638,0.1632944589946419,0.15718879201449454,0.03
duckdb_iceberg_rest,cold,L2s,compact,clip_to_region,hour,1 hour,302,12,4.0,6749935,213,0.003,1,5,0.13530595800451314,0.13614330820273607,0.0037176122916373093,0.1340779160382226,0.13313966698478907,27.0
duckdb_iceberg_rest,cold,L2s,compact,collision,hour,1 hour,302,12,4.0,6749935,213,0.003,1,5,0.17664395833465582,0.17640743341762571,0.005532551517956607,0.17818091600202024,0.17051325005013496,60.0
duckdb_iceberg_rest,cold,L2s,compact,encounter_zone,hour,1 hour,302,12,4.0,6749935,213,0.003,1,5,0.16983701401234916,0.17010667520808057,0.004709558622061908,0.16829608398256823,0.16501633398002014,75.0
duckdb_iceberg_rest,cold,L2s,compact,fleet_summary,hour,1 hour,302,12,4.0,6749935,213,0.003,1,5,0.1424083056820867,0.14187522500287741,0.0041852658023744105,0.14260579203255475,0.13622474996373057,6.3
duckdb_iceberg_rest,cold,L2s,compact,harbour_entry,hour,1 hour,302,11,3.6,6749935,72,0.001,1,5,0.3753119029764396,0.3764081583824009,0.015516564083444751,0.3760427500237711,0.3578454579692334,56.0
duckdb_iceberg_rest,cold,L2s,compact,nearest_approach,hour,1 hour,302,12,4.0,6749935,213,0.003,1,5,0.19847290301307416,0.2010927416034974,0.010202730627122953,0.19830304203787819,0.19232066598488018,11.0
duckdb_iceberg_rest,cold,L2s,compact,position_interpolation,hour,1 hour,302,12,4.0,6749935,213,0.003,1,5,0.14231740268102536,0.14182137480238452,0.004152445940387874,0.14160170801915228,0.13572033296804875,17.0
duckdb_iceberg_rest,cold,L2s,compact,speed_profile,hour,1 hour,302,12,4.0,6749935,213,0.003,1,5,0.1447661386531157,0.14483659180114045,0.0026462773262706835,0.14503849996253848,0.14151858404511586,1.4
duckdb_iceberg_rest,cold,L2s,compact,both_ports,day,1 day,302,21,7.0,6749935,171,0.003,1,5,0.14802865264937282,0.14666459158761427,0.010692921896265866,0.1460140830022283,0.13118208397645503,4.0
duckdb_iceberg_rest,cold,L2s,compact,bounding_box,day,1 day,302,13,4.3,6749935,4195,0.062,1,5,0.3560784163419157,0.3658359914086759,0.03434326600055457,0.35506979102501646,0.339203208044637,60.22
duckdb_iceberg_rest,cold,L2s,compact,clip_to_region,day,1 day,302,13,4.3,6749935,4195,0.062,1,5,0.2329600416511918,0.23173968319315463,0.007984073233576524,0.23202649998711422,0.2204742500325665,113.0
duckdb_iceberg_rest,cold,L2s,compact,collision,day,1 day,302,13,4.3,6749935,4195,0.062,1,5,0.9562002779954734,0.9656015751999802,0.07345807088808261,0.9594737089937553,0.8884401670075022,163.0
duckdb_iceberg_rest,cold,L2s,compact,encounter_zone,day,1 day,302,13,4.3,6749935,4195,0.062,1,5,1.014312638998187,1.0130262000020593,0.04230539095370659,1.0209750000503846,0.9578650000039488,193.0
duckdb_iceberg_rest,cold,L2s,compact,fleet_summary,day,1 day,302,13,4.3,6749935,4195,0.062,1,5,0.3526316809778412,0.3522998667904176,0.020116652951997778,0.3565566669567488,0.3252688749926165,2756.6
duckdb_iceberg_rest,cold,L2s,compact,harbour_entry,day,1 day,302,11,3.6,6749935,2407,0.036,1,5,0.4579274863547956,0.4559078584075905,0.014691674888445624,0.45618008298333734,0.4358068750007078,95.0
duckdb_iceberg_rest,cold,L2s,compact,nearest_approach,day,1 day,302,13,4.3,6749935,4195,0.062,1,5,1.1688816389845063,1.1686619665939362,0.06180272798932955,1.18715399998473,1.1010780410142615,0.0
duckdb_iceberg_rest,cold,L2s,compact,position_interpolation,day,1 day,302,13,4.3,6749935,4195,0.062,1,5,0.262945777658994,0.26483801659196615,0.010910989528615932,0.26152695796918124,0.2530111669912003,29.0
duckdb_iceberg_rest,cold,L2s,compact,speed_profile,day,1 day,302,13,4.3,6749935,4195,0.062,1,5,0.3833347916758309,0.38104454160202295,0.011218798761981123,0.38054275000467896,0.36351129098329693,34.7
duckdb_iceberg_rest,cold,L2s,compact,both_ports,week,1 week,302,30,9.9,6749935,1130,0.017,1,5,0.19220225000754,0.19196992501383647,0.0035790571113190855,0.19343362498329952,0.18788987502921373,4.0
duckdb_iceberg_rest,cold,L2s,compact,bounding_box,week,1 week,302,18,6.0,6749935,30805,0.456,1,5,1.5751108609838411,1.6039752331911585,0.1907616250604988,1.4845364579814486,1.4377631249953993,79.1
duckdb_iceberg_rest,cold,L2s,compact,clip_to_region,week,1 week,302,18,6.0,6749935,30805,0.456,1,5,0.8710590969809952,0.8870041831745766,0.06544537885493973,0.85943466599565,0.8282431669649668,620.0
duckdb_iceberg_rest,cold,L2s,compact,collision,week,1 week,302,18,6.0,6749935,30805,0.456,1,5,5.905719638976734,5.832863241585438,0.22913700585075045,5.9088925829855725,5.445835207996424,263.0
duckdb_iceberg_rest,cold,L2s,compact,encounter_zone,week,1 week,302,18,6.0,6749935,30805,0.456,1,5,5.70910590266188,5.630226391402539,0.5172074058182922,5.5299230000237,4.879802166018635,342.0
duckdb_iceberg_rest,cold,L2s,compact,fleet_summary,week,1 week,302,18,6.0,6749935,30805,0.456,1,5,1.6140457356426243,1.627895233000163,0.13129545085570432,1.6179255409515463,1.476822875032667,21721.0
duckdb_iceberg_rest,cold,L2s,compact,harbour_entry,week,1 week,302,11,3.6,6749935,16263,0.241,1,5,1.1836007500144963,1.183410908211954,0.03525491427606915,1.189647666993551,1.1350448749726638,165.0
duckdb_iceberg_rest,cold,L2s,compact,nearest_approach,week,1 week,302,18,6.0,6749935,30805,0.456,1,5,8.151371028002663,8.147855300002266,0.3157881277687406,8.311426542000845,7.807027833012398,0.0
duckdb_iceberg_rest,cold,L2s,compact,position_interpolation,week,1 week,302,18,6.0,6749935,30805,0.456,1,5,0.8443406386456141,0.8607108747819439,0.04002386050576865,0.844548582972493,0.8383767500054091,26.0
duckdb_iceberg_rest,cold,L2s,compact,speed_profile,week,1 week,302,18,6.0,6749935,30805,0.456,1,5,1.7408017086563632,1.755126583587844,0.1320094446395537,1.7352282920037396,1.6301196669810452,39.6
duckdb_iceberg_rest,cold,L3s,compact,both_ports,hour,1 hour,299,19,6.4,8232719,15,0.0,1,5,0.1139268476399593,0.11718891698401421,0.009216929774741145,0.11422841699095443,0.11069620901253074,1.0
duckdb_iceberg_rest,cold,L3s,compact,bounding_box,hour,1 hour,299,12,4.0,8232719,316,0.004,1,5,0.13303773568865532,0.1330375080113299,0.003060721690475729,0.13403345801634714,0.12941162497736514,0.01
duckdb_iceberg_rest,cold,L3s,compact,clip_to_region,hour,1 hour,299,12,4.0,8232719,316,0.004,1,5,0.10515411101126422,0.10476496659684927,0.0037042303083105045,0.10512483300408348,0.09962287498638034,27.0
duckdb_iceberg_rest,cold,L3s,compact,collision,hour,1 hour,299,12,4.0,8232719,316,0.004,1,5,0.1380221109914904,0.13753511660033838,0.0036010970603665873,0.13890087499748915,0.13241075002588332,59.0
duckdb_iceberg_rest,cold,L3s,compact,encounter_zone,hour,1 hour,299,12,4.0,8232719,316,0.004,1,5,0.1315602359827608,0.13249220818979665,0.0037371999365076593,0.1306068339617923,0.1294581670081243,74.0
duckdb_iceberg_rest,cold,L3s,compact,fleet_summary,hour,1 hour,299,12,4.0,8232719,316,0.004,1,5,0.1114023610134609,0.1116341584129259,0.004670453274943798,0.11172924999846146,0.10666637500980869,4.4
duckdb_iceberg_rest,cold,L3s,compact,harbour_entry,hour,1 hour,299,11,3.7,8232719,55,0.001,1,5,0.3194962916701722,0.31973480839515106,0.009986152579535177,0.32438374997582287,0.3090057499939576,54.0
duckdb_iceberg_rest,cold,L3s,compact,nearest_approach,hour,1 hour,299,12,4.0,8232719,316,0.004,1,5,0.15361106933172172,0.15467688338831068,0.008253602941604599,0.15303320804378018,0.1464260839857161,12.0
duckdb_iceberg_rest,cold,L3s,compact,position_interpolation,hour,1 hour,299,12,4.0,8232719,316,0.004,1,5,0.11749008332844824,0.11824034998426214,0.009860934407021965,0.11515674996189773,0.108344207983464,17.0
duckdb_iceberg_rest,cold,L3s,compact,speed_profile,hour,1 hour,299,12,4.0,8232719,316,0.004,1,5,0.1411828329631438,0.14126866637961938,0.012104165444368915,0.14073533297050744,0.12453908298630267,1.4
duckdb_iceberg_rest,cold,L3s,compact,both_ports,day,1 day,299,21,7.0,8232719,320,0.004,1,5,0.1178360833437182,0.11741843341151252,0.005471506650656504,0.11664404202019796,0.10993150004651397,4.0
duckdb_iceberg_rest,cold,L3s,compact,bounding_box,day,1 day,299,13,4.3,8232719,4848,0.059,1,5,0.33628056931775063,0.3434267915901728,0.03962531443874496,0.3245561659568921,0.30471808300353587,60.76
duckdb_iceberg_rest,cold,L3s,compact,clip_to_region,day,1 day,299,13,4.3,8232719,4848,0.059,1,5,0.18014458301089084,0.1801079246099107,0.003613045057940335,0.17886037501739338,0.17607754102209583,112.0
duckdb_iceberg_rest,cold,L3s,compact,collision,day,1 day,299,13,4.3,8232719,4848,0.059,1,5,0.7964603890043994,0.8001574001973495,0.04571332217167453,0.801709417020902,0.7481130419764668,162.0
duckdb_iceberg_rest,cold,L3s,compact,encounter_zone,day,1 day,299,13,4.3,8232719,4848,0.059,1,5,0.8778142223406272,0.8838865250116215,0.0515370268695151,0.8618749160086736,0.8392632909817621,193.0
duckdb_iceberg_rest,cold,L3s,compact,fleet_summary,day,1 day,299,13,4.3,8232719,4848,0.059,1,5,0.2760112773394212,0.2748969080159441,0.007056304590626428,0.2763204160146415,0.2641145830275491,2632.3
duckdb_iceberg_rest,cold,L3s,compact,harbour_entry,day,1 day,299,11,3.7,8232719,4669,0.057,1,5,0.3952019863257495,0.3919278085930273,0.03129164857318769,0.3946350420010276,0.3469103340175934,95.0
duckdb_iceberg_rest,cold,L3s,compact,nearest_approach,day,1 day,299,13,4.3,8232719,4848,0.059,1,5,1.089262902988897,1.095647041790653,0.09346777076513534,1.0899169159820303,0.9818027499713935,0.0
duckdb_iceberg_rest,cold,L3s,compact,position_interpolation,day,1 day,299,13,4.3,8232719,4848,0.059,1,5,0.20416076364926994,0.20601984158856795,0.008119117656755355,0.2049429169856012,0.1981444580014795,28.0
duckdb_iceberg_rest,cold,L3s,compact,speed_profile,day,1 day,299,13,4.3,8232719,4848,0.059,1,5,0.2994238473280954,0.29889528319472447,0.012202769297355127,0.3026777079794556,0.28200204099994153,35.3
duckdb_iceberg_rest,cold,L3s,compact,both_ports,week,1 week,299,30,10.0,8232719,2084,0.025,1,5,0.19069736099724346,0.18931339159607888,0.009564702422560429,0.1905843749991618,0.17426204099319875,4.0
duckdb_iceberg_rest,cold,L3s,compact,bounding_box,week,1 week,299,18,6.0,8232719,37934,0.461,1,5,1.4085364303706835,1.449427816621028,0.11359453983092443,1.4142270830343477,1.3725611669942737,79.03
duckdb_iceberg_rest,cold,L3s,compact,clip_to_region,week,1 week,299,18,6.0,8232719,37934,0.461,1,5,0.815084972321832,0.8134190001874231,0.02349436253001826,0.8159327919711359,0.7779271669569425,620.0
duckdb_iceberg_rest,cold,L3s,compact,collision,week,1 week,299,18,6.0,8232719,37934,0.461,1,5,5.393178930331487,5.497510458389297,0.46915152956593165,5.303069000015967,5.100888416985981,263.0
duckdb_iceberg_rest,cold,L3s,compact,encounter_zone,week,1 week,299,18,6.0,8232719,37934,0.461,1,5,5.954491583009561,5.857990399817936,0.3335600794987172,5.9174373330315575,5.286377291020472,342.0
duckdb_iceberg_rest,cold,L3s,compact,fleet_summary,week,1 week,299,18,6.0,8232719,37934,0.461,1,5,1.48007361132962,1.4848893002024852,0.05183837936378257,1.453634375007823,1.4380803750245832,20754.2
duckdb_iceberg_rest,cold,L3s,compact,harbour_entry,week,1 week,299,11,3.7,8232719,30157,0.366,1,5,1.2351605416430782,1.217328991787508,0.07588596545639069,1.2416670839884318,1.0922294589690864,165.0
duckdb_iceberg_rest,cold,L3s,compact,nearest_approach,week,1 week,299,18,6.0,8232719,37934,0.461,1,5,9.013504319669059,8.734163566795178,0.7755091753918191,9.010338208987378,7.36437341698911,0.0
duckdb_iceberg_rest,cold,L3s,compact,position_interpolation,week,1 week,299,18,6.0,8232719,37934,0.461,1,5,0.8347029860209053,0.8627114664181136,0.07462324410640654,0.832517083035782,0.814313666021917,25.0
duckdb_iceberg_rest,cold,L3s,compact,speed_profile,week,1 week,299,18,6.0,8232719,37934,0.461,1,5,1.5367895003485803,1.5988540918100624,0.21940604598724997,1.4641665420494974,1.4376547919819131,39.0
duckdb_iceberg_rest,cold,L4s,compact,both_ports,hour,1 hour,24,48,200.0,672860,7,0.001,1,5,7.692135541661021,7.714303358201869,0.06699914827639664,7.690692999982275,7.663136082992423,1.0
duckdb_iceberg_rest,cold,L4s,compact,bounding_box,hour,1 hour,24,24,100.0,672860,69,0.01,1,5,0.8298051943420433,0.8392745168064721,0.02356693025574926,0.831459624983836,0.8258100840030238,4.76
duckdb_iceberg_rest,cold,L4s,compact,clip_to_region,hour,1 hour,24,24,100.0,672860,69,0.01,1,5,0.8169913889917856,0.8142424834077246,0.02333316660066183,0.8202026669750921,0.7818257910548709,28.0
duckdb_iceberg_rest,cold,L4s,compact,collision,hour,1 hour,24,24,100.0,672860,69,0.01,1,5,0.8637449443340302,0.8658732499927282,0.025470980032958137,0.8627102500176989,0.8405904169776477,69.0
duckdb_iceberg_rest,cold,L4s,compact,encounter_zone,hour,1 hour,24,24,100.0,672860,69,0.01,1,5,0.8668613886693493,0.8685326416045427,0.01357941872262496,0.867245625006035,0.8523787500453182,88.0
duckdb_iceberg_rest,cold,L4s,compact,fleet_summary,hour,1 hour,24,24,100.0,672860,69,0.01,1,5,0.8415703613233442,0.8434130169916898,0.020251375869722105,0.8409375419723801,0.8185869170119986,41.3
duckdb_iceberg_rest,cold,L4s,compact,harbour_entry,hour,1 hour,24,24,100.0,672860,44,0.007,1,5,7.338903319323435,7.333663774991874,0.11491975834564394,7.368120292027015,7.177680624998175,43.0
duckdb_iceberg_rest,cold,L4s,compact,nearest_approach,hour,1 hour,24,24,100.0,672860,69,0.01,1,5,0.8983904863125645,0.9008731749840081,0.02608216170921135,0.9017093329457566,0.8686500829644501,11.0
duckdb_iceberg_rest,cold,L4s,compact,position_interpolation,hour,1 hour,24,24,100.0,672860,69,0.01,1,5,0.8468527086661197,0.8489308836054988,0.01111406069466077,0.8459876669803634,0.8373890420189127,18.0
duckdb_iceberg_rest,cold,L4s,compact,speed_profile,hour,1 hour,24,24,100.0,672860,69,0.01,1,5,0.8762746246453995,0.8775082413805648,0.015363277394181937,0.8709745410014875,0.863303582998924,1.5
duckdb_iceberg_rest,cold,L4s,compact,both_ports,day,1 day,24,48,200.0,672860,183,0.027,1,5,8.397546541683065,8.45354470841121,0.23654300410075738,8.366010375029873,8.241595625004265,4.0
duckdb_iceberg_rest,cold,L4s,compact,bounding_box,day,1 day,24,24,100.0,672860,614,0.091,1,5,5.075764069663516,5.105314333399292,0.1515978691914488,5.027852041996084,4.963530333014205,62.69
duckdb_iceberg_rest,cold,L4s,compact,clip_to_region,day,1 day,24,24,100.0,672860,614,0.091,1,5,4.789824805319465,4.816797566390596,0.11521963986286078,4.772292082954664,4.719390165992081,115.0
duckdb_iceberg_rest,cold,L4s,compact,collision,day,1 day,24,24,100.0,672860,614,0.091,1,5,5.719832208026976,5.725743216404226,0.14207492668518537,5.753379458037671,5.560258457961027,163.0
duckdb_iceberg_rest,cold,L4s,compact,encounter_zone,day,1 day,24,24,100.0,672860,614,0.091,1,5,5.750884624993584,5.774113183410373,0.28383692153989515,5.648436249990482,5.476524458033964,194.0
duckdb_iceberg_rest,cold,L4s,compact,fleet_summary,day,1 day,24,24,100.0,672860,614,0.091,1,5,4.7998753616896765,4.8393587752128955,0.1221105607486407,4.800121584034059,4.744156208005734,2840.4
duckdb_iceberg_rest,cold,L4s,compact,harbour_entry,day,1 day,24,24,100.0,672860,1106,0.164,1,5,7.231144652682512,7.265923558408394,0.1084249152908064,7.227692333050072,7.1835164169897325,95.0
duckdb_iceberg_rest,cold,L4s,compact,nearest_approach,day,1 day,24,24,100.0,672860,614,0.091,1,5,5.8052695139776915,5.828333083575126,0.20955763209957468,5.815354000020307,5.625279583968222,0.0
duckdb_iceberg_rest,cold,L4s,compact,position_interpolation,day,1 day,24,24,100.0,672860,614,0.091,1,5,4.628126166644506,4.663026066590101,0.08898190028722718,4.62241329200333,4.609890333027579,29.0
duckdb_iceberg_rest,cold,L4s,compact,speed_profile,day,1 day,24,24,100.0,672860,614,0.091,1,5,4.787686291674618,4.798306933604181,0.09099433140298184,4.7382802499923855,4.721099209040403,35.9
duckdb_iceberg_rest,cold,L4s,compact,both_ports,week,1 week,24,48,200.0,672860,1193,0.177,1,5,8.318882694661928,8.376870591589249,0.2339314912050716,8.241526708996389,8.192768165958114,4.0
duckdb_iceberg_rest,cold,L4s,compact,bounding_box,week,1 week,24,24,100.0,672860,4400,0.654,1,5,8.043486208325097,8.05268777499441,0.1461109041452857,8.072432916960679,7.878959625028074,79.09
duckdb_iceberg_rest,cold,L4s,compact,clip_to_region,week,1 week,24,24,100.0,672860,4400,0.654,1,5,6.92204244430953,6.97885123337619,0.21809124568163665,6.915667665947694,6.790338708960917,622.0
duckdb_iceberg_rest,cold,L4s,compact,collision,week,1 week,24,24,100.0,672860,4400,0.654,1,5,12.576719833014067,12.678374191618058,0.3605077676153714,12.563309582998045,12.367218292027246,264.0
duckdb_iceberg_rest,cold,L4s,compact,encounter_zone,week,1 week,24,24,100.0,672860,4400,0.654,1,5,12.715676444330407,12.736152408202178,0.27080978411668966,12.654541166964918,12.415826375014149,343.0
duckdb_iceberg_rest,cold,L4s,compact,fleet_summary,week,1 week,24,24,100.0,672860,4400,0.654,1,5,7.353432846663054,7.4215110161923805,0.19135400334548028,7.334488958003931,7.292938583006617,21859.9
duckdb_iceberg_rest,cold,L4s,compact,harbour_entry,week,1 week,24,24,100.0,672860,7359,1.094,1,5,7.569997305671374,7.585541766602546,0.15222669839367348,7.586893917003181,7.413104375009425,165.0
duckdb_iceberg_rest,cold,L4s,compact,nearest_approach,week,1 week,24,24,100.0,672860,4400,0.654,1,5,14.20668850033932,14.604312408401166,1.3351815071985227,14.212850583018735,13.557968124980107,0.0
duckdb_iceberg_rest,cold,L4s,compact,position_interpolation,week,1 week,24,24,100.0,672860,4400,0.654,1,5,6.862524721984907,6.908287999988533,0.18115638850222002,6.847760625008959,6.761104042001534,25.0
duckdb_iceberg_rest,cold,L4s,compact,speed_profile,week,1 week,24,24,100.0,672860,4400,0.654,1,5,7.720977860987962,7.8038991749868725,0.33972296679292413,7.63049641699763,7.5280751250102185,39.7
