system,cache,layout,gran,query,selectivity,span,files_total,files_read,files_pct,rows_total,rows_scanned,rows_pct,rows_returned,n_iters,runtime_trimmed_s,runtime_mean_s,runtime_std_s,runtime_median_s,runtime_min_s,answer,bytes_total,bytes_read
duckdb_iceberg_rest,warm,L0,daily,both_ports,hour,1 hour,31,2,6.5,381713,14,0.004,1,5,0.363356707986289,0.3637421248015016,0.0042587623419634,0.3644392910064198,0.3587200830224901,4.0,100.0,6.71
duckdb_iceberg_rest,warm,L0,daily,bounding_box,hour,1 hour,31,1,3.2,381713,115,0.03,1,5,0.3334926526489046,0.3350591165944934,0.0078722567223911,0.3331323330057785,0.3269921250175684,4.76,100.0,3.36
duckdb_iceberg_rest,warm,L0,daily,clip_to_region,hour,1 hour,31,1,3.2,381713,115,0.03,1,5,0.3156387916727302,0.3160517668002285,0.0035691080833781,0.314942458004225,0.3125388749758713,28.0,100.0,3.36
duckdb_iceberg_rest,warm,L0,daily,collision,hour,1 hour,31,1,3.2,381713,115,0.03,1,5,0.3592770689865574,0.3589374079834669,0.0041309546847413,0.3591885830392129,0.3526286669657565,69.0,100.0,3.36
duckdb_iceberg_rest,warm,L0,daily,encounter_zone,hour,1 hour,31,1,3.2,381713,115,0.03,1,5,0.3583513746852986,0.3581306164036505,0.001437189377547,0.3584670830168761,0.3561314579565078,88.0,100.0,3.36
duckdb_iceberg_rest,warm,L0,daily,fleet_summary,hour,1 hour,31,1,3.2,381713,115,0.03,1,5,0.3300388333542893,0.3302665752125904,0.0012526557582198,0.3299491670331917,0.3289187090122141,41.3,100.0,3.36
duckdb_iceberg_rest,warm,L0,daily,harbour_entry,hour,1 hour,31,1,3.2,381713,115,0.03,1,5,0.4578067223192192,0.4591306251822971,0.004593839204235,0.4567203749902546,0.455584249983076,56.0,100.0,3.36
duckdb_iceberg_rest,warm,L0,daily,nearest_approach,hour,1 hour,31,1,3.2,381713,115,0.03,1,5,0.367618777983201,0.3672834001830779,0.0035821011807523,0.3686691669863648,0.3622658329550177,11.0,100.0,3.36
duckdb_iceberg_rest,warm,L0,daily,position_interpolation,hour,1 hour,31,1,3.2,381713,115,0.03,1,5,0.3281957913422957,0.3281588664045557,0.0047539253460095,0.3270922910305671,0.3230348749784753,18.0,100.0,3.36
duckdb_iceberg_rest,warm,L0,daily,speed_profile,hour,1 hour,31,1,3.2,381713,115,0.03,1,5,0.3327196809890059,0.3330162586062215,0.0029422479769256,0.3337792920065112,0.3297935420414433,1.5,100.0,3.36
duckdb_iceberg_rest,warm,L0,daily,both_ports,day,1 day,31,4,12.9,381713,174,0.046,1,5,0.6844893746504871,0.68245428299997,0.0132655704760715,0.6878607909893617,0.662440708023496,4.0,100.0,13.18
duckdb_iceberg_rest,warm,L0,daily,bounding_box,day,1 day,31,2,6.5,381713,541,0.142,1,5,0.7577014856506139,0.7584686079877428,0.0109331871793335,0.7574170830193907,0.7457035830011591,62.69,100.0,6.6
duckdb_iceberg_rest,warm,L0,daily,clip_to_region,day,1 day,31,2,6.5,381713,541,0.142,1,5,0.5318521803516584,0.5318099664174951,0.0028315946349468,0.5319238330121152,0.5282601250219159,115.0,100.0,6.6
duckdb_iceberg_rest,warm,L0,daily,collision,day,1 day,31,2,6.5,381713,541,0.142,1,5,1.469691444343577,1.4666460752021522,0.0115056329429687,1.4716022080392577,1.4474480839562602,163.0,100.0,6.6
duckdb_iceberg_rest,warm,L0,daily,encounter_zone,day,1 day,31,2,6.5,381713,541,0.142,1,5,1.51020343103058,1.5086469002300873,0.0130552848398469,1.5126399590517394,1.489492500026245,194.0,100.0,6.6
duckdb_iceberg_rest,warm,L0,daily,fleet_summary,day,1 day,31,2,6.5,381713,541,0.142,1,5,0.7417788473539986,0.7427487918059341,0.0038730243140503,0.7420979170128703,0.7391135839861818,2840.5,100.0,6.6
duckdb_iceberg_rest,warm,L0,daily,harbour_entry,day,1 day,31,2,6.5,381713,1090,0.286,1,5,0.852705985676342,0.851160499791149,0.012427730023368,0.8589098749798723,0.8367566669476219,99.0,100.0,6.59
duckdb_iceberg_rest,warm,L0,daily,nearest_approach,day,1 day,31,2,6.5,381713,541,0.142,1,5,1.6743303750020762,1.672608125000261,0.0088569946721825,1.6736340000061318,1.6581224579713307,0.0,100.0,6.6
duckdb_iceberg_rest,warm,L0,daily,position_interpolation,day,1 day,31,2,6.5,381713,541,0.142,1,5,0.5499277916581681,0.5501410831930116,0.0053125263866704,0.5493595830048434,0.5430372499977238,29.0,100.0,6.6
duckdb_iceberg_rest,warm,L0,daily,speed_profile,day,1 day,31,2,6.5,381713,541,0.142,1,5,0.7564494166484413,0.7568490749923512,0.0032791853757188,0.756255499960389,0.7529058750369586,35.9,100.0,6.6
duckdb_iceberg_rest,warm,L0,daily,both_ports,week,1 week,31,16,51.6,381713,1133,0.297,1,5,3.006232805297865,3.0044889247859827,0.0429635989968534,3.002350957947783,2.953236208006274,4.0,100.0,34.4
duckdb_iceberg_rest,warm,L0,daily,bounding_box,week,1 week,31,8,25.8,381713,3479,0.911,1,5,3.760424542007968,3.8103704001987353,0.1295239997866962,3.745756375021301,3.7321796669857576,79.09,100.0,27.82
duckdb_iceberg_rest,warm,L0,daily,clip_to_region,week,1 week,31,8,25.8,381713,3479,0.911,1,5,2.113929528005732,2.1235719334101306,0.0628732256453078,2.093682083999738,2.0665109580149874,622.0,100.0,27.82
duckdb_iceberg_rest,warm,L0,daily,collision,week,1 week,31,8,25.8,381713,3479,0.911,1,5,8.973302694328595,9.009703641606029,0.2662276599476908,8.995282999996562,8.721378458023537,264.0,100.0,27.82
duckdb_iceberg_rest,warm,L0,daily,encounter_zone,week,1 week,31,8,25.8,381713,3479,0.911,1,5,9.31835040265772,9.260106858192012,0.2346643712590448,9.40132420801092,8.904521832999308,343.0,100.0,27.82
duckdb_iceberg_rest,warm,L0,daily,fleet_summary,week,1 week,31,8,25.8,381713,3479,0.911,1,5,3.639203014007459,3.659726966789458,0.0798139797605613,3.6403630420099944,3.5861268749576993,21860.0,100.0,27.82
duckdb_iceberg_rest,warm,L0,daily,harbour_entry,week,1 week,31,8,25.8,381713,6827,1.789,1,5,3.745761568987897,3.746723457996268,0.0353718967278131,3.748971665976569,3.706997625005897,165.0,100.0,27.82
duckdb_iceberg_rest,warm,L0,daily,nearest_approach,week,1 week,31,8,25.8,381713,3479,0.911,1,5,10.975659833018048,10.91266214980278,0.3019864612657538,10.975244583038148,10.44210895895958,0.0,100.0,27.82
duckdb_iceberg_rest,warm,L0,daily,position_interpolation,week,1 week,31,8,25.8,381713,3479,0.911,1,5,2.113646667004408,2.1137382752029223,0.0507018857216317,2.1028082499979064,2.0573074590065517,26.0,100.0,27.82
duckdb_iceberg_rest,warm,L0,daily,speed_profile,week,1 week,31,8,25.8,381713,3479,0.911,1,5,3.7521843466868936,3.756484774814453,0.0784618719187278,3.7642024580272846,3.6697223340161145,39.7,100.0,27.82
duckdb_iceberg_rest,warm,L0X,daily,both_ports,hour,1 hour,31,2,6.5,381713,14,0.004,1,5,0.3812409723371577,0.3846663334057666,0.0167463624859022,0.3855265830061398,0.3684943750267848,4.0,100.0,6.14
duckdb_iceberg_rest,warm,L0X,daily,bounding_box,hour,1 hour,31,1,3.2,381713,115,0.03,1,5,0.3308057916777518,0.3307577581959776,0.0017327068047641,0.3302648750250228,0.3286412499728612,4.76,100.0,3.3
duckdb_iceberg_rest,warm,L0X,daily,clip_to_region,hour,1 hour,31,1,3.2,381713,115,0.03,1,5,0.3121031530123825,0.3123265083995648,0.0014164197235801,0.3120988750015385,0.3109816669602878,28.0,100.0,3.3
duckdb_iceberg_rest,warm,L0X,daily,collision,hour,1 hour,31,1,3.2,381713,115,0.03,1,5,0.3549391526612453,0.3549730833969079,0.0049702136751461,0.3546687079942785,0.3480142090120353,69.0,100.0,3.3
duckdb_iceberg_rest,warm,L0X,daily,encounter_zone,hour,1 hour,31,1,3.2,381713,115,0.03,1,5,0.3549247639797007,0.3557893249904736,0.0064457495912369,0.3547228340175934,0.3482012500171549,88.0,100.0,3.3
duckdb_iceberg_rest,warm,L0X,daily,fleet_summary,hour,1 hour,31,1,3.2,381713,115,0.03,1,5,0.3287732363484489,0.3282292334013618,0.002045516517461,0.328922958986368,0.3248112499713897,41.3,100.0,3.3
duckdb_iceberg_rest,warm,L0X,daily,harbour_entry,hour,1 hour,31,1,3.2,381713,115,0.03,1,5,0.4302658053347841,0.4302120413980447,0.003611454061587,0.4302235419745557,0.4250401249737479,56.0,100.0,3.3
duckdb_iceberg_rest,warm,L0X,daily,nearest_approach,hour,1 hour,31,1,3.2,381713,115,0.03,1,5,0.3612169306725263,0.3618862833944149,0.0020180249340975,0.3611229580128565,0.3603720829705708,11.0,100.0,3.3
duckdb_iceberg_rest,warm,L0X,daily,position_interpolation,hour,1 hour,31,1,3.2,381713,115,0.03,1,5,0.3232398333299595,0.3241136334021576,0.0026058103444291,0.32316000002902,0.32215795799857,18.0,100.0,3.3
duckdb_iceberg_rest,warm,L0X,daily,speed_profile,hour,1 hour,31,1,3.2,381713,115,0.03,1,5,0.3302790140151046,0.3303014250006527,0.0012355713967496,0.3298616670072078,0.3289522499544546,1.5,100.0,3.3
duckdb_iceberg_rest,warm,L0X,daily,both_ports,day,1 day,31,4,12.9,381713,174,0.046,1,5,0.6214378056853699,0.6210616834112443,0.0062214389086059,0.6221247499925084,0.6129540000110865,4.0,100.0,7.84
duckdb_iceberg_rest,warm,L0X,daily,bounding_box,day,1 day,31,2,6.5,381713,541,0.142,1,5,0.6334968193356568,0.6352297832025215,0.007278302037926,0.6342264160048217,0.6284600829822011,62.69,100.0,6.54
duckdb_iceberg_rest,warm,L0X,daily,clip_to_region,day,1 day,31,2,6.5,381713,541,0.142,1,5,0.4137624583284681,0.4135115416022017,0.0030914131821476,0.413856582948938,0.4088713750243187,115.0,100.0,6.54
duckdb_iceberg_rest,warm,L0X,daily,collision,day,1 day,31,2,6.5,381713,541,0.142,1,5,1.363426972355228,1.3666950750164688,0.0330421916481303,1.3603863749885932,1.3264688749914058,163.0,100.0,6.54
duckdb_iceberg_rest,warm,L0X,daily,encounter_zone,day,1 day,31,2,6.5,381713,541,0.142,1,5,1.395118541685709,1.3914347000070848,0.0172786791002433,1.3982397920335643,1.363590208988171,194.0,100.0,6.54
duckdb_iceberg_rest,warm,L0X,daily,fleet_summary,day,1 day,31,2,6.5,381713,541,0.142,1,5,0.6251039170116807,0.6245234834146686,0.0038848798160172,0.6250597090111114,0.6184740000171587,2840.5,100.0,6.54
duckdb_iceberg_rest,warm,L0X,daily,harbour_entry,day,1 day,31,2,6.5,381713,1090,0.286,1,5,0.7733290973507488,0.7736881002085283,0.0069644775539528,0.77059387502959,0.7661155000096187,99.0,100.0,6.54
duckdb_iceberg_rest,warm,L0X,daily,nearest_approach,day,1 day,31,2,6.5,381713,541,0.142,1,5,1.5405339863306533,1.5612805500044489,0.0614516019790682,1.5420662079704923,1.516312082996592,0.0,100.0,6.54
duckdb_iceberg_rest,warm,L0X,daily,position_interpolation,day,1 day,31,2,6.5,381713,541,0.142,1,5,0.4398800003303525,0.4406015335815027,0.0028060556796705,0.4391282920259982,0.438362791959662,29.0,100.0,6.54
duckdb_iceberg_rest,warm,L0X,daily,speed_profile,day,1 day,31,2,6.5,381713,541,0.142,1,5,0.6397489026809732,0.6403975749970414,0.0054148864246339,0.6389172920025885,0.6346000419580378,35.9,100.0,6.54
duckdb_iceberg_rest,warm,L0X,daily,both_ports,week,1 week,31,16,51.6,381713,1133,0.297,1,5,2.9027340003522113,2.908465508406516,0.0225504338223449,2.8967796249780804,2.8893830410088412,4.0,100.0,26.71
duckdb_iceberg_rest,warm,L0X,daily,bounding_box,week,1 week,31,8,25.8,381713,3479,0.911,1,5,3.6427220969926566,3.695330983202439,0.1816807011505816,3.5997562499833293,3.5597222080104984,79.09,100.0,22.9
duckdb_iceberg_rest,warm,L0X,daily,clip_to_region,week,1 week,31,8,25.8,381713,3479,0.911,1,5,2.0146807080018334,2.0243217331939376,0.0249258486086212,2.0131452920031734,2.00906708301045,622.0,100.0,22.9
duckdb_iceberg_rest,warm,L0X,daily,collision,week,1 week,31,8,25.8,381713,3479,0.911,1,5,9.27644143034316,9.230461949622258,0.3333749204417094,9.310284250008408,8.716725291043986,264.0,100.0,22.9
duckdb_iceberg_rest,warm,L0X,daily,encounter_zone,week,1 week,31,8,25.8,381713,3479,0.911,1,5,9.79631458335401,9.733702758408617,0.3787916550044303,9.72026208403986,9.141711624979507,343.0,100.0,22.9
duckdb_iceberg_rest,warm,L0X,daily,fleet_summary,week,1 week,31,8,25.8,381713,3479,0.911,1,5,3.483259430679027,3.5052083000075074,0.0520597606090373,3.480798917007633,3.478209374996368,21860.0,100.0,22.9
duckdb_iceberg_rest,warm,L0X,daily,harbour_entry,week,1 week,31,8,25.8,381713,6827,1.789,1,5,3.637129569678412,3.644440366816707,0.0182446099110019,3.638318334007636,3.6339808750199154,165.0,100.0,26.47
duckdb_iceberg_rest,warm,L0X,daily,nearest_approach,week,1 week,31,8,25.8,381713,3479,0.911,1,5,11.01187868065123,11.160384050186256,0.6324373006005038,11.02124262502184,10.585473917017223,0.0,100.0,22.9
duckdb_iceberg_rest,warm,L0X,daily,position_interpolation,week,1 week,31,8,25.8,381713,3479,0.911,1,5,2.0240537360077724,2.0610797166009434,0.0914723656935129,2.0229031670023687,2.009349250001833,26.0,100.0,22.9
duckdb_iceberg_rest,warm,L0X,daily,speed_profile,week,1 week,31,8,25.8,381713,3479,0.911,1,5,3.615681611001491,3.6519798583933154,0.0963078630721548,3.619481917005032,3.5911395419971086,39.7,100.0,22.9
duckdb_iceberg_rest,warm,L0Z,daily,both_ports,hour,1 hour,31,2,6.5,381713,14,0.004,1,5,0.3698161806678399,0.374142316787038,0.0226358265737384,0.3589559170068241,0.3568571249488741,4.0,100.0,5.05
duckdb_iceberg_rest,warm,L0Z,daily,bounding_box,hour,1 hour,31,1,3.2,381713,115,0.03,1,5,0.3042417776499254,0.3051768665900454,0.0033124076225789,0.3042335829813964,0.3022638749680482,4.76,100.0,2.84
duckdb_iceberg_rest,warm,L0Z,daily,clip_to_region,hour,1 hour,31,1,3.2,381713,115,0.03,1,5,0.2856519446941092,0.2861743750050664,0.002930049627256,0.2859077920438722,0.2832633329671807,28.0,100.0,2.84
duckdb_iceberg_rest,warm,L0Z,daily,collision,hour,1 hour,31,1,3.2,381713,115,0.03,1,5,0.3272459860115002,0.3286919248057529,0.0047578342640082,0.3274325830279849,0.3247517499839887,69.0,100.0,2.84
duckdb_iceberg_rest,warm,L0Z,daily,encounter_zone,hour,1 hour,31,1,3.2,381713,115,0.03,1,5,0.3305754999940594,0.3307224915828556,0.0013726949960761,0.3305963749880902,0.329212499957066,88.0,100.0,2.84
duckdb_iceberg_rest,warm,L0Z,daily,fleet_summary,hour,1 hour,31,1,3.2,381713,115,0.03,1,5,0.3016928609965059,0.3014978916035034,0.0036702023078337,0.301381749974098,0.2968758330098353,41.3,100.0,2.84
duckdb_iceberg_rest,warm,L0Z,daily,harbour_entry,hour,1 hour,31,1,3.2,381713,115,0.03,1,5,0.4257588476951544,0.4255616170237772,0.0033307113832363,0.4262687920127064,0.4208385830279439,56.0,100.0,2.76
duckdb_iceberg_rest,warm,L0Z,daily,nearest_approach,hour,1 hour,31,1,3.2,381713,115,0.03,1,5,0.3359401666869719,0.3360981332138181,0.001138202067072,0.3358335000229999,0.3348347499850206,11.0,100.0,2.84
duckdb_iceberg_rest,warm,L0Z,daily,position_interpolation,hour,1 hour,31,1,3.2,381713,115,0.03,1,5,0.2969166666346912,0.2969353499822318,0.0005632646280155,0.2967585839796811,0.2963009160012007,18.0,100.0,2.84
duckdb_iceberg_rest,warm,L0Z,daily,speed_profile,hour,1 hour,31,1,3.2,381713,115,0.03,1,5,0.3055873469954046,0.3060557082062587,0.0034325089759691,0.3067948750103824,0.302623042021878,1.5,100.0,2.84
duckdb_iceberg_rest,warm,L0Z,daily,both_ports,day,1 day,31,4,12.9,381713,174,0.046,1,5,0.6158659999879698,0.6159383584046736,0.0025847382401294,0.6160362079972401,0.6124209170229733,4.0,100.0,10.61
duckdb_iceberg_rest,warm,L0Z,daily,bounding_box,day,1 day,31,2,6.5,381713,541,0.142,1,5,0.6273546110023744,0.6315098081948236,0.0153679221678204,0.6269476249581203,0.6181391249992885,62.69,100.0,6.13
duckdb_iceberg_rest,warm,L0Z,daily,clip_to_region,day,1 day,31,2,6.5,381713,541,0.142,1,5,0.4148939863274184,0.4166571170091629,0.0094223730544376,0.4139705839916132,0.4065487920306623,115.0,100.0,6.13
duckdb_iceberg_rest,warm,L0Z,daily,collision,day,1 day,31,2,6.5,381713,541,0.142,1,5,1.346963124660154,1.3464523163973354,0.0172594968990495,1.3507612079847604,1.323775208031293,163.0,100.0,6.13
duckdb_iceberg_rest,warm,L0Z,daily,encounter_zone,day,1 day,31,2,6.5,381713,541,0.142,1,5,1.4191441110063654,1.4152644666144625,0.0285025504728504,1.41902095801197,1.3748406250379048,194.0,100.0,6.13
duckdb_iceberg_rest,warm,L0Z,daily,fleet_summary,day,1 day,31,2,6.5,381713,541,0.142,1,5,0.6241749303299002,0.6233747497899458,0.0067257939599211,0.6229560829815455,0.6142169579979964,2840.5,100.0,6.13
duckdb_iceberg_rest,warm,L0Z,daily,harbour_entry,day,1 day,31,2,6.5,381713,1090,0.286,1,5,0.7805362913253097,0.7859472747892141,0.0242029977252222,0.7733929579844698,0.7660579169751145,99.0,100.0,5.42
duckdb_iceberg_rest,warm,L0Z,daily,nearest_approach,day,1 day,31,2,6.5,381713,541,0.142,1,5,1.613093680663345,1.6372256333939732,0.1252075288976511,1.5684637919766828,1.5356857919832692,0.0,100.0,6.13
duckdb_iceberg_rest,warm,L0Z,daily,position_interpolation,day,1 day,31,2,6.5,381713,541,0.142,1,5,0.4636804026861985,0.4693124500103295,0.0184313963856067,0.4609657500404864,0.4552599579910747,29.0,100.0,6.13
duckdb_iceberg_rest,warm,L0Z,daily,speed_profile,day,1 day,31,2,6.5,381713,541,0.142,1,5,0.6483764163567685,0.6550286082201637,0.0218966271194745,0.6439280830090865,0.6392430840060115,35.9,100.0,6.13
duckdb_iceberg_rest,warm,L0Z,daily,both_ports,week,1 week,31,16,51.6,381713,1133,0.297,1,5,3.3022753886762075,3.294872524822131,0.0379762132473655,3.3193893330171704,3.2422535000368953,4.0,100.0,25.51
duckdb_iceberg_rest,warm,L0Z,daily,bounding_box,week,1 week,31,8,25.8,381713,3479,0.911,1,5,3.989952888980042,4.102469699992798,0.4019060270577673,3.96062470797915,3.775819375005085,79.09,100.0,24.9
duckdb_iceberg_rest,warm,L0Z,daily,clip_to_region,week,1 week,31,8,25.8,381713,3479,0.911,1,5,2.069287208316382,2.079287716583349,0.0428802848193034,2.0574578340165317,2.041359332972206,622.0,100.0,24.9
duckdb_iceberg_rest,warm,L0Z,daily,collision,week,1 week,31,8,25.8,381713,3479,0.911,1,5,9.26965261097454,9.254306099982932,0.1799284891143534,9.30885829095496,8.993063249974512,264.0,100.0,24.9
duckdb_iceberg_rest,warm,L0Z,daily,encounter_zone,week,1 week,31,8,25.8,381713,3479,0.911,1,5,10.925688610994255,10.670422333385796,0.6192820895381803,10.938028750009837,9.5677034999826,343.0,100.0,24.9
duckdb_iceberg_rest,warm,L0Z,daily,fleet_summary,week,1 week,31,8,25.8,381713,3479,0.911,1,5,3.528190750318269,3.5750433749868535,0.1288644580303219,3.524037208990194,3.490710415993817,21860.0,100.0,24.9
duckdb_iceberg_rest,warm,L0Z,daily,harbour_entry,week,1 week,31,8,25.8,381713,6827,1.789,1,5,3.6638318193533146,3.680653499998152,0.0702240714211258,3.655341000005137,3.6186412499519065,165.0,100.0,19.42
duckdb_iceberg_rest,warm,L0Z,daily,nearest_approach,week,1 week,31,8,25.8,381713,3479,0.911,1,5,11.779862652668577,11.882161791610995,0.5550043710756508,11.739249249978457,11.28531958302483,0.0,100.0,24.9
duckdb_iceberg_rest,warm,L0Z,daily,position_interpolation,week,1 week,31,8,25.8,381713,3479,0.911,1,5,2.0717393056644746,2.123923791607376,0.1301940217558376,2.070134917041287,2.0487941250321455,26.0,100.0,24.9
duckdb_iceberg_rest,warm,L0Z,daily,speed_profile,week,1 week,31,8,25.8,381713,3479,0.911,1,5,3.958270542013148,4.025016617006623,0.3558327104185658,3.864490709034726,3.680555958999321,39.7,100.0,24.9
duckdb_iceberg_rest,warm,L0H,daily,both_ports,hour,1 hour,31,2,6.5,381713,14,0.004,1,5,0.4506425003055483,0.447001858393196,0.0340272452135851,0.441639166965615,0.4017977910116315,4.0,100.0,3.29
duckdb_iceberg_rest,warm,L0H,daily,bounding_box,hour,1 hour,31,1,3.2,381713,115,0.03,1,5,0.2990393193128208,0.2987498499802313,0.0030437759841549,0.298207415966317,0.2946828339481726,4.76,100.0,2.69
duckdb_iceberg_rest,warm,L0H,daily,clip_to_region,hour,1 hour,31,1,3.2,381713,115,0.03,1,5,0.2785736803586284,0.2809882330242544,0.0062427004398512,0.2782112500281073,0.2771996660158038,28.0,100.0,2.69
duckdb_iceberg_rest,warm,L0H,daily,collision,hour,1 hour,31,1,3.2,381713,115,0.03,1,5,0.319545250327792,0.3215235751937143,0.0062636318065917,0.3177867920021526,0.3172928339918144,69.0,100.0,2.69
duckdb_iceberg_rest,warm,L0H,daily,encounter_zone,hour,1 hour,31,1,3.2,381713,115,0.03,1,5,0.3236352083234426,0.3241840917849913,0.0019187733157751,0.3236003339989111,0.3225126669858582,88.0,100.0,2.69
duckdb_iceberg_rest,warm,L0H,daily,fleet_summary,hour,1 hour,31,1,3.2,381713,115,0.03,1,5,0.2951434860005975,0.2953321000095457,0.0026657325970308,0.2941958750016056,0.2922672500135377,41.3,100.0,2.69
duckdb_iceberg_rest,warm,L0H,daily,harbour_entry,hour,1 hour,31,1,3.2,381713,115,0.03,1,5,0.4012382916407659,0.4004445999860763,0.0069800633255296,0.402578082983382,0.3905847080168314,56.0,100.0,2.58
duckdb_iceberg_rest,warm,L0H,daily,nearest_approach,hour,1 hour,31,1,3.2,381713,115,0.03,1,5,0.3311320000211708,0.3335663082078099,0.0087839284138124,0.3312037920113653,0.3264589579775929,11.0,100.0,2.69
duckdb_iceberg_rest,warm,L0H,daily,position_interpolation,hour,1 hour,31,1,3.2,381713,115,0.03,1,5,0.2907258196889112,0.2902156583964824,0.0014391620700241,0.2908703340217471,0.2877097499440424,18.0,100.0,2.69
duckdb_iceberg_rest,warm,L0H,daily,speed_profile,hour,1 hour,31,1,3.2,381713,115,0.03,1,5,0.2961502499917212,0.2973067915881984,0.0034931624555513,0.2959972079843282,0.2947170829866081,1.5,100.0,2.69
duckdb_iceberg_rest,warm,L0H,daily,both_ports,day,1 day,31,4,12.9,381713,174,0.046,1,5,0.675626500005213,0.680690941598732,0.0318533579064357,0.6747776250122115,0.6501424579764716,4.0,100.0,8.31
duckdb_iceberg_rest,warm,L0H,daily,bounding_box,day,1 day,31,2,6.5,381713,541,0.142,1,5,0.7277381946526779,0.7294504585908725,0.0258259409842577,0.720751625020057,0.7009395000059158,62.69,100.0,5.79
duckdb_iceberg_rest,warm,L0H,daily,clip_to_region,day,1 day,31,2,6.5,381713,541,0.142,1,5,0.4358935973335368,0.4400430749985389,0.0156627255072339,0.4367951669846661,0.4269517920329235,115.0,100.0,5.79
duckdb_iceberg_rest,warm,L0H,daily,collision,day,1 day,31,2,6.5,381713,541,0.142,1,5,1.3879032223291383,1.403441824996844,0.0816580871823994,1.3917740840115584,1.3187762079760432,163.0,100.0,5.79
duckdb_iceberg_rest,warm,L0H,daily,encounter_zone,day,1 day,31,2,6.5,381713,541,0.142,1,5,1.4722387083650876,1.497867558419239,0.1289986126913332,1.432510833023116,1.3801364169921726,194.0,100.0,5.79
duckdb_iceberg_rest,warm,L0H,daily,fleet_summary,day,1 day,31,2,6.5,381713,541,0.142,1,5,0.6679542220081203,0.682228225003928,0.0767974755037683,0.6458577500307001,0.6117845840053633,2840.5,100.0,5.79
duckdb_iceberg_rest,warm,L0H,daily,harbour_entry,day,1 day,31,2,6.5,381713,1090,0.286,1,5,0.9372609023121186,0.9260663579916582,0.0933318507802173,0.9337316659511998,0.8022771250107326,99.0,100.0,5.19
duckdb_iceberg_rest,warm,L0H,daily,nearest_approach,day,1 day,31,2,6.5,381713,541,0.142,1,5,1.7634161110036075,1.754310208396055,0.0561488921449776,1.7615927910082974,1.672107624995988,0.0,100.0,5.79
duckdb_iceberg_rest,warm,L0H,daily,position_interpolation,day,1 day,31,2,6.5,381713,541,0.142,1,5,0.4661580003254736,0.4758734668022953,0.0371515211700411,0.4572192499763332,0.4477440420305356,29.0,100.0,5.79
duckdb_iceberg_rest,warm,L0H,daily,speed_profile,day,1 day,31,2,6.5,381713,541,0.142,1,5,0.7365245693363249,0.7431803665938788,0.0377359883692804,0.7323798749712296,0.7029543329845183,35.9,100.0,5.79
duckdb_iceberg_rest,warm,L0H,daily,both_ports,week,1 week,31,16,51.6,381713,1133,0.297,1,5,3.207117166991035,3.2169886252027937,0.0387393876728617,3.205103291955311,3.185558542027138,4.0,100.0,23.4
duckdb_iceberg_rest,warm,L0H,daily,bounding_box,week,1 week,31,8,25.8,381713,3479,0.911,1,5,4.043530542015408,4.082056091818958,0.5409534588188452,3.854698791983538,3.564576916047372,79.09,100.0,21.39
duckdb_iceberg_rest,warm,L0H,daily,clip_to_region,week,1 week,31,8,25.8,381713,3479,0.911,1,5,2.033798624683792,2.038070958212484,0.0338849448530813,2.0247093330253847,2.007393417006824,622.0,100.0,21.39
duckdb_iceberg_rest,warm,L0H,daily,collision,week,1 week,31,8,25.8,381713,3479,0.911,1,5,10.823277375020552,10.628261425020174,0.612591285833955,10.84558962500887,9.557298250030726,264.0,100.0,21.39
duckdb_iceberg_rest,warm,L0H,daily,encounter_zone,week,1 week,31,8,25.8,381713,3479,0.911,1,5,9.55176415265305,9.570249408390373,0.1816017799485281,9.527231667016167,9.365446334006265,343.0,100.0,21.39
duckdb_iceberg_rest,warm,L0H,daily,fleet_summary,week,1 week,31,8,25.8,381713,3479,0.911,1,5,3.5354250833430947,3.5814890166046096,0.1198818547517924,3.53670716600027,3.508677333011292,21860.0,100.0,21.39
duckdb_iceberg_rest,warm,L0H,daily,harbour_entry,week,1 week,31,8,25.8,381713,6827,1.789,1,5,3.6518903333344497,3.651573675009422,0.0290347191656754,3.6545081669464703,3.615623042045627,165.0,100.0,20.36
duckdb_iceberg_rest,warm,L0H,daily,nearest_approach,week,1 week,31,8,25.8,381713,3479,0.911,1,5,12.527750680339524,12.39363591640722,1.3547785319121497,13.087415333022363,10.73021491599502,0.0,100.0,21.39
duckdb_iceberg_rest,warm,L0H,daily,position_interpolation,week,1 week,31,8,25.8,381713,3479,0.911,1,5,2.0947803743183613,2.1605351079953836,0.1710089180962008,2.076206665951758,2.057836916996166,26.0,100.0,21.39
duckdb_iceberg_rest,warm,L0H,daily,speed_profile,week,1 week,31,8,25.8,381713,3479,0.911,1,5,3.671528930348965,3.714048333209939,0.1211376591806718,3.653134333027992,3.633861791982781,39.7,100.0,21.39
duckdb_iceberg_rest,warm,L1_daily,daily,both_ports,hour,1 hour,496,32,6.5,381713,14,0.004,1,5,0.3682388056768104,0.369376075011678,0.0038712983234571,0.3675551670021377,0.3662295000394806,4.0,100.0,4.15
duckdb_iceberg_rest,warm,L1_daily,daily,bounding_box,hour,1 hour,496,16,3.2,381713,115,0.03,1,5,0.2444672083171705,0.2418939917813986,0.0149134157379193,0.2451974579598754,0.2197719999821856,4.76,100.0,3.36
duckdb_iceberg_rest,warm,L1_daily,daily,clip_to_region,hour,1 hour,496,16,3.2,381713,115,0.03,1,5,0.1971862780046649,0.1971658750087954,0.007735781148872,0.1946611250168644,0.1883040000102482,28.0,100.0,3.36
duckdb_iceberg_rest,warm,L1_daily,daily,collision,hour,1 hour,496,16,3.2,381713,115,0.03,1,5,0.2918907640269026,0.2951007168157957,0.0129745724072532,0.2929234580369666,0.2840533750131726,69.0,100.0,3.36
duckdb_iceberg_rest,warm,L1_daily,daily,encounter_zone,hour,1 hour,496,16,3.2,381713,115,0.03,1,5,0.2753308753211361,0.2754337084013968,0.0025290529178526,0.2746346670319326,0.2723321660305373,88.0,100.0,3.36
duckdb_iceberg_rest,warm,L1_daily,daily,fleet_summary,hour,1 hour,496,16,3.2,381713,115,0.03,1,5,0.2124884860046828,0.2164569331915117,0.0151680171830337,0.2125652499962598,0.2041707499884069,41.3,100.0,3.36
duckdb_iceberg_rest,warm,L1_daily,daily,harbour_entry,hour,1 hour,496,16,3.2,381713,115,0.03,1,5,0.3287797776865773,0.3289887498132884,0.0018754805869031,0.3287500000442378,0.3267393750138581,56.0,100.0,3.36
duckdb_iceberg_rest,warm,L1_daily,daily,nearest_approach,hour,1 hour,496,16,3.2,381713,115,0.03,1,5,0.2423335136457657,0.2439089331892319,0.0080748538977665,0.2382264159969054,0.2379322920460254,11.0,100.0,3.36
duckdb_iceberg_rest,warm,L1_daily,daily,position_interpolation,hour,1 hour,496,16,3.2,381713,115,0.03,1,5,0.1991068753413856,0.1986615166068077,0.0038547732278754,0.1994797500083223,0.193283665983472,18.0,100.0,3.36
duckdb_iceberg_rest,warm,L1_daily,daily,speed_profile,hour,1 hour,496,16,3.2,381713,115,0.03,1,5,0.2145737919878835,0.2162388835917227,0.0121448131973699,0.2094527920125983,0.2059298329986632,1.5,100.0,3.36
duckdb_iceberg_rest,warm,L1_daily,daily,both_ports,day,1 day,496,64,12.9,381713,174,0.046,1,5,0.7643613749921011,0.7644538666005246,0.0099812987241553,0.7630144580034539,0.7534289580071345,4.0,100.0,6.6
duckdb_iceberg_rest,warm,L1_daily,daily,bounding_box,day,1 day,496,32,6.5,381713,541,0.142,1,5,0.7286555966711603,0.729365874803625,0.0906905997775295,0.7273802909767255,0.6305937090073712,62.69,100.0,6.6
duckdb_iceberg_rest,warm,L1_daily,daily,clip_to_region,day,1 day,496,32,6.5,381713,541,0.142,1,5,0.4310188610106706,0.4322783498093486,0.0049204119046636,0.4319366670097224,0.4280522909830324,115.0,100.0,6.6
duckdb_iceberg_rest,warm,L1_daily,daily,collision,day,1 day,496,32,6.5,381713,541,0.142,1,5,1.5994701669939484,1.5743773667956702,0.1373848042032013,1.6255332499858923,1.366239625029266,163.0,100.0,6.6
duckdb_iceberg_rest,warm,L1_daily,daily,encounter_zone,day,1 day,496,32,6.5,381713,541,0.142,1,5,1.605752610989536,1.5907287831883878,0.1510333993961641,1.682185499987099,1.407268499955535,194.0,100.0,6.6
duckdb_iceberg_rest,warm,L1_daily,daily,fleet_summary,day,1 day,496,32,6.5,381713,541,0.142,1,5,0.6130744306331811,0.6139953499776312,0.0046626796472358,0.6124841249547899,0.6098166669835337,2840.5,100.0,6.6
duckdb_iceberg_rest,warm,L1_daily,daily,harbour_entry,day,1 day,496,32,6.5,381713,1090,0.286,1,5,0.8216954719973728,0.8239083166001364,0.0065538317527014,0.8219599159783684,0.8190667500020936,99.0,100.0,6.6
duckdb_iceberg_rest,warm,L1_daily,daily,nearest_approach,day,1 day,496,32,6.5,381713,541,0.142,1,5,1.7845945413573645,1.7699235914158635,0.096990576215863,1.770809416018892,1.6241192500456236,0.0,100.0,6.6
duckdb_iceberg_rest,warm,L1_daily,daily,position_interpolation,day,1 day,496,32,6.5,381713,541,0.142,1,5,0.4689510280149989,0.4783423000131733,0.0366757992596428,0.467616125009954,0.4462642080034129,29.0,100.0,6.6
duckdb_iceberg_rest,warm,L1_daily,daily,speed_profile,day,1 day,496,32,6.5,381713,541,0.142,1,5,0.6490682226528103,0.6549892253940925,0.0232918844866187,0.6465992919984274,0.6348127090022899,35.9,100.0,6.6
duckdb_iceberg_rest,warm,L1_daily,daily,both_ports,week,1 week,496,256,51.6,381713,1133,0.297,1,5,3.526326680672355,3.5224230668041856,0.01622855938255,3.522643500007689,3.4967178750084713,4.0,100.0,27.81
duckdb_iceberg_rest,warm,L1_daily,daily,bounding_box,week,1 week,496,128,25.8,381713,3479,0.911,1,5,4.614946083340328,4.503445141797419,0.394502821048717,4.65336891595507,3.8406323340022936,79.09,100.0,27.82
duckdb_iceberg_rest,warm,L1_daily,daily,clip_to_region,week,1 week,496,128,25.8,381713,3479,0.911,1,5,2.1915549586410634,2.246086458582431,0.1774906785775659,2.1922375839785673,2.112242667004466,622.0,100.0,27.82
duckdb_iceberg_rest,warm,L1_daily,daily,collision,week,1 week,496,128,25.8,381713,3479,0.911,1,5,10.37477408365036,10.212142225180289,0.849929808317956,10.753984791983385,9.038732124958187,264.0,100.0,27.82
duckdb_iceberg_rest,warm,L1_daily,daily,encounter_zone,week,1 week,496,128,25.8,381713,3479,0.911,1,5,11.054674652676718,10.998816208203788,1.1482285857300594,11.39276845799759,9.643027874990366,343.0,100.0,27.82
duckdb_iceberg_rest,warm,L1_daily,daily,fleet_summary,week,1 week,496,128,25.8,381713,3479,0.911,1,5,3.8091578886766606,3.8000924416119233,0.1373495733756318,3.748982540972065,3.6303796250140294,21860.0,100.0,27.82
duckdb_iceberg_rest,warm,L1_daily,daily,harbour_entry,week,1 week,496,128,25.8,381713,6827,1.789,1,5,3.9340221809882983,3.93350060019875,0.0182552376589647,3.9392932089976966,3.9094230830087326,165.0,100.0,27.82
duckdb_iceberg_rest,warm,L1_daily,daily,nearest_approach,week,1 week,496,128,25.8,381713,3479,0.911,1,5,12.937364458358692,12.828907175012864,0.6833343720920573,13.154549500031862,11.821129916992504,0.0,100.0,27.82
duckdb_iceberg_rest,warm,L1_daily,daily,position_interpolation,week,1 week,496,128,25.8,381713,3479,0.911,1,5,2.0848919863152937,2.1447181585943325,0.1400900873244125,2.077422249945812,2.0743972919881344,26.0,100.0,27.82
duckdb_iceberg_rest,warm,L1_daily,daily,speed_profile,week,1 week,496,128,25.8,381713,3479,0.911,1,5,3.718209527335906,3.771971866395325,0.1828480084568493,3.705525541037787,3.631099041958805,39.7,100.0,27.82
duckdb_iceberg_rest,warm,L2_daily,daily,both_ports,hour,1 hour,4154,4,0.1,6749935,9,0.0,1,5,0.2061147079997075,0.2096855332027189,0.0127679227079833,0.2044248330057598,0.1987428750144317,2.0,100.0,0.11
duckdb_iceberg_rest,warm,L2_daily,daily,bounding_box,hour,1 hour,4154,5,0.1,6749935,213,0.003,1,5,0.0925527913301872,0.0925992747885175,0.001898690349862,0.0926806250354275,0.0905479159555397,0.03,100.0,0.27
duckdb_iceberg_rest,warm,L2_daily,daily,clip_to_region,hour,1 hour,4154,5,0.1,6749935,213,0.003,1,5,0.0796581939988148,0.0798852081992663,0.0010544254678392,0.0798211250221356,0.0788302499568089,27.0,100.0,0.27
duckdb_iceberg_rest,warm,L2_daily,daily,collision,hour,1 hour,4154,5,0.1,6749935,213,0.003,1,5,0.1057765973382629,0.1057916585938073,0.0005400828677459,0.1057719999807886,0.1050797089701518,60.0,100.0,0.27
duckdb_iceberg_rest,warm,L2_daily,daily,encounter_zone,hour,1 hour,4154,5,0.1,6749935,213,0.003,1,5,0.1077575973467901,0.1073180584004148,0.0017626658021779,0.1074454160407185,0.1044224579818546,75.0,100.0,0.27
duckdb_iceberg_rest,warm,L2_daily,daily,fleet_summary,hour,1 hour,4154,5,0.1,6749935,213,0.003,1,5,0.0889856669818982,0.0890095835900865,0.0007751435188881,0.088733083975967,0.0880528329871594,6.3,100.0,0.27
duckdb_iceberg_rest,warm,L2_daily,daily,harbour_entry,hour,1 hour,4154,2,0.0,6749935,72,0.001,1,5,0.1613009996556987,0.1613196331891231,0.0022876143716987,0.1608432909706607,0.1582850419799797,56.0,100.0,0.23
duckdb_iceberg_rest,warm,L2_daily,daily,nearest_approach,hour,1 hour,4154,5,0.1,6749935,213,0.003,1,5,0.1149683749730077,0.1149345249868929,0.0004920927316594,0.1147969999583438,0.1142847500159405,11.0,100.0,0.27
duckdb_iceberg_rest,warm,L2_daily,daily,position_interpolation,hour,1 hour,4154,5,0.1,6749935,213,0.003,1,5,0.0884121529719171,0.0883158833836205,0.0010014859860247,0.0887312919949181,0.0871004580403678,17.0,100.0,0.27
duckdb_iceberg_rest,warm,L2_daily,daily,speed_profile,hour,1 hour,4154,5,0.1,6749935,213,0.003,1,5,0.0895403330214321,0.089907008013688,0.0010780012406559,0.0894674580194987,0.0891210410045459,1.4,100.0,0.27
duckdb_iceberg_rest,warm,L2_daily,daily,both_ports,day,1 day,4154,12,0.3,6749935,171,0.003,1,5,0.1879900836502201,0.1882854833849706,0.0023849067522452,0.1881819590344093,0.1854457499575801,4.0,100.0,0.21
duckdb_iceberg_rest,warm,L2_daily,daily,bounding_box,day,1 day,4154,12,0.3,6749935,4195,0.062,1,5,0.2458638050205384,0.2457230748143047,0.0035771438442504,0.2467341659939848,0.2410913750063628,60.22,100.0,0.55
duckdb_iceberg_rest,warm,L2_daily,daily,clip_to_region,day,1 day,4154,12,0.3,6749935,4195,0.062,1,5,0.1487919306770588,0.1489624002133496,0.0030560230252243,0.1500929170288145,0.145555916999001,113.0,100.0,0.55
duckdb_iceberg_rest,warm,L2_daily,daily,collision,day,1 day,4154,12,0.3,6749935,4195,0.062,1,5,0.6780271110086081,0.6865603000042029,0.0368166460940299,0.6759313750080764,0.6557444589561783,163.0,100.0,0.55
duckdb_iceberg_rest,warm,L2_daily,daily,encounter_zone,day,1 day,4154,12,0.3,6749935,4195,0.062,1,5,0.8342613056496097,0.8376859499956482,0.0336777647544332,0.8231988750048913,0.802062000031583,193.0,100.0,0.55
duckdb_iceberg_rest,warm,L2_daily,daily,fleet_summary,day,1 day,4154,12,0.3,6749935,4195,0.062,1,5,0.2664959863371526,0.2660976500017568,0.0147643212010236,0.2669487920356914,0.2477133329957723,2756.6,100.0,0.55
duckdb_iceberg_rest,warm,L2_daily,daily,harbour_entry,day,1 day,4154,4,0.1,6749935,2407,0.036,1,5,0.2991763749935974,0.3029640581924468,0.0097449538402997,0.2987944170017726,0.2970025410177186,95.0,100.0,0.46
duckdb_iceberg_rest,warm,L2_daily,daily,nearest_approach,day,1 day,4154,12,0.3,6749935,4195,0.062,1,5,0.9706928193336352,0.9709347415948286,0.0464852231426399,0.9712501660105772,0.9057200829847716,0.0,100.0,0.55
duckdb_iceberg_rest,warm,L2_daily,daily,position_interpolation,day,1 day,4154,12,0.3,6749935,4195,0.062,1,5,0.1741250553168356,0.1744794497848488,0.0071937467933742,0.1725620829965919,0.1668698749854229,29.0,100.0,0.55
duckdb_iceberg_rest,warm,L2_daily,daily,speed_profile,day,1 day,4154,12,0.3,6749935,4195,0.062,1,5,0.2437165139902693,0.2438574415980838,0.0031576265764957,0.2451136250165291,0.2404206659994088,34.7,100.0,0.55
duckdb_iceberg_rest,warm,L2_daily,daily,both_ports,week,1 week,4154,52,1.3,6749935,1130,0.017,1,5,0.2030027083625706,0.2031754166237078,0.003159733793674,0.2024604160105809,0.1993401250219904,4.0,100.0,0.99
duckdb_iceberg_rest,warm,L2_daily,daily,bounding_box,week,1 week,4154,51,1.2,6749935,30805,0.456,1,5,1.374555319334225,1.3752830666024238,0.0557282238713571,1.3977519170148298,1.3102671669912525,79.1,100.0,2.44
duckdb_iceberg_rest,warm,L2_daily,daily,clip_to_region,week,1 week,4154,51,1.2,6749935,30805,0.456,1,5,0.6540116806669781,0.6543124918011017,0.0042474774215376,0.6557985420222394,0.6496904999949038,620.0,100.0,2.44
duckdb_iceberg_rest,warm,L2_daily,daily,collision,week,1 week,4154,51,1.2,6749935,30805,0.456,1,5,4.669408569345251,4.707074658211786,0.5321171154918244,4.519931874994654,4.224792791996151,263.0,100.0,2.44
duckdb_iceberg_rest,warm,L2_daily,daily,encounter_zone,week,1 week,4154,51,1.2,6749935,30805,0.456,1,5,4.929115263997422,4.902567741589155,0.4383261378285381,5.169818875030614,4.409024124965072,342.0,100.0,2.44
duckdb_iceberg_rest,warm,L2_daily,daily,fleet_summary,week,1 week,4154,51,1.2,6749935,30805,0.456,1,5,1.2570292083352494,1.2592179749975911,0.043139069794167,1.2552890829974783,1.2145041250041686,21721.0,100.0,2.44
duckdb_iceberg_rest,warm,L2_daily,daily,harbour_entry,week,1 week,4154,20,0.5,6749935,16263,0.241,1,5,1.0080073753294223,1.0093382751918398,0.0420888851707297,1.0006170840351842,0.9633506659884006,165.0,100.0,1.88
duckdb_iceberg_rest,warm,L2_daily,daily,nearest_approach,week,1 week,4154,51,1.2,6749935,30805,0.456,1,5,6.713194805663079,6.596652433392592,0.3549413689549165,6.731752125022467,5.980614250001963,0.0,100.0,2.44
duckdb_iceberg_rest,warm,L2_daily,daily,position_interpolation,week,1 week,4154,51,1.2,6749935,30805,0.456,1,5,0.7088664583279751,0.7087393415975385,0.0282631547762974,0.7132596670417115,0.6723402499919757,26.0,100.0,2.44
duckdb_iceberg_rest,warm,L2_daily,daily,speed_profile,week,1 week,4154,51,1.2,6749935,30805,0.456,1,5,1.368589513663513,1.3768096665968188,0.0513690387151501,1.369408749975264,1.327134000021033,39.6,100.0,2.44
duckdb_iceberg_rest,warm,L3_daily,daily,both_ports,hour,1 hour,4133,4,0.1,8232719,15,0.0,1,5,0.2055590830277651,0.2040069332229905,0.0072059396453131,0.2045078750234097,0.1923114590463228,1.0,100.0,0.11
duckdb_iceberg_rest,warm,L3_daily,daily,bounding_box,hour,1 hour,4133,5,0.1,8232719,316,0.004,1,5,0.1113962780024546,0.1111256085918284,0.0025779906978011,0.1115130420075729,0.1077235839911736,0.01,100.0,0.27
duckdb_iceberg_rest,warm,L3_daily,daily,clip_to_region,hour,1 hour,4133,5,0.1,8232719,316,0.004,1,5,0.0821742083644494,0.0825107584125362,0.0023579162624819,0.082414417003747,0.0797992919688113,27.0,100.0,0.27
duckdb_iceberg_rest,warm,L3_daily,daily,collision,hour,1 hour,4133,5,0.1,8232719,316,0.004,1,5,0.1056347223347984,0.1075912085943855,0.0055535010996511,0.1053739589988254,0.1036617089994251,59.0,100.0,0.27
duckdb_iceberg_rest,warm,L3_daily,daily,encounter_zone,hour,1 hour,4133,5,0.1,8232719,316,0.004,1,5,0.1078795556483479,0.1083511165808886,0.0028285988254496,0.1078256249893456,0.1051807499607093,74.0,100.0,0.27
duckdb_iceberg_rest,warm,L3_daily,daily,fleet_summary,hour,1 hour,4133,5,0.1,8232719,316,0.004,1,5,0.084781236325701,0.084510541812051,0.0011927414076748,0.0845051250071264,0.0826175000402145,4.4,100.0,0.27
duckdb_iceberg_rest,warm,L3_daily,daily,harbour_entry,hour,1 hour,4133,2,0.0,8232719,55,0.001,1,5,0.1515705553465522,0.1517065832042135,0.0007005059710614,0.1515113750356249,0.1510864999727346,54.0,100.0,0.23
duckdb_iceberg_rest,warm,L3_daily,daily,nearest_approach,hour,1 hour,4133,5,0.1,8232719,316,0.004,1,5,0.1084041663367922,0.1084243248100392,0.0011543056511673,0.1086102499975822,0.106941458012443,12.0,100.0,0.27
duckdb_iceberg_rest,warm,L3_daily,daily,position_interpolation,hour,1 hour,4133,5,0.1,8232719,316,0.004,1,5,0.0840393333346583,0.084030366607476,0.0002818622603437,0.0840633750194683,0.0836777910008095,17.0,100.0,0.27
duckdb_iceberg_rest,warm,L3_daily,daily,speed_profile,hour,1 hour,4133,5,0.1,8232719,316,0.004,1,5,0.0845292359978581,0.083892541588284,0.0020499696852813,0.0845007079769857,0.0803382499725557,1.4,100.0,0.27
duckdb_iceberg_rest,warm,L3_daily,daily,both_ports,day,1 day,4133,12,0.3,8232719,320,0.004,1,5,0.1777481810034563,0.1790856420062482,0.0044803514563534,0.1781031669816002,0.1754513750202022,4.0,100.0,0.22
duckdb_iceberg_rest,warm,L3_daily,daily,bounding_box,day,1 day,4133,12,0.3,8232719,4848,0.059,1,5,0.2261012219823897,0.226288949791342,0.0022219337776399,0.2257590409717522,0.2241940409876406,60.76,100.0,0.55
duckdb_iceberg_rest,warm,L3_daily,daily,clip_to_region,day,1 day,4133,12,0.3,8232719,4848,0.059,1,5,0.1406494446564465,0.1406310501974076,0.000989299633772,0.140663250000216,0.1394307499867864,112.0,100.0,0.55
duckdb_iceberg_rest,warm,L3_daily,daily,collision,day,1 day,4133,12,0.3,8232719,4848,0.059,1,5,0.7143400416825898,0.7071764334104955,0.0553696140364247,0.7304503750056028,0.6352607500157319,162.0,100.0,0.55
duckdb_iceberg_rest,warm,L3_daily,daily,encounter_zone,day,1 day,4133,12,0.3,8232719,4848,0.059,1,5,0.8300762219975392,0.8292876248015091,0.0277086472172494,0.8307741659809835,0.7913796250359155,193.0,100.0,0.55
duckdb_iceberg_rest,warm,L3_daily,daily,fleet_summary,day,1 day,4133,12,0.3,8232719,4848,0.059,1,5,0.224486180988606,0.2256587169948034,0.0083322181374988,0.2223109999904409,0.2168572089867666,2632.3,100.0,0.55
duckdb_iceberg_rest,warm,L3_daily,daily,harbour_entry,day,1 day,4133,4,0.1,8232719,4669,0.057,1,5,0.2692546246689744,0.26967949999962,0.0045991314014367,0.2698580829892307,0.2648981669917702,95.0,100.0,0.46
duckdb_iceberg_rest,warm,L3_daily,daily,nearest_approach,day,1 day,4133,12,0.3,8232719,4848,0.059,1,5,1.0040135000017472,0.9933443082030864,0.0740767001043403,0.9803868330200204,0.8851610830170102,0.0,100.0,0.55
duckdb_iceberg_rest,warm,L3_daily,daily,position_interpolation,day,1 day,4133,12,0.3,8232719,4848,0.059,1,5,0.1699340280028991,0.1692795502138324,0.0076167111988666,0.1712222080095671,0.1584757500095293,28.0,100.0,0.55
duckdb_iceberg_rest,warm,L3_daily,daily,speed_profile,day,1 day,4133,12,0.3,8232719,4848,0.059,1,5,0.2305529583245515,0.231184683192987,0.0027465805133977,0.2306126250186935,0.2287851659930311,35.3,100.0,0.55
duckdb_iceberg_rest,warm,L3_daily,daily,both_ports,week,1 week,4133,52,1.3,8232719,2084,0.025,1,5,0.1960104859705704,0.1962470415746793,0.0024259845131735,0.1967655419721268,0.1935767499962821,4.0,100.0,0.99
duckdb_iceberg_rest,warm,L3_daily,daily,bounding_box,week,1 week,4133,51,1.2,8232719,37934,0.461,1,5,1.3711617086664774,1.368031958595384,0.0834363205659755,1.3613469999982044,1.2475887089967728,79.03,100.0,2.44
duckdb_iceberg_rest,warm,L3_daily,daily,clip_to_region,week,1 week,4133,51,1.2,8232719,37934,0.461,1,5,0.703158236341551,0.7022603083983995,0.0413340498664333,0.7139786250190809,0.6582894159946591,620.0,100.0,2.44
duckdb_iceberg_rest,warm,L3_daily,daily,collision,week,1 week,4133,51,1.2,8232719,37934,0.461,1,5,4.774378125342385,4.803824667015578,0.4042189524531008,4.627497666981071,4.440033417020459,263.0,100.0,2.44
duckdb_iceberg_rest,warm,L3_daily,daily,encounter_zone,week,1 week,4133,51,1.2,8232719,37934,0.461,1,5,4.961233555339277,4.979895541409496,0.3657129557160261,4.7887442909996025,4.589871249976568,342.0,100.0,2.44
duckdb_iceberg_rest,warm,L3_daily,daily,fleet_summary,week,1 week,4133,51,1.2,8232719,37934,0.461,1,5,1.1501056109943115,1.1630245581967755,0.0305788315992574,1.150511124986224,1.147215957986191,20754.2,100.0,2.44
duckdb_iceberg_rest,warm,L3_daily,daily,harbour_entry,week,1 week,4133,20,0.5,8232719,30157,0.366,1,5,1.0383907780245256,1.0312288502114826,0.047144822416427,1.0315407090238295,0.9641553750261664,165.0,100.0,1.88
duckdb_iceberg_rest,warm,L3_daily,daily,nearest_approach,week,1 week,4133,51,1.2,8232719,37934,0.461,1,5,7.533584652973029,7.471053833386395,0.3194233347614838,7.489495166984852,6.986404625000432,0.0,100.0,2.44
duckdb_iceberg_rest,warm,L3_daily,daily,position_interpolation,week,1 week,4133,51,1.2,8232719,37934,0.461,1,5,0.6406372776643062,0.6387242499971763,0.0095656036271778,0.6391969170072116,0.6240127920173109,25.0,100.0,2.44
duckdb_iceberg_rest,warm,L3_daily,daily,speed_profile,week,1 week,4133,51,1.2,8232719,37934,0.461,1,5,1.2592698746399644,1.2600386497797444,0.0075490062896004,1.2603267499944195,1.251102791982703,39.0,100.0,2.44
duckdb_iceberg_rest,warm,L4_daily,daily,both_ports,hour,1 hour,744,16,2.2,672860,7,0.001,1,5,0.0568135276747246,0.0564841500134207,0.00160925382116,0.0570176250184886,0.0539032500237226,1.0,100.0,3.01
duckdb_iceberg_rest,warm,L4_daily,daily,bounding_box,hour,1 hour,744,9,1.2,672860,69,0.01,1,5,0.137029639018389,0.1383504666155204,0.0057150280793215,0.1345025000046007,0.1340943750110454,4.76,100.0,1.34
duckdb_iceberg_rest,warm,L4_daily,daily,clip_to_region,hour,1 hour,744,9,1.2,672860,69,0.01,1,5,0.1174314720168088,0.1187730416073463,0.0063478429818281,0.1178174160304479,0.1130878339754417,28.0,100.0,1.34
duckdb_iceberg_rest,warm,L4_daily,daily,collision,hour,1 hour,744,9,1.2,672860,69,0.01,1,5,0.1494894580100663,0.1500422664103098,0.0045081930401568,0.1493830420076847,0.1447890829876996,69.0,100.0,1.34
duckdb_iceberg_rest,warm,L4_daily,daily,encounter_zone,hour,1 hour,744,9,1.2,672860,69,0.01,1,5,0.1465468196741615,0.1466874000034295,0.0015906338024486,0.146065917040687,0.1448951659840531,88.0,100.0,1.34
duckdb_iceberg_rest,warm,L4_daily,daily,fleet_summary,hour,1 hour,744,9,1.2,672860,69,0.01,1,5,0.1248428473287883,0.1253533581970259,0.0019074172993369,0.1248127080034464,0.1236192910000681,41.3,100.0,1.34
duckdb_iceberg_rest,warm,L4_daily,daily,harbour_entry,hour,1 hour,744,8,1.1,672860,44,0.007,1,5,0.1491225830007655,0.1493935497943312,0.0017831399861412,0.1494327079853974,0.1476226670201867,43.0,100.0,1.61
duckdb_iceberg_rest,warm,L4_daily,daily,nearest_approach,hour,1 hour,744,9,1.2,672860,69,0.01,1,5,0.1679032499863145,0.1695478749927133,0.009853418668143,0.1639175409800373,0.1606839169980958,11.0,100.0,1.34
duckdb_iceberg_rest,warm,L4_daily,daily,position_interpolation,hour,1 hour,744,9,1.2,672860,69,0.01,1,5,0.1491470973317822,0.147404166997876,0.0097697988233936,0.1501394170336425,0.1333664589910768,18.0,100.0,1.34
duckdb_iceberg_rest,warm,L4_daily,daily,speed_profile,hour,1 hour,744,9,1.2,672860,69,0.01,1,5,0.1308168056420982,0.1306967083713971,0.003583709955968,0.1301789580029435,0.1262082909815944,1.5,100.0,1.34
duckdb_iceberg_rest,warm,L4_daily,daily,both_ports,day,1 day,744,62,8.3,672860,183,0.027,1,5,0.1974511386554998,0.1990338997915387,0.0060471199692745,0.1952900409814901,0.1945631660055369,4.0,100.0,6.96
duckdb_iceberg_rest,warm,L4_daily,daily,bounding_box,day,1 day,744,32,4.3,672860,614,0.091,1,5,0.353072611343426,0.3586432584095746,0.0327957879820441,0.3418861249811016,0.3278257499914616,62.69,100.0,4.55
duckdb_iceberg_rest,warm,L4_daily,daily,clip_to_region,day,1 day,744,32,4.3,672860,614,0.091,1,5,0.232725208683405,0.2336378168081864,0.0060821291931609,0.2321097920066677,0.2277099999482743,115.0,100.0,4.55
duckdb_iceberg_rest,warm,L4_daily,daily,collision,day,1 day,744,32,4.3,672860,614,0.091,1,5,0.8975557223505651,0.9017969000153244,0.0658132861104142,0.8690112920012325,0.8346372080268338,163.0,100.0,4.55
duckdb_iceberg_rest,warm,L4_daily,daily,encounter_zone,day,1 day,744,32,4.3,672860,614,0.091,1,5,0.961444750331187,0.9747409418108872,0.0334879193646397,0.9620668339775876,0.9550362910376862,194.0,100.0,4.55
duckdb_iceberg_rest,warm,L4_daily,daily,fleet_summary,day,1 day,744,32,4.3,672860,614,0.091,1,5,0.3208660970170361,0.3208592666080221,0.0094448027346036,0.3199690000037662,0.3086413330165669,2840.4,100.0,4.55
duckdb_iceberg_rest,warm,L4_daily,daily,harbour_entry,day,1 day,744,31,4.2,672860,1106,0.164,1,5,0.2932013886553856,0.2972281666006893,0.0189836168181716,0.2962277909973636,0.2787146670161746,95.0,100.0,4.84
duckdb_iceberg_rest,warm,L4_daily,daily,nearest_approach,day,1 day,744,32,4.3,672860,614,0.091,1,5,1.1228705000054713,1.1233224916039035,0.0697851185979796,1.1046835000161082,1.0511423330171965,0.0,100.0,4.55
duckdb_iceberg_rest,warm,L4_daily,daily,position_interpolation,day,1 day,744,32,4.3,672860,614,0.091,1,5,0.2748204026526461,0.2777084831846877,0.0235510002983256,0.2729688330437056,0.2510171670001,29.0,100.0,4.55
duckdb_iceberg_rest,warm,L4_daily,daily,speed_profile,day,1 day,744,32,4.3,672860,614,0.091,1,5,0.3507202360002945,0.351513650000561,0.0235852994428085,0.3497217500116676,0.3207567500066943,35.9,100.0,4.55
duckdb_iceberg_rest,warm,L4_daily,daily,both_ports,week,1 week,744,350,47.0,672860,1193,0.177,1,5,0.7463835836776221,0.7457851168001071,0.0134337206843859,0.7511011250317097,0.7290719999582507,4.0,100.0,27.01
duckdb_iceberg_rest,warm,L4_daily,daily,bounding_box,week,1 week,744,176,23.7,672860,4400,0.654,1,5,1.8198213610060825,1.8558312747976744,0.2515058720901653,1.7479852919932457,1.6220169580192303,79.09,100.0,25.79
duckdb_iceberg_rest,warm,L4_daily,daily,clip_to_region,week,1 week,744,176,23.7,672860,4400,0.654,1,5,1.0295325276674705,1.071434050006792,0.1038509508292235,1.0242844999884255,1.0131120420410298,622.0,100.0,25.79
duckdb_iceberg_rest,warm,L4_daily,daily,collision,week,1 week,744,176,23.7,672860,4400,0.654,1,5,6.8158554719993845,6.843161583389156,0.0973000833809944,6.7932322500273585,6.7684119589976035,264.0,100.0,25.79
duckdb_iceberg_rest,warm,L4_daily,daily,encounter_zone,week,1 week,744,176,23.7,672860,4400,0.654,1,5,6.740296514006332,6.725483891798649,0.3401700658529597,6.687586917018052,6.237217124958988,343.0,100.0,25.79
duckdb_iceberg_rest,warm,L4_daily,daily,fleet_summary,week,1 week,744,176,23.7,672860,4400,0.654,1,5,1.5383378473537352,1.5831025918130763,0.1132801663527172,1.5353215830400586,1.5160462920321152,21859.9,100.0,25.79
duckdb_iceberg_rest,warm,L4_daily,daily,harbour_entry,week,1 week,744,175,23.5,672860,7359,1.094,1,5,1.3364527916807372,1.3340471083996817,0.024687631724173,1.3311508750193752,1.2997725419700146,165.0,100.0,26.08
duckdb_iceberg_rest,warm,L4_daily,daily,nearest_approach,week,1 week,744,176,23.7,672860,4400,0.654,1,5,8.867922527346915,8.768434299807996,0.3079967264498426,8.87647829100024,8.230045959004201,0.0,100.0,25.79
duckdb_iceberg_rest,warm,L4_daily,daily,position_interpolation,week,1 week,744,176,23.7,672860,4400,0.654,1,5,1.0115557503304444,1.0375737917958758,0.0726170249111557,1.0002254589926451,0.9898129579960367,25.0,100.0,25.79
duckdb_iceberg_rest,warm,L4_daily,daily,speed_profile,week,1 week,744,176,23.7,672860,4400,0.654,1,5,1.8285047079940948,1.856337941403035,0.220171270548428,1.8451145410072056,1.5947655000491068,39.7,100.0,25.79
duckdb_iceberg_rest,warm,L1s,compact,both_ports,hour,1 hour,16,32,200.0,381713,14,0.004,1,5,0.7811684030069349,0.7803315668017603,0.0170543258047252,0.785392125020735,0.7610853749793023,4.0,100.0,90.53
duckdb_iceberg_rest,warm,L1s,compact,bounding_box,hour,1 hour,16,16,100.0,381713,115,0.03,1,5,0.6268959166676117,0.6369622833910398,0.0500891308716464,0.6171837919973768,0.5882120829774067,4.76,100.0,35.39
duckdb_iceberg_rest,warm,L1s,compact,clip_to_region,hour,1 hour,16,16,100.0,381713,115,0.03,1,5,0.5970370139887867,0.6043236249824986,0.0351322472177037,0.5992884999723174,0.5689279579673894,28.0,100.0,35.39
duckdb_iceberg_rest,warm,L1s,compact,collision,hour,1 hour,16,16,100.0,381713,115,0.03,1,5,0.6519022083375603,0.6590748416027055,0.0274116003079315,0.656687457987573,0.635749582957942,69.0,100.0,35.39
duckdb_iceberg_rest,warm,L1s,compact,encounter_zone,hour,1 hour,16,16,100.0,381713,115,0.03,1,5,0.6856658056882831,0.6885312918107956,0.0341860935986764,0.6707700830302201,0.6591561670065857,88.0,100.0,35.39
duckdb_iceberg_rest,warm,L1s,compact,fleet_summary,hour,1 hour,16,16,100.0,381713,115,0.03,1,5,0.6473174999894885,0.654795583197847,0.0466630355806435,0.6607414589961991,0.6086185830063187,41.3,100.0,35.39
duckdb_iceberg_rest,warm,L1s,compact,harbour_entry,hour,1 hour,16,16,100.0,381713,115,0.03,1,5,0.7462135830040401,0.7489808415994048,0.0237473071048477,0.7449207910103723,0.7205134169780649,56.0,100.0,86.5
duckdb_iceberg_rest,warm,L1s,compact,nearest_approach,hour,1 hour,16,16,100.0,381713,115,0.03,1,5,0.6861380280073112,0.6972946334164589,0.0387652285501489,0.680095584015362,0.6653336670133285,11.0,100.0,35.39
duckdb_iceberg_rest,warm,L1s,compact,position_interpolation,hour,1 hour,16,16,100.0,381713,115,0.03,1,5,0.61473104202499,0.6254613918135874,0.0325602581300422,0.6163168340572156,0.6015046249958687,18.0,100.0,35.39
duckdb_iceberg_rest,warm,L1s,compact,speed_profile,hour,1 hour,16,16,100.0,381713,115,0.03,1,5,0.6473975833311366,0.649854591791518,0.0246937875445994,0.6480127499671653,0.6192594169988297,1.5,100.0,35.39
duckdb_iceberg_rest,warm,L1s,compact,both_ports,day,1 day,16,32,200.0,381713,174,0.046,1,5,1.522941013992143,1.5339920501923188,0.0583070038132098,1.51838341698749,1.4796833749860523,4.0,100.0,87.59
duckdb_iceberg_rest,warm,L1s,compact,bounding_box,day,1 day,16,16,100.0,381713,541,0.142,1,5,1.4320093753437202,1.419498816796113,0.1227385404158678,1.415323959023226,1.2417721249512397,62.69,100.0,48.09
duckdb_iceberg_rest,warm,L1s,compact,clip_to_region,day,1 day,16,16,100.0,381713,541,0.142,1,5,1.033818805318636,1.0523315999889746,0.0805160265529544,1.014409750001505,0.9855292920256034,115.0,100.0,48.09
duckdb_iceberg_rest,warm,L1s,compact,collision,day,1 day,16,16,100.0,381713,541,0.142,1,5,2.4352692913186424,2.3863919997937044,0.2721659432282643,2.482664290990215,1.9852734999731183,163.0,100.0,48.09
duckdb_iceberg_rest,warm,L1s,compact,encounter_zone,day,1 day,16,16,100.0,381713,541,0.142,1,5,2.2142163333289013,2.24800501660211,0.1888546549883754,2.2572378750192,2.064285667031072,194.0,100.0,48.09
duckdb_iceberg_rest,warm,L1s,compact,fleet_summary,day,1 day,16,16,100.0,381713,541,0.142,1,5,1.1998815413292807,1.2556523747975006,0.1379023836212137,1.1902257080073468,1.177820166980382,2840.5,100.0,48.09
duckdb_iceberg_rest,warm,L1s,compact,harbour_entry,day,1 day,16,16,100.0,381713,1090,0.286,1,5,1.500262194351914,1.531964275019709,0.1009807069646971,1.5140511250356212,1.454269000038039,99.0,100.0,86.5
duckdb_iceberg_rest,warm,L1s,compact,nearest_approach,day,1 day,16,16,100.0,381713,541,0.142,1,5,2.387298458314035,2.4154169333865867,0.119058373242275,2.363592290959786,2.3058983749942854,0.0,100.0,48.09
duckdb_iceberg_rest,warm,L1s,compact,position_interpolation,day,1 day,16,16,100.0,381713,541,0.142,1,5,1.0542534163493351,1.0672803000197746,0.0754178512731249,1.039427749987226,0.9871079590520822,29.0,100.0,48.09
duckdb_iceberg_rest,warm,L1s,compact,speed_profile,day,1 day,16,16,100.0,381713,541,0.142,1,5,1.388999361331419,1.380280066805426,0.0436081938494827,1.3809879579930566,1.3111100420355797,35.9,100.0,48.09
duckdb_iceberg_rest,warm,L1s,compact,both_ports,week,1 week,16,32,200.0,381713,1133,0.297,1,5,4.522168541656963,4.524770541395992,0.0394992024244534,4.5342562919831835,4.4822180409682915,4.0,100.0,87.59
duckdb_iceberg_rest,warm,L1s,compact,bounding_box,week,1 week,16,16,100.0,381713,3479,0.911,1,5,5.1369180143422755,5.171340808609966,0.5157466507890959,5.273644166998565,4.614917541039176,79.09,100.0,67.15
duckdb_iceberg_rest,warm,L1s,compact,clip_to_region,week,1 week,16,16,100.0,381713,3479,0.911,1,5,2.690170083330789,2.7254997416050175,0.1293236704310491,2.6847187080420554,2.6113033330184408,622.0,100.0,67.15
duckdb_iceberg_rest,warm,L1s,compact,collision,week,1 week,16,16,100.0,381713,3479,0.911,1,5,11.675475666668111,11.410052558209282,0.850705354479614,11.685455792001449,9.95581354101887,264.0,100.0,67.15
duckdb_iceberg_rest,warm,L1s,compact,encounter_zone,week,1 week,16,16,100.0,381713,3479,0.911,1,5,11.729062333334392,11.7330921084038,0.6705423305307833,11.908604750002269,10.84700062504271,343.0,100.0,67.15
duckdb_iceberg_rest,warm,L1s,compact,fleet_summary,week,1 week,16,16,100.0,381713,3479,0.911,1,5,4.442597097309772,4.533822808379773,0.4913925153386185,4.512524124991614,4.013970249972772,21860.0,100.0,67.15
duckdb_iceberg_rest,warm,L1s,compact,harbour_entry,week,1 week,16,16,100.0,381713,6827,1.789,1,5,4.677214028022718,4.673453758412506,0.0306796115223286,4.677345917036291,4.626787125016563,165.0,100.0,86.5
duckdb_iceberg_rest,warm,L1s,compact,nearest_approach,week,1 week,16,16,100.0,381713,3479,0.911,1,5,13.706021680341411,13.490237258200068,1.228362931825304,14.17703508300474,11.791248249995988,0.0,100.0,67.15
duckdb_iceberg_rest,warm,L1s,compact,position_interpolation,week,1 week,16,16,100.0,381713,3479,0.911,1,5,2.640369222324807,2.6851540333940647,0.1401391739090399,2.626334250031505,2.5802389169693924,26.0,100.0,67.15
duckdb_iceberg_rest,warm,L1s,compact,speed_profile,week,1 week,16,16,100.0,381713,3479,0.911,1,5,4.569466638999681,4.566763408400584,0.3517238443306426,4.638697958027478,4.186750624969136,39.7,100.0,67.15
duckdb_iceberg_rest,warm,L2s,compact,both_ports,hour,1 hour,302,19,6.3,6749935,9,0.0,1,5,0.0435111526555071,0.0430959668010473,0.0027936053989076,0.0426866660127416,0.0391258340096101,2.0,100.0,0.55
duckdb_iceberg_rest,warm,L2s,compact,bounding_box,hour,1 hour,302,12,4.0,6749935,213,0.003,1,5,0.0666872773241872,0.0665890580043196,0.0007522041774024,0.0665674159536138,0.0654797500465065,0.03,100.0,0.39
duckdb_iceberg_rest,warm,L2s,compact,clip_to_region,hour,1 hour,302,12,4.0,6749935,213,0.003,1,5,0.0472212776464099,0.0469622081844136,0.0017955844443351,0.0475218329811468,0.0442785409977659,27.0,100.0,0.39
duckdb_iceberg_rest,warm,L2s,compact,collision,hour,1 hour,302,12,4.0,6749935,213,0.003,1,5,0.0791840696668562,0.0794937833910807,0.0019644550547436,0.0790897500119172,0.0776079999632202,60.0,100.0,0.39
duckdb_iceberg_rest,warm,L2s,compact,encounter_zone,hour,1 hour,302,12,4.0,6749935,213,0.003,1,5,0.0775746113504283,0.0777348750154487,0.0011603402873118,0.0773382090264931,0.0765298749902285,75.0,100.0,0.39
duckdb_iceberg_rest,warm,L2s,compact,fleet_summary,hour,1 hour,302,12,4.0,6749935,213,0.003,1,5,0.0540900697039129,0.053845916816499,0.0015039927328506,0.0538455000496469,0.0515662499819882,6.3,100.0,0.39
duckdb_iceberg_rest,warm,L2s,compact,harbour_entry,hour,1 hour,302,11,3.6,6749935,72,0.001,1,5,0.0938788470036039,0.0932675582007505,0.0014888270299345,0.0938730409834533,0.0906116249971091,56.0,100.0,1.27
duckdb_iceberg_rest,warm,L2s,compact,nearest_approach,hour,1 hour,302,12,4.0,6749935,213,0.003,1,5,0.0906703749787993,0.0912387333810329,0.0031065944010706,0.0902159999823197,0.0882832079660147,11.0,100.0,0.39
duckdb_iceberg_rest,warm,L2s,compact,position_interpolation,hour,1 hour,302,12,4.0,6749935,213,0.003,1,5,0.0547282220019648,0.0547994413878768,0.0007484780945638,0.0546289579942822,0.0539167079841718,17.0,100.0,0.39
duckdb_iceberg_rest,warm,L2s,compact,speed_profile,hour,1 hour,302,12,4.0,6749935,213,0.003,1,5,0.0538975413073785,0.0553479747846722,0.0034402043982997,0.0538929159520193,0.053562959015835,1.4,100.0,0.39
duckdb_iceberg_rest,warm,L2s,compact,both_ports,day,1 day,302,21,7.0,6749935,171,0.003,1,5,0.034652680682484,0.034730583417695,0.0006224611605607,0.0344547919812612,0.0340758750098757,4.0,100.0,0.54
duckdb_iceberg_rest,warm,L2s,compact,bounding_box,day,1 day,302,13,4.3,6749935,4195,0.062,1,5,0.2125722916680388,0.2149311499902978,0.0092864305634098,0.2119533329969272,0.2064041669946164,60.22,100.0,0.5
duckdb_iceberg_rest,warm,L2s,compact,clip_to_region,day,1 day,302,13,4.3,6749935,4195,0.062,1,5,0.1178328326398817,0.117500574584119,0.0046601823275073,0.1168544159736484,0.1117235000128857,113.0,100.0,0.5
duckdb_iceberg_rest,warm,L2s,compact,collision,day,1 day,302,13,4.3,6749935,4195,0.062,1,5,0.7186763473631194,0.7274232420139015,0.0288671956771191,0.7149292920366861,0.7053104589576833,163.0,100.0,0.5
duckdb_iceberg_rest,warm,L2s,compact,encounter_zone,day,1 day,302,13,4.3,6749935,4195,0.062,1,5,0.7561179999805366,0.7573527833912521,0.0240371408847637,0.7556048749829642,0.7264906250056811,193.0,100.0,0.5
duckdb_iceberg_rest,warm,L2s,compact,fleet_summary,day,1 day,302,13,4.3,6749935,4195,0.062,1,5,0.2042999306577257,0.2055341833969578,0.0092040490877105,0.2045040000230074,0.1959258749848231,2756.6,100.0,0.5
duckdb_iceberg_rest,warm,L2s,compact,harbour_entry,day,1 day,302,11,3.6,6749935,2407,0.036,1,5,0.2007190693402663,0.2001152916112914,0.002575647052706,0.2007781249703839,0.1957734579918906,95.0,100.0,1.36
duckdb_iceberg_rest,warm,L2s,compact,nearest_approach,day,1 day,302,13,4.3,6749935,4195,0.062,1,5,0.9962617636774668,0.9850814247969538,0.0660285479891602,1.0000348329776898,0.8881213329732418,0.0,100.0,0.5
duckdb_iceberg_rest,warm,L2s,compact,position_interpolation,day,1 day,302,13,4.3,6749935,4195,0.062,1,5,0.1385342503393379,0.1400419918005354,0.0071758481026843,0.1372053339728154,0.1333202500245534,29.0,100.0,0.5
duckdb_iceberg_rest,warm,L2s,compact,speed_profile,day,1 day,302,13,4.3,6749935,4195,0.062,1,5,0.2155144166511794,0.2153542417916469,0.0023390597336944,0.2164246659958735,0.2124600840033963,34.7,100.0,0.5
duckdb_iceberg_rest,warm,L2s,compact,both_ports,week,1 week,302,30,9.9,6749935,1130,0.017,1,5,0.0453629303374327,0.045013716595713,0.0023269155506221,0.0456803750130347,0.0417154589667916,4.0,100.0,0.77
duckdb_iceberg_rest,warm,L2s,compact,bounding_box,week,1 week,302,18,6.0,6749935,30805,0.456,1,5,1.3103810556737396,1.3639618000015616,0.1705239125687746,1.304818292031996,1.2347097079618834,79.1,100.0,1.04
duckdb_iceberg_rest,warm,L2s,compact,clip_to_region,week,1 week,302,18,6.0,6749935,30805,0.456,1,5,0.6069237500002297,0.6240385166020133,0.0455763445147703,0.5972337080165744,0.5970698749879375,620.0,100.0,1.04
duckdb_iceberg_rest,warm,L2s,compact,collision,week,1 week,302,18,6.0,6749935,30805,0.456,1,5,5.089952611325619,5.073698975192383,0.2465918100675324,5.088841624965426,4.75713949999772,263.0,100.0,1.04
duckdb_iceberg_rest,warm,L2s,compact,encounter_zone,week,1 week,302,18,6.0,6749935,30805,0.456,1,5,5.127591527998447,5.22971228340175,0.3119796590337169,5.157886834000237,4.9949049999704584,342.0,100.0,1.04
duckdb_iceberg_rest,warm,L2s,compact,fleet_summary,week,1 week,302,18,6.0,6749935,30805,0.456,1,5,1.1584545556494656,1.190819533588365,0.0787443912128478,1.1609891669941137,1.1475627920008264,21721.0,100.0,1.04
duckdb_iceberg_rest,warm,L2s,compact,harbour_entry,week,1 week,302,11,3.6,6749935,16263,0.241,1,5,0.8673619723025089,0.8650028833770194,0.012794521643981,0.8688328749849461,0.8445705000194721,165.0,100.0,1.68
duckdb_iceberg_rest,warm,L2s,compact,nearest_approach,week,1 week,302,18,6.0,6749935,30805,0.456,1,5,7.530163430337173,7.513563833199441,0.2576202900610287,7.617817500024103,7.224320125009399,0.0,100.0,1.04
duckdb_iceberg_rest,warm,L2s,compact,position_interpolation,week,1 week,302,18,6.0,6749935,30805,0.456,1,5,0.6108555700047873,0.6272210086113773,0.039441566638388,0.6078607920208015,0.6061628329916857,26.0,100.0,1.04
duckdb_iceberg_rest,warm,L2s,compact,speed_profile,week,1 week,302,18,6.0,6749935,30805,0.456,1,5,1.2701294166812052,1.2681818916113117,0.0130341124086309,1.268104000017047,1.2487292080186307,39.6,100.0,1.04
duckdb_iceberg_rest,warm,L3s,compact,both_ports,hour,1 hour,299,19,6.4,8232719,15,0.0,1,5,0.0287297219814111,0.0285677248029969,0.0011148289600169,0.0287308329716324,0.0269145000493153,1.0,100.0,0.39
duckdb_iceberg_rest,warm,L3s,compact,bounding_box,hour,1 hour,299,12,4.0,8232719,316,0.004,1,5,0.0483816946701457,0.0485285334056243,0.0011792267006349,0.0479987089638598,0.0474909580079838,0.01,100.0,0.29
duckdb_iceberg_rest,warm,L3s,compact,clip_to_region,hour,1 hour,299,12,4.0,8232719,316,0.004,1,5,0.0375762499752454,0.0376146415830589,0.0009367660906342,0.0380200420040637,0.0366086249705404,27.0,100.0,0.29
duckdb_iceberg_rest,warm,L3s,compact,collision,hour,1 hour,299,12,4.0,8232719,316,0.004,1,5,0.0655838609867108,0.0659360165940597,0.0013201710956474,0.0654184999875724,0.0647787500056438,59.0,100.0,0.29
duckdb_iceberg_rest,warm,L3s,compact,encounter_zone,hour,1 hour,299,12,4.0,8232719,316,0.004,1,5,0.0687671250004011,0.0682014164049178,0.0017278768371164,0.0685749580152332,0.0652335410122759,74.0,100.0,0.29
duckdb_iceberg_rest,warm,L3s,compact,fleet_summary,hour,1 hour,299,12,4.0,8232719,316,0.004,1,5,0.0481984029950884,0.0482433749944902,0.0003625250610348,0.0483014170313254,0.0478413329692557,4.4,100.0,0.29
duckdb_iceberg_rest,warm,L3s,compact,harbour_entry,hour,1 hour,299,11,3.7,8232719,55,0.001,1,5,0.0826208330108784,0.0825329330051317,0.0024790521062816,0.0825310829677619,0.0790011250064708,54.0,100.0,1.12
duckdb_iceberg_rest,warm,L3s,compact,nearest_approach,hour,1 hour,299,12,4.0,8232719,316,0.004,1,5,0.0802045836656664,0.0799707669997587,0.0024625706967484,0.0807681669830344,0.0764841249911114,12.0,100.0,0.29
duckdb_iceberg_rest,warm,L3s,compact,position_interpolation,hour,1 hour,299,12,4.0,8232719,316,0.004,1,5,0.0474533889985953,0.0477142586023546,0.0007668946398449,0.0475296250078827,0.0471563339815475,17.0,100.0,0.29
duckdb_iceberg_rest,warm,L3s,compact,speed_profile,hour,1 hour,299,12,4.0,8232719,316,0.004,1,5,0.0478047776656846,0.0474583000061102,0.0021006973868014,0.0479034580057486,0.0440517500392161,1.4,100.0,0.29
duckdb_iceberg_rest,warm,L3s,compact,both_ports,day,1 day,299,21,7.0,8232719,320,0.004,1,5,0.0303051253625502,0.0303919502184726,0.0008026100643712,0.0300580830080434,0.0295027079991996,4.0,100.0,0.43
duckdb_iceberg_rest,warm,L3s,compact,bounding_box,day,1 day,299,13,4.3,8232719,4848,0.059,1,5,0.1935953193266565,0.1952093081898055,0.00749740009642,0.1926024580025114,0.1879299579886719,60.76,100.0,0.36
duckdb_iceberg_rest,warm,L3s,compact,clip_to_region,day,1 day,299,13,4.3,8232719,4848,0.059,1,5,0.1004217223380692,0.1008202668046578,0.0011622506529243,0.1003112920443527,0.0999798330012708,112.0,100.0,0.36
duckdb_iceberg_rest,warm,L3s,compact,collision,day,1 day,299,13,4.3,8232719,4848,0.059,1,5,0.6254459310051365,0.6276519002043642,0.044141571220081,0.6214978340431117,0.5829952079802752,162.0,100.0,0.36
duckdb_iceberg_rest,warm,L3s,compact,encounter_zone,day,1 day,299,13,4.3,8232719,4848,0.059,1,5,0.7940792920029102,0.7887485167942941,0.0383535817619796,0.8152485000318848,0.7432499579736032,193.0,100.0,0.36
duckdb_iceberg_rest,warm,L3s,compact,fleet_summary,day,1 day,299,13,4.3,8232719,4848,0.059,1,5,0.1926223330083303,0.1939232832170091,0.0133603229641913,0.1931158329825848,0.1795466670300811,2632.3,100.0,0.36
duckdb_iceberg_rest,warm,L3s,compact,harbour_entry,day,1 day,299,11,3.7,8232719,4669,0.057,1,5,0.1863229170169991,0.1862510086153634,0.0008971280975758,0.1866332920035347,0.1851391670061275,95.0,100.0,1.22
duckdb_iceberg_rest,warm,L3s,compact,nearest_approach,day,1 day,299,13,4.3,8232719,4848,0.059,1,5,0.9431760833443452,0.9349622584064492,0.0838634793584534,0.9363017079886048,0.8062326670042239,0.0,100.0,0.36
duckdb_iceberg_rest,warm,L3s,compact,position_interpolation,day,1 day,299,13,4.3,8232719,4848,0.059,1,5,0.1284682920086197,0.1291800250066444,0.0068195331050695,0.127134250011295,0.1220683329738676,28.0,100.0,0.36
duckdb_iceberg_rest,warm,L3s,compact,speed_profile,day,1 day,299,13,4.3,8232719,4848,0.059,1,5,0.2424275140122821,0.2431457749917172,0.0124513075477266,0.2439007500070147,0.2291769579751417,35.3,100.0,0.36
duckdb_iceberg_rest,warm,L3s,compact,both_ports,week,1 week,299,30,10.0,8232719,2084,0.025,1,5,0.0465382216692281,0.0462444998091086,0.0026956160428919,0.0476867080433294,0.0431373339961282,4.0,100.0,0.75
duckdb_iceberg_rest,warm,L3s,compact,bounding_box,week,1 week,299,18,6.0,8232719,37934,0.461,1,5,1.362755430668282,1.3709996168036014,0.173572927032556,1.2976465419633314,1.1771235840278678,79.03,100.0,0.96
duckdb_iceberg_rest,warm,L3s,compact,clip_to_region,week,1 week,299,18,6.0,8232719,37934,0.461,1,5,0.5732950276966827,0.5877243666211143,0.0396588688840772,0.5667970410431735,0.5623393330024555,620.0,100.0,0.96
duckdb_iceberg_rest,warm,L3s,compact,collision,week,1 week,299,18,6.0,8232719,37934,0.461,1,5,5.149548430325619,5.167445374594536,0.3101144392120539,5.052676292019896,4.8409555410034955,263.0,100.0,0.96
duckdb_iceberg_rest,warm,L3s,compact,encounter_zone,week,1 week,299,18,6.0,8232719,37934,0.461,1,5,5.4634173193092765,5.493068116391077,0.4000344288029391,5.278931499982718,5.078643958026078,342.0,100.0,0.96
duckdb_iceberg_rest,warm,L3s,compact,fleet_summary,week,1 week,299,18,6.0,8232719,37934,0.461,1,5,1.093845652998425,1.1146662167971957,0.0506041204335341,1.0937397090019658,1.086857540998608,20754.2,100.0,0.96
duckdb_iceberg_rest,warm,L3s,compact,harbour_entry,week,1 week,299,11,3.7,8232719,30157,0.366,1,5,0.8670615416485816,0.8668421833892352,0.0050099026104952,0.8657383339595981,0.8603499580058269,165.0,100.0,1.55
duckdb_iceberg_rest,warm,L3s,compact,nearest_approach,week,1 week,299,18,6.0,8232719,37934,0.461,1,5,8.185351194328783,7.922924658202101,0.6357626438952031,8.185362958000042,6.789756458019838,0.0,100.0,0.96
duckdb_iceberg_rest,warm,L3s,compact,position_interpolation,week,1 week,299,18,6.0,8232719,37934,0.461,1,5,0.58281526400242,0.5992074833950027,0.0423696194227598,0.5813029580167495,0.5738067079801112,25.0,100.0,0.96
duckdb_iceberg_rest,warm,L3s,compact,speed_profile,week,1 week,299,18,6.0,8232719,37934,0.461,1,5,1.216787694041462,1.2199460664298385,0.0206004842186677,1.21274320804514,1.1979702499811538,39.0,100.0,0.96
duckdb_iceberg_rest,warm,L4s,compact,both_ports,hour,1 hour,24,48,200.0,672860,7,0.001,1,5,0.0465497779853952,0.046962283598259,0.0012196770262316,0.0467134999926202,0.0460890840040519,1.0,100.0,37.99
duckdb_iceberg_rest,warm,L4s,compact,bounding_box,hour,1 hour,24,24,100.0,672860,69,0.01,1,5,0.1172731663294446,0.1174439331982284,0.0065105160579953,0.1156571250176057,0.1109710420132614,4.76,100.0,3.5
duckdb_iceberg_rest,warm,L4s,compact,clip_to_region,hour,1 hour,24,24,100.0,672860,69,0.01,1,5,0.099587403004989,0.100247566809412,0.0041237499981919,0.0979460420203395,0.0964629590162076,28.0,100.0,3.5
duckdb_iceberg_rest,warm,L4s,compact,collision,hour,1 hour,24,24,100.0,672860,69,0.01,1,5,0.1356494863090726,0.1353715835954062,0.003192241626452,0.1366968329530209,0.1309850420220755,69.0,100.0,3.5
duckdb_iceberg_rest,warm,L4s,compact,encounter_zone,hour,1 hour,24,24,100.0,672860,69,0.01,1,5,0.1411850693596837,0.1409708750084974,0.0019514448268629,0.1417582500143908,0.1382335840025916,88.0,100.0,3.5
duckdb_iceberg_rest,warm,L4s,compact,fleet_summary,hour,1 hour,24,24,100.0,672860,69,0.01,1,5,0.1143060420290567,0.1144239418208599,0.0024505705168922,0.1134637090144679,0.1115760410320945,41.3,100.0,3.5
duckdb_iceberg_rest,warm,L4s,compact,harbour_entry,hour,1 hour,24,24,100.0,672860,44,0.007,1,5,0.160286347013122,0.160680883412715,0.0023391771028025,0.1606614170013927,0.1584102920023724,43.0,100.0,34.11
duckdb_iceberg_rest,warm,L4s,compact,nearest_approach,hour,1 hour,24,24,100.0,672860,69,0.01,1,5,0.1627611803317753,0.1630708331940695,0.0090812379215607,0.1620126669877208,0.152351249998901,11.0,100.0,3.5
duckdb_iceberg_rest,warm,L4s,compact,position_interpolation,hour,1 hour,24,24,100.0,672860,69,0.01,1,5,0.1121789583315451,0.1119155165972188,0.0011497984011072,0.112350667011924,0.110027041984722,18.0,100.0,3.5
duckdb_iceberg_rest,warm,L4s,compact,speed_profile,hour,1 hour,24,24,100.0,672860,69,0.01,1,5,0.1146955553170604,0.1218201333889737,0.017627750930141,0.1143422909663058,0.1117582090082578,1.5,100.0,3.5
duckdb_iceberg_rest,warm,L4s,compact,both_ports,day,1 day,24,48,200.0,672860,183,0.027,1,5,0.2960096803338577,0.29385309999343,0.01477545053106,0.3002603750210255,0.2734658749541268,4.0,100.0,37.99
duckdb_iceberg_rest,warm,L4s,compact,bounding_box,day,1 day,24,24,100.0,672860,614,0.091,1,5,0.5280434583352568,0.5385860082111321,0.0641353348197275,0.5137248749961145,0.4740441250032745,62.69,100.0,20.77
duckdb_iceberg_rest,warm,L4s,compact,clip_to_region,day,1 day,24,24,100.0,672860,614,0.091,1,5,0.3851407080073841,0.3858427164028398,0.0095116814671849,0.3852990829618647,0.3758280000183731,115.0,100.0,20.77
duckdb_iceberg_rest,warm,L4s,compact,collision,day,1 day,24,24,100.0,672860,614,0.091,1,5,1.0853320976602845,1.1010607667965815,0.0936351979784563,1.0982057920191437,1.000960125005804,163.0,100.0,20.77
duckdb_iceberg_rest,warm,L4s,compact,encounter_zone,day,1 day,24,24,100.0,672860,614,0.091,1,5,1.1712677360046655,1.1714632416027595,0.0907384729956635,1.190494625014253,1.0489702919730917,194.0,100.0,20.77
duckdb_iceberg_rest,warm,L4s,compact,fleet_summary,day,1 day,24,24,100.0,672860,614,0.091,1,5,0.4941765833258008,0.4984538831980899,0.0150843810683856,0.4899992499849759,0.4868895830004476,2840.4,100.0,20.77
duckdb_iceberg_rest,warm,L4s,compact,harbour_entry,day,1 day,24,24,100.0,672860,1106,0.164,1,5,0.3519168750111324,0.3520337166031823,0.004793343154173,0.3513905000290833,0.3455903750145808,95.0,100.0,34.12
duckdb_iceberg_rest,warm,L4s,compact,nearest_approach,day,1 day,24,24,100.0,672860,614,0.091,1,5,1.3294779443337272,1.3670698666013776,0.1381744655697335,1.35391270800028,1.2543537089950405,0.0,100.0,20.77
duckdb_iceberg_rest,warm,L4s,compact,position_interpolation,day,1 day,24,24,100.0,672860,614,0.091,1,5,0.4225264029810205,0.4263213751721196,0.0123074793847325,0.4211223339661956,0.4166832919581793,29.0,100.0,20.77
duckdb_iceberg_rest,warm,L4s,compact,speed_profile,day,1 day,24,24,100.0,672860,614,0.091,1,5,0.5264459860045463,0.5330134583869949,0.037035169726234,0.5220973750110716,0.4959491669433191,35.9,100.0,20.77
duckdb_iceberg_rest,warm,L4s,compact,both_ports,week,1 week,24,48,200.0,672860,1193,0.177,1,5,0.4973911806397761,0.4929348917910829,0.0148970621225607,0.4958752089878544,0.467226084030699,4.0,100.0,37.99
duckdb_iceberg_rest,warm,L4s,compact,bounding_box,week,1 week,24,24,100.0,672860,4400,0.654,1,5,1.712198681004035,1.8062750918092203,0.2361791606347013,1.6911431250046007,1.6705536660156213,79.09,100.0,27.85
duckdb_iceberg_rest,warm,L4s,compact,clip_to_region,week,1 week,24,24,100.0,672860,4400,0.654,1,5,1.0361140693421476,1.0644026834052056,0.0908948480029196,1.025538999994751,0.9922449170262552,622.0,100.0,27.85
duckdb_iceberg_rest,warm,L4s,compact,collision,week,1 week,24,24,100.0,672860,4400,0.654,1,5,6.526946083312699,6.509774458175525,0.4449720016600282,6.697814374987502,5.945099915959872,264.0,100.0,27.85
duckdb_iceberg_rest,warm,L4s,compact,encounter_zone,week,1 week,24,24,100.0,672860,4400,0.654,1,5,6.448653250001371,6.383658250013832,0.4833470359361208,6.274436167033855,5.7052072080550715,343.0,100.0,27.85
duckdb_iceberg_rest,warm,L4s,compact,fleet_summary,week,1 week,24,24,100.0,672860,4400,0.654,1,5,1.5517396946864512,1.5966703418060206,0.1137551879589392,1.541266959044151,1.5300702499807812,21859.9,100.0,27.85
duckdb_iceberg_rest,warm,L4s,compact,harbour_entry,week,1 week,24,24,100.0,672860,7359,1.094,1,5,1.2012332780092645,1.2109552251989952,0.0326739381914587,1.1987902499968186,1.1835869170026854,165.0,100.0,34.12
duckdb_iceberg_rest,warm,L4s,compact,nearest_approach,week,1 week,24,24,100.0,672860,4400,0.654,1,5,8.820217597356532,8.718841266818345,0.6262150057871677,8.961313541047275,7.792413250019308,0.0,100.0,27.85
duckdb_iceberg_rest,warm,L4s,compact,position_interpolation,week,1 week,24,24,100.0,672860,4400,0.654,1,5,1.0120081249818516,1.044714333198499,0.0821844926517037,1.018302041979041,0.9970235000364482,25.0,100.0,27.85
duckdb_iceberg_rest,warm,L4s,compact,speed_profile,week,1 week,24,24,100.0,672860,4400,0.654,1,5,1.7923360003430089,1.7888007168076,0.136974194737263,1.8279949169955216,1.6410524580278434,39.7,100.0,27.85
