system,cache,layout,gran,query,selectivity,span,files_total,files_read,files_pct,rows_total,rows_scanned,rows_pct,bytes_total,bytes_read,bytes_pct,rows_returned,n_iters,runtime_trimmed_s,runtime_mean_s,runtime_std_s,runtime_median_s,runtime_min_s,answer
duckdb_iceberg_rest,warm,L0,daily,both_ports,hour,1 hour,31,1,3.2,381703,7,0.002,3554552973,238587186,6.712,1,5,0.3195717639949483,0.3307863999856636,0.026353311584052,0.3203369589755311,0.317351832985878,4.0
duckdb_iceberg_rest,warm,L0,daily,bounding_box,hour,1 hour,31,1,3.2,381703,115,0.03,3554552973,119310921,3.357,1,5,0.3375994583281378,0.3375848581898026,0.0016705591779227,0.337390000000596,0.3354025409789756,15.9
duckdb_iceberg_rest,warm,L0,daily,clip_to_region,hour,1 hour,31,1,3.2,381703,115,0.03,3554552973,119310921,3.357,1,5,0.3180104446752618,0.3177737252088263,0.0015848585895244,0.3183917920105159,0.3153871670365333,29.0
duckdb_iceberg_rest,warm,L0,daily,collision,hour,1 hour,31,1,3.2,381703,115,0.03,3554552973,119310921,3.357,1,5,0.3837982083205133,0.3834006583900191,0.0025995530436995,0.3838788749999366,0.3793857090058736,119.0
duckdb_iceberg_rest,warm,L0,daily,encounter_zone,hour,1 hour,31,1,3.2,381703,115,0.03,3554552973,119310921,3.357,1,5,0.3936396526405588,0.3987397165852598,0.0202699846911644,0.3867141669616103,0.3835485000163317,138.0
duckdb_iceberg_rest,warm,L0,daily,fleet_summary,hour,1 hour,31,1,3.2,381703,115,0.03,3554552973,119310921,3.357,1,5,0.3362182916607708,0.339672658406198,0.009071569301431,0.3364722920232452,0.3339365830179304,123.2
duckdb_iceberg_rest,warm,L0,daily,harbour_entry,hour,1 hour,31,1,3.2,381703,165,0.043,3554552973,119304818,3.356,1,5,0.4683301530118721,0.4675598336150869,0.0034414359471127,0.4685627500293776,0.4617970419931225,73.0
duckdb_iceberg_rest,warm,L0,daily,nearest_approach,hour,1 hour,31,1,3.2,381703,115,0.03,3554552973,119310921,3.357,1,5,0.3973957636626437,0.3972250997903757,0.0019747873132673,0.3971742910216562,0.3943788329488598,7.0
duckdb_iceberg_rest,warm,L0,daily,position_interpolation,hour,1 hour,31,1,3.2,381703,115,0.03,3554552973,119310921,3.357,1,5,0.3299542219998936,0.3301285582012497,0.0034589749369897,0.3289241250022314,0.3258931250311434,26.0
duckdb_iceberg_rest,warm,L0,daily,speed_profile,hour,1 hour,31,1,3.2,381703,115,0.03,3554552973,119310921,3.357,1,5,0.3390133473440073,0.3385033251950517,0.001811117916173,0.3386517080361955,0.3355090839904733,5.4
duckdb_iceberg_rest,warm,L0,daily,both_ports,day,1 day,31,4,12.9,381703,170,0.045,3554552973,468484336,13.18,1,5,0.6659885973397953,0.6646181833930314,0.0153065547444146,0.6724207499646582,0.6459433749550954,4.0
duckdb_iceberg_rest,warm,L0,daily,bounding_box,day,1 day,31,2,6.5,381703,541,0.142,3554552973,234407053,6.595,1,5,0.7589004999996783,0.7590415332000703,0.0042869858911493,0.7580571250291541,0.7534395410330035,61.43
duckdb_iceberg_rest,warm,L0,daily,clip_to_region,day,1 day,31,2,6.5,381703,541,0.142,3554552973,234407053,6.595,1,5,0.5349323889822699,0.5367095999885351,0.0078690019021205,0.5329062080127187,0.5300912079983391,113.0
duckdb_iceberg_rest,warm,L0,daily,collision,day,1 day,31,2,6.5,381703,541,0.142,3554552973,234407053,6.595,1,5,1.586013569671195,1.5790975085925312,0.0370924430878296,1.5942247079801746,1.5222320839529857,165.0
duckdb_iceberg_rest,warm,L0,daily,encounter_zone,day,1 day,31,2,6.5,381703,541,0.142,3554552973,234407053,6.595,1,5,1.597920805332251,1.592381208401639,0.0287531848363024,1.5941228750161829,1.5464299169834703,195.0
duckdb_iceberg_rest,warm,L0,daily,fleet_summary,day,1 day,31,2,6.5,381703,541,0.142,3554552973,234407053,6.595,1,5,0.754515597014688,0.7551049166126177,0.0069631494589144,0.7563656250131316,0.7468435000046156,2876.4
duckdb_iceberg_rest,warm,L0,daily,harbour_entry,day,1 day,31,2,6.5,381703,1140,0.299,3554552973,234395271,6.594,1,5,0.941463514328158,0.9461119168088772,0.0185066072482937,0.938649749965407,0.9295319160446524,96.0
duckdb_iceberg_rest,warm,L0,daily,nearest_approach,day,1 day,31,2,6.5,381703,541,0.142,3554552973,234407053,6.595,1,5,1.710387458675541,1.7311281502014026,0.0713587647676578,1.689692959014792,1.6775028749834746,0.0
duckdb_iceberg_rest,warm,L0,daily,position_interpolation,day,1 day,31,2,6.5,381703,541,0.142,3554552973,234407053,6.595,1,5,0.5558972360061792,0.5570394581998699,0.0073559519911063,0.5546001250040717,0.5491433750139549,26.0
duckdb_iceberg_rest,warm,L0,daily,speed_profile,day,1 day,31,2,6.5,381703,541,0.142,3554552973,234407053,6.595,1,5,0.7822840140045931,0.7904009583988227,0.0415786977271417,0.7694651670171879,0.7516451249830425,34.7
duckdb_iceberg_rest,warm,L0,daily,both_ports,week,1 week,31,16,51.6,381703,1127,0.295,3554552973,1222702339,34.398,1,5,2.946489666336371,2.9651342248078434,0.1406352189997502,2.917353832977824,2.8207878750399686,4.0
duckdb_iceberg_rest,warm,L0,daily,bounding_box,week,1 week,31,8,25.8,381703,3479,0.911,3554552973,988670764,27.814,1,5,4.26540598636105,4.321342675224878,0.2394868891120136,4.222156500036363,4.1046237500268035,79.27
duckdb_iceberg_rest,warm,L0,daily,clip_to_region,week,1 week,31,8,25.8,381703,3479,0.911,3554552973,988670764,27.814,1,5,2.1828178056748584,2.229231325001456,0.1325976962934032,2.1814847080386244,2.1369246669928543,620.0
duckdb_iceberg_rest,warm,L0,daily,collision,week,1 week,31,8,25.8,381703,3479,0.911,3554552973,988670764,27.814,1,5,10.745729749983488,10.669762774987612,0.8376934731865204,11.096777833998203,9.645087499986404,264.0
duckdb_iceberg_rest,warm,L0,daily,encounter_zone,week,1 week,31,8,25.8,381703,3479,0.911,3554552973,988670764,27.814,1,5,10.724018986336889,10.678888050001117,0.6167164063426087,10.933765708992723,9.885924166010229,343.0
duckdb_iceberg_rest,warm,L0,daily,fleet_summary,week,1 week,31,8,25.8,381703,3479,0.911,3554552973,988670764,27.814,1,5,3.8762278053327464,3.918588191608433,0.1936704672199556,3.904777124989778,3.742810625000857,21937.2
duckdb_iceberg_rest,warm,L0,daily,harbour_entry,week,1 week,31,8,25.8,381703,6877,1.802,3554552973,988613274,27.813,1,5,4.081080332980491,4.322099224780686,0.7103355575330902,3.929997708008159,3.838407124974765,165.0
duckdb_iceberg_rest,warm,L0,daily,nearest_approach,week,1 week,31,8,25.8,381703,3479,0.911,3554552973,988670764,27.814,1,5,12.607736027993573,12.538381866796408,0.980916151402944,12.59222641598899,11.369163374998609,0.0
duckdb_iceberg_rest,warm,L0,daily,position_interpolation,week,1 week,31,8,25.8,381703,3479,0.911,3554552973,988670764,27.814,1,5,2.3381669583419957,2.349732433410827,0.1917475908321336,2.294198791962117,2.159725542005617,26.0
duckdb_iceberg_rest,warm,L0,daily,speed_profile,week,1 week,31,8,25.8,381703,3479,0.911,3554552973,988670764,27.814,1,5,4.144107403000817,4.2208114166045565,0.4012785127557747,4.212344874977134,3.823572958004661,39.6
duckdb_iceberg_rest,warm,L0H,daily,both_ports,hour,1 hour,31,1,3.2,381703,7,0.002,3507893523,115288882,3.287,1,5,0.4012121943136056,0.4052757918019779,0.0358039060859076,0.3835232079727575,0.3739968340378254,4.0
duckdb_iceberg_rest,warm,L0H,daily,bounding_box,hour,1 hour,31,1,3.2,381703,115,0.03,3507893523,94386965,2.691,1,5,0.3291575693292543,0.3283502831938676,0.0098689320308168,0.3331127080018632,0.315127375011798,15.9
duckdb_iceberg_rest,warm,L0H,daily,clip_to_region,hour,1 hour,31,1,3.2,381703,115,0.03,3507893523,94386965,2.691,1,5,0.2889980280112165,0.2914447502116672,0.0087901038519016,0.2894240419846028,0.2838209170149639,29.0
duckdb_iceberg_rest,warm,L0H,daily,collision,hour,1 hour,31,1,3.2,381703,115,0.03,3507893523,94386965,2.691,1,5,0.3849092779952722,0.3817136583966203,0.0116285954965596,0.382613624969963,0.3626242500031367,119.0
duckdb_iceberg_rest,warm,L0H,daily,encounter_zone,hour,1 hour,31,1,3.2,381703,115,0.03,3507893523,94386965,2.691,1,5,0.3645651386468671,0.3665322579792701,0.0155988967201645,0.365110165963415,0.3479581659776158,138.0
duckdb_iceberg_rest,warm,L0H,daily,fleet_summary,hour,1 hour,31,1,3.2,381703,115,0.03,3507893523,94386965,2.691,1,5,0.3167993473083091,0.3188020001864061,0.0164329359462254,0.3115190419484861,0.3038679590099491,123.2
duckdb_iceberg_rest,warm,L0H,daily,harbour_entry,hour,1 hour,31,1,3.2,381703,165,0.043,3507893523,90679852,2.585,1,5,0.4989797916690198,0.5113882250036113,0.0626848414004661,0.4905361250275746,0.4518937499960884,73.0
duckdb_iceberg_rest,warm,L0H,daily,nearest_approach,hour,1 hour,31,1,3.2,381703,115,0.03,3507893523,94386965,2.691,1,5,0.3962132226636943,0.3953189752064645,0.0131647198839745,0.3999037090106867,0.37681316700764,7.0
duckdb_iceberg_rest,warm,L0H,daily,position_interpolation,hour,1 hour,31,1,3.2,381703,115,0.03,3507893523,94386965,2.691,1,5,0.2976377636853916,0.3016026000143029,0.0124926758998203,0.2949570420314558,0.2928276250022463,26.0
duckdb_iceberg_rest,warm,L0H,daily,speed_profile,hour,1 hour,31,1,3.2,381703,115,0.03,3507893523,94386965,2.691,1,5,0.3537364166695624,0.3559703668113798,0.0126915765441685,0.354981999960728,0.3440988340298645,5.4
duckdb_iceberg_rest,warm,L0H,daily,both_ports,day,1 day,31,4,12.9,381703,170,0.045,3507893523,238067241,6.787,1,5,0.6366700556633683,0.6457552002044394,0.0324730491282505,0.6315905000083148,0.6180489590042271,4.0
duckdb_iceberg_rest,warm,L0H,daily,bounding_box,day,1 day,31,2,6.5,381703,541,0.142,3507893523,203122611,5.79,1,5,0.8467558193175743,0.8569841331918724,0.09425213786769,0.8528219999861903,0.7484184579807334,61.43
duckdb_iceberg_rest,warm,L0H,daily,clip_to_region,day,1 day,31,2,6.5,381703,541,0.142,3507893523,203122611,5.79,1,5,0.8373304446577094,0.8640589083894156,0.0779206934910603,0.8279275419772603,0.8101403749897145,113.0
duckdb_iceberg_rest,warm,L0H,daily,collision,day,1 day,31,2,6.5,381703,541,0.142,3507893523,203122611,5.79,1,5,2.0299820416645766,2.0262938168016262,0.1387141966186582,2.09325475001242,1.874274875037372,165.0
duckdb_iceberg_rest,warm,L0H,daily,encounter_zone,day,1 day,31,2,6.5,381703,541,0.142,3507893523,203122611,5.79,1,5,2.0010639306662292,1.988219733396545,0.3044637449250374,2.0460666670114733,1.6363173329737035,195.0
duckdb_iceberg_rest,warm,L0H,daily,fleet_summary,day,1 day,31,2,6.5,381703,541,0.142,3507893523,203122611,5.79,1,5,0.8461086806879999,0.8610848500160501,0.1007730662847813,0.8642470419872552,0.7568255410296842,2876.4
duckdb_iceberg_rest,warm,L0H,daily,harbour_entry,day,1 day,31,2,6.5,381703,1140,0.299,3507893523,181971921,5.187,1,5,1.048724528363285,1.0363426586263813,0.1519446041702284,1.0717344169970602,0.8395195000339299,96.0
duckdb_iceberg_rest,warm,L0H,daily,nearest_approach,day,1 day,31,2,6.5,381703,541,0.142,3507893523,203122611,5.79,1,5,2.0423159719988084,2.047256308386568,0.0307712789965456,2.03085179196205,2.022152458957862,0.0
duckdb_iceberg_rest,warm,L0H,daily,position_interpolation,day,1 day,31,2,6.5,381703,541,0.142,3507893523,203122611,5.79,1,5,0.5035487499747736,0.5026446249801666,0.0224922130464476,0.5090488749556243,0.4742599999881349,26.0
duckdb_iceberg_rest,warm,L0H,daily,speed_profile,day,1 day,31,2,6.5,381703,541,0.142,3507893523,203122611,5.79,1,5,0.7045891250212056,0.7280935168149881,0.0938810196061421,0.7063899590284564,0.6477250420139171,34.7
duckdb_iceberg_rest,warm,L0H,daily,both_ports,week,1 week,31,16,51.6,381703,1127,0.295,3507893523,820963032,23.403,1,5,2.988964860987229,2.9922206499846653,0.0569161316035048,2.972322915971745,2.930429957981687,4.0
duckdb_iceberg_rest,warm,L0H,daily,bounding_box,week,1 week,31,8,25.8,381703,3479,0.911,3507893523,750350664,21.39,1,5,4.481230361328926,4.446211791795212,0.392788270400506,4.701109041983727,4.003089167003054,79.27
duckdb_iceberg_rest,warm,L0H,daily,clip_to_region,week,1 week,31,8,25.8,381703,3479,0.911,3507893523,750350664,21.39,1,5,2.2290525416416735,2.2553453999920747,0.1127284197199676,2.2327214169781655,2.1535311250481755,620.0
duckdb_iceberg_rest,warm,L0H,daily,collision,week,1 week,31,8,25.8,381703,3479,0.911,3507893523,750350664,21.39,1,5,10.457489916317476,11.169362341589297,2.316345946678968,10.069671874982305,9.395116916974075,264.0
duckdb_iceberg_rest,warm,L0H,daily,encounter_zone,week,1 week,31,8,25.8,381703,3479,0.911,3507893523,750350664,21.39,1,5,14.391825666670533,13.52893344160402,2.170852373625787,14.507899250020271,9.678494290972594,343.0
duckdb_iceberg_rest,warm,L0H,daily,fleet_summary,week,1 week,31,8,25.8,381703,3479,0.911,3507893523,750350664,21.39,1,5,4.347983332991134,4.538417616393417,0.9029475256921125,4.369171499973163,3.691551207972225,21937.2
duckdb_iceberg_rest,warm,L0H,daily,harbour_entry,week,1 week,31,8,25.8,381703,6877,1.802,3507893523,714221634,20.36,1,5,4.226591000022988,4.252366766612977,0.2685571346872206,4.308395166997798,3.953487332968507,165.0
duckdb_iceberg_rest,warm,L0H,daily,nearest_approach,week,1 week,31,8,25.8,381703,3479,0.911,3507893523,750350664,21.39,1,5,13.707749416333778,13.883793866611086,1.6532677846876376,13.688584332994653,11.869723542011345,0.0
duckdb_iceberg_rest,warm,L0H,daily,position_interpolation,week,1 week,31,8,25.8,381703,3479,0.911,3507893523,750350664,21.39,1,5,2.167352555319667,2.185975574608892,0.1271718925372599,2.120416124991607,2.0691784160444513,26.0
duckdb_iceberg_rest,warm,L0H,daily,speed_profile,week,1 week,31,8,25.8,381703,3479,0.911,3507893523,750350664,21.39,1,5,3.718195569332844,3.7961660415981897,0.2551152894143843,3.7298080830369145,3.596040875010658,39.6
duckdb_iceberg_rest,warm,L0X,daily,both_ports,hour,1 hour,31,1,3.2,381703,7,0.002,3511683068,231441834,6.591,1,5,0.3580962219857611,0.3619065499980934,0.015919162301766,0.3584999159793369,0.3482465419801883,4.0
duckdb_iceberg_rest,warm,L0X,daily,bounding_box,hour,1 hour,31,1,3.2,381703,115,0.03,3511683068,115746251,3.296,1,5,0.338996569334995,0.3424741997965611,0.0132225729848301,0.3351583330077119,0.3325127909774892,15.9
duckdb_iceberg_rest,warm,L0X,daily,clip_to_region,hour,1 hour,31,1,3.2,381703,115,0.03,3511683068,115746251,3.296,1,5,0.3160476386741114,0.3191351418034173,0.0087477680724306,0.3163076670025475,0.3131797090172767,29.0
duckdb_iceberg_rest,warm,L0X,daily,collision,hour,1 hour,31,1,3.2,381703,115,0.03,3511683068,115746251,3.296,1,5,0.3861513333201098,0.3852734999964013,0.0038226215374781,0.386036291019991,0.3792060000123456,119.0
duckdb_iceberg_rest,warm,L0X,daily,encounter_zone,hour,1 hour,31,1,3.2,381703,115,0.03,3511683068,115746251,3.296,1,5,0.3772941666732852,0.3795743000111543,0.0059287356098014,0.377120167016983,0.3759215000318363,138.0
duckdb_iceberg_rest,warm,L0X,daily,fleet_summary,hour,1 hour,31,1,3.2,381703,115,0.03,3511683068,115746251,3.296,1,5,0.332396736019291,0.3338701582164504,0.004307253037917,0.3329191660159267,0.330789583036676,123.2
duckdb_iceberg_rest,warm,L0X,daily,harbour_entry,hour,1 hour,31,1,3.2,381703,165,0.043,3511683068,115735875,3.296,1,5,0.4393776526558213,0.4394343749969266,0.0089312036836124,0.4350896250107325,0.4299078750191256,73.0
duckdb_iceberg_rest,warm,L0X,daily,nearest_approach,hour,1 hour,31,1,3.2,381703,115,0.03,3511683068,115746251,3.296,1,5,0.4204535969765857,0.4238200665917248,0.0200519465776016,0.4190324579831213,0.4022316670161672,7.0
duckdb_iceberg_rest,warm,L0X,daily,position_interpolation,hour,1 hour,31,1,3.2,381703,115,0.03,3511683068,115746251,3.296,1,5,0.3357934586820192,0.3371713167987764,0.0159632038055128,0.331794792029541,0.3225845419801771,26.0
duckdb_iceberg_rest,warm,L0X,daily,speed_profile,hour,1 hour,31,1,3.2,381703,115,0.03,3511683068,115746251,3.296,1,5,0.3417908613143178,0.3434142335900105,0.0088550395302368,0.3377904169610701,0.3360578340361826,5.4
duckdb_iceberg_rest,warm,L0X,daily,both_ports,day,1 day,31,4,12.9,381703,170,0.045,3511683068,299853213,8.539,1,5,0.6367559303568365,0.6496072084177286,0.0534677908520249,0.6291850000270642,0.599798708979506,4.0
duckdb_iceberg_rest,warm,L0X,daily,bounding_box,day,1 day,31,2,6.5,381703,541,0.142,3511683068,229527882,6.536,1,5,0.6516126246812443,0.654339416406583,0.0241676132809111,0.6510172080015764,0.6250312919728458,61.43
duckdb_iceberg_rest,warm,L0X,daily,clip_to_region,day,1 day,31,2,6.5,381703,541,0.142,3511683068,229527882,6.536,1,5,0.4504422496732634,0.4584188996232115,0.0296937175522995,0.4493094159988686,0.432934416050557,113.0
duckdb_iceberg_rest,warm,L0X,daily,collision,day,1 day,31,2,6.5,381703,541,0.142,3511683068,229527882,6.536,1,5,1.540835736008982,1.5403632750036196,0.0473990974346892,1.535987708019093,1.4814390829997135,165.0
duckdb_iceberg_rest,warm,L0X,daily,encounter_zone,day,1 day,31,2,6.5,381703,541,0.142,3511683068,229527882,6.536,1,5,1.545597347333872,1.5548354500089772,0.1565867043123334,1.5526391249732114,1.3909516250132583,195.0
duckdb_iceberg_rest,warm,L0X,daily,fleet_summary,day,1 day,31,2,6.5,381703,541,0.142,3511683068,229527882,6.536,1,5,0.6269785279873759,0.6334433333948255,0.0200000412723201,0.6253573749563657,0.6179953750106506,2876.4
duckdb_iceberg_rest,warm,L0X,daily,harbour_entry,day,1 day,31,2,6.5,381703,1140,0.299,3511683068,229507521,6.536,1,5,0.7959095549886115,0.808338607987389,0.0379759770082662,0.7968980830046348,0.7794426669715904,96.0
duckdb_iceberg_rest,warm,L0X,daily,nearest_approach,day,1 day,31,2,6.5,381703,541,0.142,3511683068,229527882,6.536,1,5,1.810750013644186,1.807553083181847,0.0837787526330316,1.7909431249718182,1.702973541978281,0.0
duckdb_iceberg_rest,warm,L0X,daily,position_interpolation,day,1 day,31,2,6.5,381703,541,0.142,3511683068,229527882,6.536,1,5,0.4635124443448148,0.4665490332175978,0.0276853736162719,0.4686611670185812,0.4377112080110237,26.0
duckdb_iceberg_rest,warm,L0X,daily,speed_profile,day,1 day,31,2,6.5,381703,541,0.142,3511683068,229527882,6.536,1,5,0.6525247223326005,0.6569400583975948,0.0209520588332735,0.6539426660165191,0.6379080000333488,34.7
duckdb_iceberg_rest,warm,L0X,daily,both_ports,week,1 week,31,16,51.6,381703,1127,0.295,3511683068,937791360,26.705,1,5,2.896205138997175,2.8940785083919764,0.035090335297594,2.8921774579794146,2.8466133329784498,4.0
duckdb_iceberg_rest,warm,L0X,daily,bounding_box,week,1 week,31,8,25.8,381703,3479,0.911,3511683068,804026455,22.896,1,5,3.741585291669859,3.7508615418104454,0.0894023270599256,3.7340833750204183,3.652760124998167,79.27
duckdb_iceberg_rest,warm,L0X,daily,clip_to_region,week,1 week,31,8,25.8,381703,3479,0.911,3511683068,804026455,22.896,1,5,2.02699618099723,2.0815646335948257,0.150889319296061,2.013216209015809,1.9797185409697704,620.0
duckdb_iceberg_rest,warm,L0X,daily,collision,week,1 week,31,8,25.8,381703,3479,0.911,3511683068,804026455,22.896,1,5,9.720962097674295,9.691802283609286,0.811152595394546,9.654942749999464,8.779984708991833,264.0
duckdb_iceberg_rest,warm,L0X,daily,encounter_zone,week,1 week,31,8,25.8,381703,3479,0.911,3511683068,804026455,22.896,1,5,9.701450124654608,9.803912141383623,0.8167318273526595,9.304855874972418,9.137081124994438,343.0
duckdb_iceberg_rest,warm,L0X,daily,fleet_summary,week,1 week,31,8,25.8,381703,3479,0.911,3511683068,804026455,22.896,1,5,3.500600888665455,3.503670499601867,0.0363669028540567,3.4921412090188824,3.4609544160193764,21937.2
duckdb_iceberg_rest,warm,L0X,daily,harbour_entry,week,1 week,31,8,25.8,381703,6877,1.802,3511683068,929581344,26.471,1,5,3.646366208326071,3.6476354415994137,0.0201331103769515,3.6496238749823537,3.624369500030298,165.0
duckdb_iceberg_rest,warm,L0X,daily,nearest_approach,week,1 week,31,8,25.8,381703,3479,0.911,3511683068,804026455,22.896,1,5,11.306308416688504,11.38833414162509,0.7091736912824531,11.045304333034435,10.714895792014431,0.0
duckdb_iceberg_rest,warm,L0X,daily,position_interpolation,week,1 week,31,8,25.8,381703,3479,0.911,3511683068,804026455,22.896,1,5,2.0795170413330197,2.0978456248063595,0.0706210224789988,2.0769036659621634,2.040543167036958,26.0
duckdb_iceberg_rest,warm,L0X,daily,speed_profile,week,1 week,31,8,25.8,381703,3479,0.911,3511683068,804026455,22.896,1,5,3.9395115696825087,4.011871075199451,0.4874902153303188,3.757747333031148,3.5946668749675155,39.6
duckdb_iceberg_rest,warm,L0Z,daily,both_ports,hour,1 hour,31,1,3.2,381703,7,0.002,3509067445,177165271,5.049,1,5,0.3893813609999294,0.4049628915963694,0.0518027532610993,0.3845642909873277,0.3634882500045933,4.0
duckdb_iceberg_rest,warm,L0Z,daily,bounding_box,hour,1 hour,31,1,3.2,381703,115,0.03,3509067445,99505948,2.836,1,5,0.3213748196722008,0.3228231418062933,0.0157328646829896,0.3162977919564582,0.3087501249974593,15.9
duckdb_iceberg_rest,warm,L0Z,daily,clip_to_region,hour,1 hour,31,1,3.2,381703,115,0.03,3509067445,99505948,2.836,1,5,0.2886755273405773,0.2937554663978517,0.0135960229665138,0.2863145829760469,0.2853957079933025,29.0
duckdb_iceberg_rest,warm,L0Z,daily,collision,hour,1 hour,31,1,3.2,381703,115,0.03,3509067445,99505948,2.836,1,5,0.353837833351766,0.3547661082004197,0.0070252327941087,0.3507867919979617,0.349099374958314,119.0
duckdb_iceberg_rest,warm,L0Z,daily,encounter_zone,hour,1 hour,31,1,3.2,381703,115,0.03,3509067445,99505948,2.836,1,5,0.3678210000119482,0.3682750751962885,0.0119747770341281,0.3688726659747772,0.3549896669574082,138.0
duckdb_iceberg_rest,warm,L0Z,daily,fleet_summary,hour,1 hour,31,1,3.2,381703,115,0.03,3509067445,99505948,2.836,1,5,0.3108943336604473,0.3141493167961016,0.0135919835841477,0.3069932499784045,0.3028263750020414,123.2
duckdb_iceberg_rest,warm,L0Z,daily,harbour_entry,hour,1 hour,31,1,3.2,381703,165,0.043,3509067445,96870651,2.761,1,5,0.4286233609891496,0.4317551749991253,0.0102673764364795,0.4258163329795934,0.4243951250100508,73.0
duckdb_iceberg_rest,warm,L0Z,daily,nearest_approach,hour,1 hour,31,1,3.2,381703,115,0.03,3509067445,99505948,2.836,1,5,0.3688189586585698,0.3683228168054483,0.0015504006643832,0.3690189589979127,0.3657383330282755,7.0
duckdb_iceberg_rest,warm,L0Z,daily,position_interpolation,hour,1 hour,31,1,3.2,381703,115,0.03,3509067445,99505948,2.836,1,5,0.2993154166615568,0.2988511665957049,0.0027758975306717,0.2984312499756925,0.2947492080274969,26.0
duckdb_iceberg_rest,warm,L0Z,daily,speed_profile,hour,1 hour,31,1,3.2,381703,115,0.03,3509067445,99505948,2.836,1,5,0.3240308196594317,0.3239249333972111,0.0116514895857392,0.3255250419606454,0.3075132080120966,5.4
duckdb_iceberg_rest,warm,L0Z,daily,both_ports,day,1 day,31,4,12.9,381703,170,0.045,3509067445,359268517,10.238,1,5,0.6393635969919463,0.6602144332020543,0.0811850361211369,0.631044749985449,0.5897181250038557,4.0
duckdb_iceberg_rest,warm,L0Z,daily,bounding_box,day,1 day,31,2,6.5,381703,541,0.142,3509067445,215201978,6.133,1,5,0.7416201246669516,0.7354631748050451,0.046422066388018,0.7492152909981087,0.6726919999928214,61.43
duckdb_iceberg_rest,warm,L0Z,daily,clip_to_region,day,1 day,31,2,6.5,381703,541,0.142,3509067445,215201978,6.133,1,5,0.5146016389674818,0.522703716577962,0.056196729020556,0.5165677909972146,0.4620592499850318,113.0
duckdb_iceberg_rest,warm,L0Z,daily,collision,day,1 day,31,2,6.5,381703,541,0.142,3509067445,215201978,6.133,1,5,1.510457735993744,1.5232264666003177,0.1269130886728659,1.5133572919876317,1.3911080000107177,165.0
duckdb_iceberg_rest,warm,L0Z,daily,encounter_zone,day,1 day,31,2,6.5,381703,541,0.142,3509067445,215201978,6.133,1,5,1.6289129719953053,1.623054408200551,0.0409850703778169,1.6307506659650244,1.56007900001714,195.0
duckdb_iceberg_rest,warm,L0Z,daily,fleet_summary,day,1 day,31,2,6.5,381703,541,0.142,3509067445,215201978,6.133,1,5,0.6410634723336747,0.6437649250030517,0.0212701656768439,0.6370744580053724,0.6244014159892686,2876.4
duckdb_iceberg_rest,warm,L0Z,daily,harbour_entry,day,1 day,31,2,6.5,381703,1140,0.299,3509067445,190267193,5.422,1,5,0.8848141386794547,0.9056801416096276,0.0821834067476573,0.8691523330053315,0.8322454170556739,96.0
duckdb_iceberg_rest,warm,L0Z,daily,nearest_approach,day,1 day,31,2,6.5,381703,541,0.142,3509067445,215201978,6.133,1,5,2.7127443473242843,2.973957883194089,1.2973103653961728,2.6433465000009164,1.7713302909978663,0.0
duckdb_iceberg_rest,warm,L0Z,daily,position_interpolation,day,1 day,31,2,6.5,381703,541,0.142,3509067445,215201978,6.133,1,5,0.4777709446886244,0.4866876752232201,0.0257154308104047,0.4764593340223655,0.4685090000275522,26.0
duckdb_iceberg_rest,warm,L0Z,daily,speed_profile,day,1 day,31,2,6.5,381703,541,0.142,3509067445,215201978,6.133,1,5,0.7827603336578856,0.7777971836039796,0.0802649141180212,0.8097360840183683,0.6856910830247216,34.7
duckdb_iceberg_rest,warm,L0Z,daily,both_ports,week,1 week,31,16,51.6,381703,1127,0.295,3509067445,895223510,25.512,1,5,3.127082208326707,3.1802991999895314,0.1377006082813319,3.1240356669877656,3.0957822089549154,4.0
duckdb_iceberg_rest,warm,L0Z,daily,bounding_box,week,1 week,31,8,25.8,381703,3479,0.911,3509067445,873853045,24.903,1,5,4.1987292363191955,4.34325931678759,0.5257677950379674,4.272904624987859,3.8983020419836976,79.27
duckdb_iceberg_rest,warm,L0Z,daily,clip_to_region,week,1 week,31,8,25.8,381703,3479,0.911,3509067445,873853045,24.903,1,5,2.0934356249830066,2.144845575187355,0.1292430400330826,2.101403874985408,2.0695125839556567,620.0
duckdb_iceberg_rest,warm,L0Z,daily,collision,week,1 week,31,8,25.8,381703,3479,0.911,3509067445,873853045,24.903,1,5,9.991813485665867,9.995577433204744,1.0498734242074008,10.14493783301441,8.853142792009749,264.0
duckdb_iceberg_rest,warm,L0Z,daily,encounter_zone,week,1 week,31,8,25.8,381703,3479,0.911,3509067445,873853045,24.903,1,5,10.338995875325054,10.316658033593558,0.9070648632157072,10.262529500003438,9.281362999987325,343.0
duckdb_iceberg_rest,warm,L0Z,daily,fleet_summary,week,1 week,31,8,25.8,381703,3479,0.911,3509067445,873853045,24.903,1,5,3.5266367360018194,3.5679278500028886,0.1068747453649222,3.519344041007571,3.5024027500185184,21937.2
duckdb_iceberg_rest,warm,L0Z,daily,harbour_entry,week,1 week,31,8,25.8,381703,6877,1.802,3509067445,681499484,19.421,1,5,3.8153991806514873,3.8032585999928417,0.0762404948793975,3.795420666981954,3.686271333019249,165.0
duckdb_iceberg_rest,warm,L0Z,daily,nearest_approach,week,1 week,31,8,25.8,381703,3479,0.911,3509067445,873853045,24.903,1,5,13.166690874340324,12.97053425780032,0.588961330923899,13.110822166025171,11.958174208004491,0.0
duckdb_iceberg_rest,warm,L0Z,daily,position_interpolation,week,1 week,31,8,25.8,381703,3479,0.911,3509067445,873853045,24.903,1,5,2.238182235994221,2.2598460999899546,0.1634912319423841,2.2496110830106772,2.1041586669743992,26.0
duckdb_iceberg_rest,warm,L0Z,daily,speed_profile,week,1 week,31,8,25.8,381703,3479,0.911,3509067445,873853045,24.903,1,5,3.792816569660014,3.792703608609736,0.0678639751524492,3.802038083958905,3.709605875017587,39.6
duckdb_iceberg_rest,warm,L1_daily,daily,both_ports,hour,1 hour,496,16,3.2,381703,7,0.002,3553429495,157641453,4.436,1,5,0.355927375339282,0.3554417668143287,0.0313707650495322,0.3499982089851983,0.3188617080450058,4.0
duckdb_iceberg_rest,warm,L1_daily,daily,bounding_box,hour,1 hour,496,16,3.2,381703,115,0.03,3553429495,119361206,3.359,1,5,0.2467715276676851,0.2450333748012781,0.011912792162616,0.2496768749551847,0.2293136660009622,15.9
duckdb_iceberg_rest,warm,L1_daily,daily,clip_to_region,hour,1 hour,496,16,3.2,381703,115,0.03,3553429495,119361206,3.359,1,5,0.2004848750075325,0.2030494750011712,0.010748275865986,0.2002745839999988,0.1931066249962896,29.0
duckdb_iceberg_rest,warm,L1_daily,daily,collision,hour,1 hour,496,16,3.2,381703,115,0.03,3553429495,119361206,3.359,1,5,0.2884720973282431,0.2910831915913149,0.0131150259669731,0.2897341669886373,0.2774866249528713,119.0
duckdb_iceberg_rest,warm,L1_daily,daily,encounter_zone,hour,1 hour,496,16,3.2,381703,115,0.03,3553429495,119361206,3.359,1,5,0.2997960136660064,0.3005282498081215,0.0095497236134144,0.2988015409791842,0.2889151250128634,138.0
duckdb_iceberg_rest,warm,L1_daily,daily,fleet_summary,hour,1 hour,496,16,3.2,381703,115,0.03,3553429495,119361206,3.359,1,5,0.2361679726745933,0.2366494919988326,0.012885847142088,0.2352196670253761,0.2207074579782784,123.2
duckdb_iceberg_rest,warm,L1_daily,daily,harbour_entry,hour,1 hour,496,16,3.2,381703,165,0.043,3553429495,119351777,3.359,1,5,0.3662433193336862,0.3717967582051642,0.0171188118515293,0.3688679999904707,0.3591675420175306,73.0
duckdb_iceberg_rest,warm,L1_daily,daily,nearest_approach,hour,1 hour,496,16,3.2,381703,115,0.03,3553429495,119361206,3.359,1,5,0.3493144443297448,0.3576738581992685,0.0536095526475442,0.3525254999985918,0.300933749997057,7.0
duckdb_iceberg_rest,warm,L1_daily,daily,position_interpolation,hour,1 hour,496,16,3.2,381703,115,0.03,3553429495,119361206,3.359,1,5,0.386301319328292,0.4033105583977885,0.1084363613658441,0.3969660410075448,0.2851838750066235,26.0
duckdb_iceberg_rest,warm,L1_daily,daily,speed_profile,hour,1 hour,496,16,3.2,381703,115,0.03,3553429495,119361206,3.359,1,5,0.2484678470063954,0.2497683666064404,0.0110544441094097,0.24814995797351,0.23727450001752,5.4
duckdb_iceberg_rest,warm,L1_daily,daily,both_ports,day,1 day,496,64,12.9,381703,170,0.045,3553429495,234431540,6.597,1,5,0.7173510140079694,0.7284039168036542,0.0317046910843492,0.7127285409951583,0.7065641250228509,4.0
duckdb_iceberg_rest,warm,L1_daily,daily,bounding_box,day,1 day,496,32,6.5,381703,541,0.142,3553429495,234470572,6.598,1,5,0.7046624166735759,0.7041903167963028,0.0129501596847501,0.7028537910082377,0.6865755419712514,61.43
duckdb_iceberg_rest,warm,L1_daily,daily,clip_to_region,day,1 day,496,32,6.5,381703,541,0.142,3553429495,234470572,6.598,1,5,0.4721649583079852,0.4880464917863719,0.0519736342568651,0.4649880409706384,0.4474079170031473,113.0
duckdb_iceberg_rest,warm,L1_daily,daily,collision,day,1 day,496,32,6.5,381703,541,0.142,3553429495,234470572,6.598,1,5,1.6100660416802082,1.6227671416010707,0.1509312950079481,1.5705665410496294,1.474465416977182,165.0
duckdb_iceberg_rest,warm,L1_daily,daily,encounter_zone,day,1 day,496,32,6.5,381703,541,0.142,3553429495,234470572,6.598,1,5,1.611413916980382,1.6346231169765817,0.0808831813878045,1.6202531669987366,1.5656834169640206,195.0
duckdb_iceberg_rest,warm,L1_daily,daily,fleet_summary,day,1 day,496,32,6.5,381703,541,0.142,3553429495,234470572,6.598,1,5,0.6759900416946039,0.6780566002125852,0.0133344529244005,0.6771717080264352,0.6632530419738032,2876.4
duckdb_iceberg_rest,warm,L1_daily,daily,harbour_entry,day,1 day,496,32,6.5,381703,1140,0.299,3553429495,234452490,6.598,1,5,0.8568120140310688,0.894002116820775,0.1023906651611582,0.8451529170270078,0.8277809590217657,96.0
duckdb_iceberg_rest,warm,L1_daily,daily,nearest_approach,day,1 day,496,32,6.5,381703,541,0.142,3553429495,234470572,6.598,1,5,1.8612934999982824,1.8288847832009196,0.2095379367021557,1.8934326249873263,1.5444560410105623,0.0
duckdb_iceberg_rest,warm,L1_daily,daily,position_interpolation,day,1 day,496,32,6.5,381703,541,0.142,3553429495,234470572,6.598,1,5,0.5200200279747756,0.5281062083784491,0.0392548942050272,0.5317294169799425,0.4914914579712786,26.0
duckdb_iceberg_rest,warm,L1_daily,daily,speed_profile,day,1 day,496,32,6.5,381703,541,0.142,3553429495,234470572,6.598,1,5,0.7221667079914672,0.7371276913909242,0.0512982253528005,0.7135684159584343,0.6953002079972066,34.7
duckdb_iceberg_rest,warm,L1_daily,daily,both_ports,week,1 week,496,256,51.6,381703,1127,0.295,3553429495,988305577,27.813,1,5,3.8640632499979497,3.870055141788907,0.1816098776483252,3.938517125032377,3.662368208984845,4.0
duckdb_iceberg_rest,warm,L1_daily,daily,bounding_box,week,1 week,496,128,25.8,381703,3479,0.911,3553429495,988483104,27.818,1,5,5.59360930599117,5.352886466996279,0.740168567439604,5.574649416957982,4.083798542036675,79.27
duckdb_iceberg_rest,warm,L1_daily,daily,clip_to_region,week,1 week,496,128,25.8,381703,3479,0.911,3553429495,988483104,27.818,1,5,2.2827223473383733,2.27644381680293,0.0327206874724339,2.2864841249538586,2.2228931250283495,620.0
duckdb_iceberg_rest,warm,L1_daily,daily,collision,week,1 week,496,128,25.8,381703,3479,0.911,3553429495,988483104,27.818,1,5,12.109034597000573,11.810522199806291,0.918570991026012,12.098517165984958,10.233358833007514,264.0
duckdb_iceberg_rest,warm,L1_daily,daily,encounter_zone,week,1 week,496,128,25.8,381703,3479,0.911,3553429495,988483104,27.818,1,5,11.89025381935062,12.125652516621631,2.27424001591735,10.76828012499027,10.247062167036349,343.0
duckdb_iceberg_rest,warm,L1_daily,daily,fleet_summary,week,1 week,496,128,25.8,381703,3479,0.911,3553429495,988483104,27.818,1,5,4.5854302503285,4.5731634251889774,0.386281847666124,4.631066041998565,4.087744124990422,21937.2
duckdb_iceberg_rest,warm,L1_daily,daily,harbour_entry,week,1 week,496,128,25.8,381703,6877,1.802,3553429495,988400711,27.815,1,5,4.422963375031638,4.596644991612993,0.6630638465444383,4.54023462504847,4.0380126249510795,165.0
duckdb_iceberg_rest,warm,L1_daily,daily,nearest_approach,week,1 week,496,128,25.8,381703,3479,0.911,3553429495,988483104,27.818,1,5,12.986852513994869,13.126373074995351,0.8345772029974136,12.833550292009022,12.267620666010773,0.0
duckdb_iceberg_rest,warm,L1_daily,daily,position_interpolation,week,1 week,496,128,25.8,381703,3479,0.911,3553429495,988483104,27.818,1,5,2.199369347343842,2.2131417084136045,0.0734706151433739,2.180978792021051,2.1425681250402704,26.0
duckdb_iceberg_rest,warm,L1_daily,daily,speed_profile,week,1 week,496,128,25.8,381703,3479,0.911,3553429495,988483104,27.818,1,5,4.222913680656347,4.223269725008867,0.4205419458033486,4.045776000013575,3.769203458039556,39.6
duckdb_iceberg_rest,warm,L1s,compact,both_ports,hour,1 hour,16,16,100.0,381703,7,0.002,3342654069,3021767898,90.4,1,5,0.8367748753516935,0.8480681752087549,0.0474302922488152,0.8299980839947239,0.8055146670085378,4.0
duckdb_iceberg_rest,warm,L1s,compact,bounding_box,hour,1 hour,16,16,100.0,381703,115,0.03,3342654069,1182945232,35.389,1,5,0.6825930279834816,0.6815151415881701,0.0239128442845705,0.6825702089699917,0.6489964160136878,15.9
duckdb_iceberg_rest,warm,L1s,compact,clip_to_region,hour,1 hour,16,16,100.0,381703,115,0.03,3342654069,1182945232,35.389,1,5,0.6747701390025517,0.7099385750014335,0.1028080154603938,0.6646429999964312,0.6402751249843277,29.0
duckdb_iceberg_rest,warm,L1s,compact,collision,hour,1 hour,16,16,100.0,381703,115,0.03,3342654069,1182945232,35.389,1,5,0.8497873053420335,0.860030724806711,0.0512483102747502,0.8540887499693781,0.807565875002183,119.0
duckdb_iceberg_rest,warm,L1s,compact,encounter_zone,hour,1 hour,16,16,100.0,381703,115,0.03,3342654069,1182945232,35.389,1,5,0.7543648613500409,0.7694051002152265,0.0428291463250382,0.7589521250338294,0.7402885420015082,138.0
duckdb_iceberg_rest,warm,L1s,compact,fleet_summary,hour,1 hour,16,16,100.0,381703,115,0.03,3342654069,1182945232,35.389,1,5,0.7342503890201139,0.7507205166155473,0.0707780232162301,0.7445913749979809,0.6863042500335723,123.2
duckdb_iceberg_rest,warm,L1s,compact,harbour_entry,hour,1 hour,16,16,100.0,381703,165,0.043,3342654069,2891449347,86.502,1,5,0.7868784440021651,0.8089219416026026,0.0610767689475527,0.786705415986944,0.7672110419953242,73.0
duckdb_iceberg_rest,warm,L1s,compact,nearest_approach,hour,1 hour,16,16,100.0,381703,115,0.03,3342654069,1182945232,35.389,1,5,0.8083602780049356,0.8037396834115498,0.0173439447892039,0.8117113329935819,0.7761081660282798,7.0
duckdb_iceberg_rest,warm,L1s,compact,position_interpolation,hour,1 hour,16,16,100.0,381703,115,0.03,3342654069,1182945232,35.389,1,5,0.6518528749778246,0.65917984158732,0.0345678546283735,0.6430202499614097,0.6298022499540821,26.0
duckdb_iceberg_rest,warm,L1s,compact,speed_profile,hour,1 hour,16,16,100.0,381703,115,0.03,3342654069,1182945232,35.389,1,5,0.668795499659609,0.6675230995868333,0.0171985471169724,0.672085625003092,0.643682790978346,5.4
duckdb_iceberg_rest,warm,L1s,compact,both_ports,day,1 day,16,32,200.0,381703,170,0.045,3342654069,2927895007,87.592,1,5,1.521433596984328,1.515951883175876,0.0392688316870829,1.5146695409785025,1.4613282079808414,4.0
duckdb_iceberg_rest,warm,L1s,compact,bounding_box,day,1 day,16,16,100.0,381703,541,0.142,3342654069,1607719567,48.097,1,5,1.3954480280129549,1.3720335084130055,0.0696997905602411,1.40365033299895,1.2541024580132216,61.43
duckdb_iceberg_rest,warm,L1s,compact,clip_to_region,day,1 day,16,16,100.0,381703,541,0.142,3342654069,1607719567,48.097,1,5,0.9861927496579788,0.9889102997956798,0.0274907527308722,0.9734537079930304,0.9626074580010028,113.0
duckdb_iceberg_rest,warm,L1s,compact,collision,day,1 day,16,16,100.0,381703,541,0.142,3342654069,1607719567,48.097,1,5,2.2382842776520797,2.2307656915974805,0.0480594943848004,2.233441790973302,2.159531000012066,165.0
duckdb_iceberg_rest,warm,L1s,compact,encounter_zone,day,1 day,16,16,100.0,381703,541,0.142,3342654069,1607719567,48.097,1,5,2.07408795831725,2.058004983398132,0.13972492423729,2.122808124986477,1.873532500001602,195.0
duckdb_iceberg_rest,warm,L1s,compact,fleet_summary,day,1 day,16,16,100.0,381703,541,0.142,3342654069,1607719567,48.097,1,5,1.1252753613516688,1.1312700668233446,0.0269418564402756,1.125547083967831,1.104638500022702,2876.4
duckdb_iceberg_rest,warm,L1s,compact,harbour_entry,day,1 day,16,16,100.0,381703,1140,0.299,3342654069,2891484715,86.503,1,5,1.4550557499945471,1.46306073339656,0.086212567894262,1.4492052500136197,1.3688892920035869,96.0
duckdb_iceberg_rest,warm,L1s,compact,nearest_approach,day,1 day,16,16,100.0,381703,541,0.142,3342654069,1607719567,48.097,1,5,2.2168984306626953,2.201506008405704,0.1383614930398398,2.2720577499712817,2.0306905420147814,0.0
duckdb_iceberg_rest,warm,L1s,compact,position_interpolation,day,1 day,16,16,100.0,381703,541,0.142,3342654069,1607719567,48.097,1,5,0.9118537916607844,0.9251873167930172,0.038894382154684,0.9101079999818468,0.8969485419802368,26.0
duckdb_iceberg_rest,warm,L1s,compact,speed_profile,day,1 day,16,16,100.0,381703,541,0.142,3342654069,1607719567,48.097,1,5,1.2181664859914842,1.2086287915939464,0.0335311104837578,1.2176365830237046,1.15189375000773,34.7
duckdb_iceberg_rest,warm,L1s,compact,both_ports,week,1 week,16,32,200.0,381703,1127,0.295,3342654069,2927908871,87.592,1,5,3.904992305673659,3.909014041803311,0.1322291500167348,3.834736667049583,3.7761998749920167,4.0
duckdb_iceberg_rest,warm,L1s,compact,bounding_box,week,1 week,16,16,100.0,381703,3479,0.911,3342654069,2244717695,67.154,1,5,4.639035708348577,4.828129833412822,0.898415576079546,4.697877458995208,3.9555987500352785,79.27
duckdb_iceberg_rest,warm,L1s,compact,clip_to_region,week,1 week,16,16,100.0,381703,3479,0.911,3342654069,2244717695,67.154,1,5,2.7622879306630543,2.814513558591716,0.2974127084866136,2.627529749996029,2.5712656669784337,620.0
duckdb_iceberg_rest,warm,L1s,compact,collision,week,1 week,16,16,100.0,381703,3479,0.911,3342654069,2244717695,67.154,1,5,10.48742883336187,10.45042362482054,0.8218435957185466,10.607187709014395,9.508140582998749,264.0
duckdb_iceberg_rest,warm,L1s,compact,encounter_zone,week,1 week,16,16,100.0,381703,3479,0.911,3342654069,2244717695,67.154,1,5,11.10809254165118,11.020453741587698,0.7164772219943286,11.143590541963931,10.062577082950156,343.0
duckdb_iceberg_rest,warm,L1s,compact,fleet_summary,week,1 week,16,16,100.0,381703,3479,0.911,3342654069,2244717695,67.154,1,5,4.063278041353139,4.252264216402546,0.5037830991084491,4.007026291044895,3.9349824999808334,21937.2
duckdb_iceberg_rest,warm,L1s,compact,harbour_entry,week,1 week,16,16,100.0,381703,6877,1.802,3342654069,2891526101,86.504,1,5,4.682460597347624,4.709620483405888,0.1252397924290745,4.650634667021222,4.591280542023014,165.0
duckdb_iceberg_rest,warm,L1s,compact,nearest_approach,week,1 week,16,16,100.0,381703,3479,0.911,3342654069,2244717695,67.154,1,5,13.176708097026372,13.12287115822546,0.7245987048629906,13.534452499996403,12.304447125003207,0.0
duckdb_iceberg_rest,warm,L1s,compact,position_interpolation,week,1 week,16,16,100.0,381703,3479,0.911,3342654069,2244717695,67.154,1,5,2.686792638657304,2.6780408497899773,0.050375072251654,2.7071509580127895,2.6055922500090674,26.0
duckdb_iceberg_rest,warm,L1s,compact,speed_profile,week,1 week,16,16,100.0,381703,3479,0.911,3342654069,2244717695,67.154,1,5,5.000008930684999,4.9804481416125785,0.5550129214361152,5.224208792031277,4.311067582981195,39.6
duckdb_iceberg_rest,warm,L2_daily,daily,both_ports,hour,1 hour,4313,2,0.0,7111439,7,0.0,3847412185,4128674,0.107,1,5,0.2232475000006767,0.2265347165986895,0.0165896411503589,0.2182581669767387,0.2126662079826928,4.0
duckdb_iceberg_rest,warm,L2_daily,daily,bounding_box,hour,1 hour,4313,5,0.1,7111439,213,0.003,3847412185,10402518,0.27,1,5,0.1034228890008914,0.1036385332001373,0.0015354485548355,0.1033902079798281,0.1021109159919433,15.9
duckdb_iceberg_rest,warm,L2_daily,daily,clip_to_region,hour,1 hour,4313,5,0.1,7111439,213,0.003,3847412185,10402518,0.27,1,5,0.0837699163239449,0.0834021165966987,0.0029009675309657,0.0852084159851074,0.0798524590209126,29.0
duckdb_iceberg_rest,warm,L2_daily,daily,collision,hour,1 hour,4313,5,0.1,7111439,213,0.003,3847412185,10402518,0.27,1,5,0.1303981113402793,0.1294221002026461,0.0031908372787166,0.1302984170033596,0.1240637080045417,119.0
duckdb_iceberg_rest,warm,L2_daily,daily,encounter_zone,hour,1 hour,4313,5,0.1,7111439,213,0.003,3847412185,10402518,0.27,1,5,0.1314580970016929,0.1318403166020289,0.005720299893729,0.1319772910210304,0.1260619579697959,138.0
duckdb_iceberg_rest,warm,L2_daily,daily,fleet_summary,hour,1 hour,4313,5,0.1,7111439,213,0.003,3847412185,10402518,0.27,1,5,0.0998719720325122,0.0990342832170426,0.002626052753619,0.1001878330134786,0.0946595830027945,123.2
duckdb_iceberg_rest,warm,L2_daily,daily,harbour_entry,hour,1 hour,4313,2,0.0,7111439,192,0.003,3847412185,8883194,0.231,1,5,0.1829601249968012,0.187302000191994,0.0116006411631028,0.1815434999880381,0.1801383339916356,73.0
duckdb_iceberg_rest,warm,L2_daily,daily,nearest_approach,hour,1 hour,4313,5,0.1,7111439,213,0.003,3847412185,10402518,0.27,1,5,0.1560983610106632,0.1567927416181191,0.0042266438141813,0.1545113330357708,0.1527814580476842,7.0
duckdb_iceberg_rest,warm,L2_daily,daily,position_interpolation,hour,1 hour,4313,5,0.1,7111439,213,0.003,3847412185,10402518,0.27,1,5,0.0975123610114678,0.0981165249948389,0.0021138049400339,0.097530250030104,0.0963749589864164,26.0
duckdb_iceberg_rest,warm,L2_daily,daily,speed_profile,hour,1 hour,4313,5,0.1,7111439,213,0.003,3847412185,10402518,0.27,1,5,0.1028065836871974,0.1028007586137391,0.0022763685832699,0.1028049170272424,0.1000770420068875,5.4
duckdb_iceberg_rest,warm,L2_daily,daily,both_ports,day,1 day,4313,12,0.3,7111439,171,0.002,3847412185,8253159,0.215,1,5,0.2117349446828787,0.2102404502104036,0.0056493203288064,0.2118054589955136,0.2006825419957749,4.0
duckdb_iceberg_rest,warm,L2_daily,daily,bounding_box,day,1 day,4313,12,0.3,7111439,4245,0.06,3847412185,20977440,0.545,1,5,0.2643737643375061,0.2642235171981156,0.01072265669525,0.2639996670186519,0.2525312090292573,61.43
duckdb_iceberg_rest,warm,L2_daily,daily,clip_to_region,day,1 day,4313,12,0.3,7111439,4245,0.06,3847412185,20977440,0.545,1,5,0.1573190139994646,0.1573307497892528,0.000403292492321,0.1571416669758036,0.1568925409810617,113.0
duckdb_iceberg_rest,warm,L2_daily,daily,collision,day,1 day,4313,12,0.3,7111439,4245,0.06,3847412185,20977440,0.545,1,5,0.8119640556590942,0.810789491806645,0.032244846605303,0.8260792499640957,0.7759838750353083,165.0
duckdb_iceberg_rest,warm,L2_daily,daily,encounter_zone,day,1 day,4313,12,0.3,7111439,4245,0.06,3847412185,20977440,0.545,1,5,0.8928134443315988,0.8846170415985398,0.03597471884839,0.8950709580094554,0.8261141669936478,195.0
duckdb_iceberg_rest,warm,L2_daily,daily,fleet_summary,day,1 day,4313,12,0.3,7111439,4245,0.06,3847412185,20977440,0.545,1,5,0.2483824723167345,0.2499073167913593,0.0081354195648311,0.2493001249968074,0.2419663339969702,2876.4
duckdb_iceberg_rest,warm,L2_daily,daily,harbour_entry,day,1 day,4313,4,0.1,7111439,2588,0.036,3847412185,17700663,0.46,1,5,0.3111671526567079,0.3160168499802239,0.018626872912915,0.3101248749881051,0.298869541962631,96.0
duckdb_iceberg_rest,warm,L2_daily,daily,nearest_approach,day,1 day,4313,12,0.3,7111439,4245,0.06,3847412185,20977440,0.545,1,5,1.0684278060022432,1.0596332586137578,0.0640337607658672,1.0639827499981038,0.9631018330110236,0.0
duckdb_iceberg_rest,warm,L2_daily,daily,position_interpolation,day,1 day,4313,12,0.3,7111439,4245,0.06,3847412185,20977440,0.545,1,5,0.175637888663914,0.1756240832037292,0.0045092293945564,0.1751352080027572,0.1701235000509768,26.0
duckdb_iceberg_rest,warm,L2_daily,daily,speed_profile,day,1 day,4313,12,0.3,7111439,4245,0.06,3847412185,20977440,0.545,1,5,0.2531854306774524,0.2538354082149453,0.0031947618990737,0.2534024590277113,0.2507807080401107,34.7
duckdb_iceberg_rest,warm,L2_daily,daily,both_ports,week,1 week,4313,52,1.2,7111439,1130,0.016,3847412185,37989120,0.987,1,5,0.2333169999959257,0.2321057499968447,0.0042070717729119,0.233607791014947,0.2252345000160858,4.0
duckdb_iceberg_rest,warm,L2_daily,daily,bounding_box,week,1 week,4313,51,1.2,7111439,31336,0.441,3847412185,93898403,2.441,1,5,1.3841691389873934,1.4336049415869638,0.1631797886293834,1.412516082986258,1.3048259160132147,79.27
duckdb_iceberg_rest,warm,L2_daily,daily,clip_to_region,week,1 week,4313,51,1.2,7111439,31336,0.441,3847412185,93898403,2.441,1,5,0.6699140280058297,0.6764667836017907,0.0233923020026333,0.6653786670067348,0.6585300000151619,620.0
duckdb_iceberg_rest,warm,L2_daily,daily,collision,week,1 week,4313,51,1.2,7111439,31336,0.441,3847412185,93898403,2.441,1,5,5.052772499679122,4.959611491416581,0.309228898740887,5.129771458043251,4.460375500028022,264.0
duckdb_iceberg_rest,warm,L2_daily,daily,encounter_zone,week,1 week,4313,51,1.2,7111439,31336,0.441,3847412185,93898403,2.441,1,5,5.13355661133149,5.111550583399366,0.0703147674894989,5.145683916984126,4.991980790975504,343.0
duckdb_iceberg_rest,warm,L2_daily,daily,fleet_summary,week,1 week,4313,51,1.2,7111439,31336,0.441,3847412185,93898403,2.441,1,5,1.2160543470138994,1.2153916416107675,0.0050861952036849,1.2158008750411682,1.2079731249832548,21937.2
duckdb_iceberg_rest,warm,L2_daily,daily,harbour_entry,week,1 week,4313,20,0.5,7111439,16784,0.236,3847412185,72083118,1.874,1,5,0.9621036806687092,0.9655521749984473,0.0119680424227872,0.9634436669875868,0.9553604579996318,165.0
duckdb_iceberg_rest,warm,L2_daily,daily,nearest_approach,week,1 week,4313,51,1.2,7111439,31336,0.441,3847412185,93898403,2.441,1,5,6.644308416328083,6.606167533004191,0.4185392820344643,6.8600210410077125,6.102862875035498,0.0
duckdb_iceberg_rest,warm,L2_daily,daily,position_interpolation,week,1 week,4313,51,1.2,7111439,31336,0.441,3847412185,93898403,2.441,1,5,0.6744695973272125,0.6823456833953969,0.022193907019942,0.6761376669746824,0.6668907499988563,26.0
duckdb_iceberg_rest,warm,L2_daily,daily,speed_profile,week,1 week,4313,51,1.2,7111439,31336,0.441,3847412185,93898403,2.441,1,5,1.4148817219926666,1.4111300747841595,0.0787700909672743,1.4345560829970054,1.3206263749743812,39.6
duckdb_iceberg_rest,warm,L2s,compact,both_ports,hour,1 hour,376,11,2.9,7111439,7,0.0,3742589085,20244653,0.541,1,5,0.0530881803133524,0.0527363915811292,0.001947566741424,0.0529381659580394,0.0495602499577216,4.0
duckdb_iceberg_rest,warm,L2s,compact,bounding_box,hour,1 hour,376,13,3.5,7111439,213,0.003,3742589085,14591715,0.39,1,5,0.0758496253595997,0.0756695252144709,0.0033319982612005,0.0765794590115547,0.0713568750070408,15.9
duckdb_iceberg_rest,warm,L2s,compact,clip_to_region,hour,1 hour,376,13,3.5,7111439,213,0.003,3742589085,14591715,0.39,1,5,0.0475342360053521,0.0476342248031869,0.0020693157109455,0.0478872500243596,0.0452568330219946,29.0
duckdb_iceberg_rest,warm,L2s,compact,collision,hour,1 hour,376,13,3.5,7111439,213,0.003,3742589085,14591715,0.39,1,5,0.1003914163447916,0.1000316582038067,0.0018085999719771,0.1011557080200873,0.0974680840154178,119.0
duckdb_iceberg_rest,warm,L2s,compact,encounter_zone,hour,1 hour,376,13,3.5,7111439,213,0.003,3742589085,14591715,0.39,1,5,0.1085719443314398,0.1103440916049294,0.0082649929498955,0.1085024580243043,0.1026233750162646,138.0
duckdb_iceberg_rest,warm,L2s,compact,fleet_summary,hour,1 hour,376,13,3.5,7111439,213,0.003,3742589085,14591715,0.39,1,5,0.0650555003085173,0.0652030335972085,0.0030195193790441,0.0654680419829674,0.0613492500269785,123.2
duckdb_iceberg_rest,warm,L2s,compact,harbour_entry,hour,1 hour,376,11,2.9,7111439,192,0.003,3742589085,55773551,1.49,1,5,0.1092541109925756,0.1089258249965496,0.0025905775324014,0.1092294999980367,0.1048262920230627,73.0
duckdb_iceberg_rest,warm,L2s,compact,nearest_approach,hour,1 hour,376,13,3.5,7111439,213,0.003,3742589085,14591715,0.39,1,5,0.1179408333264291,0.1180489083984866,0.0051195840020759,0.1168029999826103,0.1113690420170314,7.0
duckdb_iceberg_rest,warm,L2s,compact,position_interpolation,hour,1 hour,376,13,3.5,7111439,213,0.003,3742589085,14591715,0.39,1,5,0.0540266113433366,0.0541745334048755,0.0009056974806511,0.0537409170065075,0.0533375829691067,26.0
duckdb_iceberg_rest,warm,L2s,compact,speed_profile,hour,1 hour,376,13,3.5,7111439,213,0.003,3742589085,14591715,0.39,1,5,0.0589676943491213,0.0592713666264899,0.0026779852822377,0.0591750410385429,0.0564011250389739,5.4
duckdb_iceberg_rest,warm,L2s,compact,both_ports,day,1 day,376,23,6.1,7111439,171,0.002,3742589085,20495033,0.548,1,5,0.0363084583271605,0.0363988915923982,0.0009299694127272,0.0363351249834522,0.0354708330123685,4.0
duckdb_iceberg_rest,warm,L2s,compact,bounding_box,day,1 day,376,14,3.7,7111439,4245,0.06,3742589085,16009749,0.428,1,5,0.2152839716679106,0.216798349597957,0.0070962659741533,0.2161328329821117,0.2101654579746537,61.43
duckdb_iceberg_rest,warm,L2s,compact,clip_to_region,day,1 day,376,14,3.7,7111439,4245,0.06,3742589085,16009749,0.428,1,5,0.1151257916547668,0.1148272000020369,0.001968368669434,0.1150510829756967,0.1120920830289833,113.0
duckdb_iceberg_rest,warm,L2s,compact,collision,day,1 day,376,14,3.7,7111439,4245,0.06,3742589085,16009749,0.428,1,5,0.7679961526688809,0.7698278916068375,0.0468530062317198,0.7674682080396451,0.7180473750340752,165.0
duckdb_iceberg_rest,warm,L2s,compact,encounter_zone,day,1 day,376,14,3.7,7111439,4245,0.06,3742589085,16009749,0.428,1,5,0.7903019583512408,0.8004731082241051,0.0417908972852874,0.7899224580032751,0.7600202910252847,195.0
duckdb_iceberg_rest,warm,L2s,compact,fleet_summary,day,1 day,376,14,3.7,7111439,4245,0.06,3742589085,16009749,0.428,1,5,0.2048333610097567,0.2074650582158938,0.0116841281942676,0.2037959170411341,0.1972837500507012,2876.4
duckdb_iceberg_rest,warm,L2s,compact,harbour_entry,day,1 day,376,11,2.9,7111439,2588,0.036,3742589085,55773551,1.49,1,5,0.2207259860006161,0.2207320415880531,0.0045341549256874,0.2226387080154381,0.2157433749525807,96.0
duckdb_iceberg_rest,warm,L2s,compact,nearest_approach,day,1 day,376,14,3.7,7111439,4245,0.06,3742589085,16009749,0.428,1,5,1.0257270003397327,1.0112625336041674,0.0795662155459465,1.0237876669852994,0.8872006669989787,0.0
duckdb_iceberg_rest,warm,L2s,compact,position_interpolation,day,1 day,376,14,3.7,7111439,4245,0.06,3742589085,16009749,0.428,1,5,0.1362247496726922,0.1357232496025972,0.0039259700784495,0.1366417909739539,0.1304304579971358,26.0
duckdb_iceberg_rest,warm,L2s,compact,speed_profile,day,1 day,376,14,3.7,7111439,4245,0.06,3742589085,16009749,0.428,1,5,0.2272771943244151,0.2258394584059715,0.0079101133050644,0.2282955829869024,0.2134488340234384,34.7
duckdb_iceberg_rest,warm,L2s,compact,both_ports,week,1 week,376,30,8.0,7111439,1130,0.016,3742589085,28669820,0.766,1,5,0.0498228746582753,0.0499400499975308,0.0019851540753296,0.0487819580012001,0.0479964169790037,4.0
duckdb_iceberg_rest,warm,L2s,compact,bounding_box,week,1 week,376,18,4.8,7111439,31336,0.441,3742589085,37682863,1.007,1,5,1.2824411106606324,1.2908649165998214,0.0438568941967395,1.2663063750369474,1.2534670419991016,79.27
duckdb_iceberg_rest,warm,L2s,compact,clip_to_region,week,1 week,376,18,4.8,7111439,31336,0.441,3742589085,37682863,1.007,1,5,0.6011531803524122,0.6001690582139417,0.0120862139720982,0.6054692080360837,0.5865696250111796,620.0
duckdb_iceberg_rest,warm,L2s,compact,collision,week,1 week,376,18,4.8,7111439,31336,0.441,3742589085,37682863,1.007,1,5,4.970343333339163,4.964037783211097,0.1621312755970482,4.937263416999485,4.733979624987114,264.0
duckdb_iceberg_rest,warm,L2s,compact,encounter_zone,week,1 week,376,18,4.8,7111439,31336,0.441,3742589085,37682863,1.007,1,5,5.115179903009751,5.114930141798686,0.2411108632087109,5.012427459005266,4.832866124983411,343.0
duckdb_iceberg_rest,warm,L2s,compact,fleet_summary,week,1 week,376,18,4.8,7111439,31336,0.441,3742589085,37682863,1.007,1,5,1.1694610416695166,1.1735414667986332,0.0144388897116265,1.171748207998462,1.1617161249741912,21937.2
duckdb_iceberg_rest,warm,L2s,compact,harbour_entry,week,1 week,376,11,2.9,7111439,16784,0.236,3742589085,70439719,1.882,1,5,0.8649168056629909,0.8656863001990132,0.0098938098941053,0.8645087920012884,0.8554877089918591,165.0
duckdb_iceberg_rest,warm,L2s,compact,nearest_approach,week,1 week,376,18,4.8,7111439,31336,0.441,3742589085,37682863,1.007,1,5,7.129837069349985,7.041725566610694,0.529348048733944,7.247341874986887,6.312032375019044,0.0
duckdb_iceberg_rest,warm,L2s,compact,position_interpolation,week,1 week,376,18,4.8,7111439,31336,0.441,3742589085,37682863,1.007,1,5,0.6126166806789115,0.6127191668027081,0.0039101768419119,0.6121903330204077,0.607461792009417,26.0
duckdb_iceberg_rest,warm,L2s,compact,speed_profile,week,1 week,376,18,4.8,7111439,31336,0.441,3742589085,37682863,1.007,1,5,1.337630527637278,1.3706477913772688,0.1011549080906955,1.3308231249684468,1.2943467079894615,39.6
duckdb_iceberg_rest,warm,L3_daily,daily,both_ports,hour,1 hour,4281,2,0.0,8234799,15,0.0,3899839346,4194556,0.108,1,5,0.2042750833400835,0.2084958586026914,0.0155952626157396,0.1991841669660061,0.196995334001258,4.0
duckdb_iceberg_rest,warm,L3_daily,daily,bounding_box,hour,1 hour,4281,5,0.1,8234799,316,0.004,3899839346,10523392,0.27,1,5,0.110715888654037,0.1106867913855239,0.0032678124772113,0.1101770420209504,0.1061629999894648,15.9
duckdb_iceberg_rest,warm,L3_daily,daily,clip_to_region,hour,1 hour,4281,5,0.1,8234799,316,0.004,3899839346,10523392,0.27,1,5,0.0850995003129355,0.0843204251839779,0.0022854621943613,0.085518250009045,0.0804287079954519,29.0
duckdb_iceberg_rest,warm,L3_daily,daily,collision,hour,1 hour,4281,5,0.1,8234799,316,0.004,3899839346,10523392,0.27,1,5,0.1294287363222489,0.1285664501949213,0.002284412541632,0.1295640830066986,0.1245716249686665,119.0
duckdb_iceberg_rest,warm,L3_daily,daily,encounter_zone,hour,1 hour,4281,5,0.1,8234799,316,0.004,3899839346,10523392,0.27,1,5,0.1286672079974475,0.1283926247968338,0.0022941632248939,0.1285132910124957,0.1252725829835981,138.0
duckdb_iceberg_rest,warm,L3_daily,daily,fleet_summary,hour,1 hour,4281,5,0.1,8234799,316,0.004,3899839346,10523392,0.27,1,5,0.0926743750072394,0.0927188164088875,0.0008231502130561,0.0928388330503366,0.0916714160121046,120.6
duckdb_iceberg_rest,warm,L3_daily,daily,harbour_entry,hour,1 hour,4281,2,0.0,8234799,368,0.004,3899839346,9094829,0.233,1,5,0.1667259306608078,0.1673384417896159,0.0061452769616576,0.1670716250082478,0.1597023750073276,73.0
duckdb_iceberg_rest,warm,L3_daily,daily,nearest_approach,hour,1 hour,4281,5,0.1,8234799,316,0.004,3899839346,10523392,0.27,1,5,0.1451363746697704,0.1446896080044098,0.0025490624626029,0.1447765830089338,0.1407730409991927,7.0
duckdb_iceberg_rest,warm,L3_daily,daily,position_interpolation,hour,1 hour,4281,5,0.1,8234799,316,0.004,3899839346,10523392,0.27,1,5,0.0871852499937328,0.0865004999912344,0.0019444722749427,0.087274040968623,0.0831536250188946,26.0
duckdb_iceberg_rest,warm,L3_daily,daily,speed_profile,hour,1 hour,4281,5,0.1,8234799,316,0.004,3899839346,10523392,0.27,1,5,0.0903782360061692,0.0900666002067737,0.0022958171665371,0.0912189580267295,0.0872179589932784,5.4
duckdb_iceberg_rest,warm,L3_daily,daily,both_ports,day,1 day,4281,12,0.3,8234799,320,0.004,3899839346,8529660,0.219,1,5,0.1713332776756336,0.1725320166093297,0.00459868999585,0.1711757919983938,0.1682679170044139,4.0
duckdb_iceberg_rest,warm,L3_daily,daily,bounding_box,day,1 day,4281,12,0.3,8234799,4848,0.059,3899839346,21222391,0.544,1,5,0.2537507636783023,0.2523499249946326,0.0093528708003331,0.2584364580106921,0.2404772089794278,61.43
duckdb_iceberg_rest,warm,L3_daily,daily,clip_to_region,day,1 day,4281,12,0.3,8234799,4848,0.059,3899839346,21222391,0.544,1,5,0.1476622503444863,0.1474660417996346,0.0020046246014061,0.1481210420024581,0.1446414579986594,113.0
duckdb_iceberg_rest,warm,L3_daily,daily,collision,day,1 day,4281,12,0.3,8234799,4848,0.059,3899839346,21222391,0.544,1,5,0.8131031390124311,0.8138080834178254,0.0389627154302786,0.8033612089930102,0.7670212080120109,165.0
duckdb_iceberg_rest,warm,L3_daily,daily,encounter_zone,day,1 day,4281,12,0.3,8234799,4848,0.059,3899839346,21222391,0.544,1,5,0.8556557920140525,0.8387871586135589,0.0630382432569373,0.8481079590274021,0.7357590420288034,195.0
duckdb_iceberg_rest,warm,L3_daily,daily,fleet_summary,day,1 day,4281,12,0.3,8234799,4848,0.059,3899839346,21222391,0.544,1,5,0.2472532079943145,0.2483357082004658,0.0048051999804205,0.2484833330381661,0.2439912920235656,2749.9
duckdb_iceberg_rest,warm,L3_daily,daily,harbour_entry,day,1 day,4281,4,0.1,8234799,4982,0.06,3899839346,18100721,0.464,1,5,0.300390444676547,0.3003614500164985,0.0079099997371283,0.3004463330144062,0.2895277910283766,96.0
duckdb_iceberg_rest,warm,L3_daily,daily,nearest_approach,day,1 day,4281,12,0.3,8234799,4848,0.059,3899839346,21222391,0.544,1,5,1.0651369303426084,1.066655525006354,0.034489372981512,1.0612383330008015,1.0215888749808073,0.0
duckdb_iceberg_rest,warm,L3_daily,daily,position_interpolation,day,1 day,4281,12,0.3,8234799,4848,0.059,3899839346,21222391,0.544,1,5,0.1734809579987389,0.1749116413993761,0.0054047593623583,0.1739392909803427,0.1700478330021724,26.0
duckdb_iceberg_rest,warm,L3_daily,daily,speed_profile,day,1 day,4281,12,0.3,8234799,4848,0.059,3899839346,21222391,0.544,1,5,0.2485189999958189,0.2504040584084578,0.0112024758319346,0.2495634169899858,0.2398169170483015,34.7
duckdb_iceberg_rest,warm,L3_daily,daily,both_ports,week,1 week,4281,52,1.2,8234799,2084,0.025,3899839346,39746145,1.019,1,5,0.2201331249671057,0.2197361499769613,0.0066714151853885,0.2210437089670449,0.2120593329891562,4.0
duckdb_iceberg_rest,warm,L3_daily,daily,bounding_box,week,1 week,4281,51,1.2,8234799,37941,0.461,3899839346,95060611,2.438,1,5,1.3915557500052576,1.4182376916054635,0.1999755639217156,1.3807418330106884,1.2296251659863628,79.2
duckdb_iceberg_rest,warm,L3_daily,daily,clip_to_region,week,1 week,4281,51,1.2,8234799,37941,0.461,3899839346,95060611,2.438,1,5,0.636304444342386,0.6424234748119488,0.0245480900519381,0.6341734169982374,0.6207443330204114,620.0
duckdb_iceberg_rest,warm,L3_daily,daily,collision,week,1 week,4281,51,1.2,8234799,37941,0.461,3899839346,95060611,2.438,1,5,5.189431458323573,5.211159866594244,0.3336682624279273,5.043573791976087,4.874925333017018,263.0
duckdb_iceberg_rest,warm,L3_daily,daily,encounter_zone,week,1 week,4281,51,1.2,8234799,37941,0.461,3899839346,95060611,2.438,1,5,5.760239486000501,5.795500924799126,0.6519327779882282,5.582584374991711,5.064812582975719,342.0
duckdb_iceberg_rest,warm,L3_daily,daily,fleet_summary,week,1 week,4281,51,1.2,8234799,37941,0.461,3899839346,95060611,2.438,1,5,1.15118015264549,1.150744266586844,0.005125808709097,1.15006249997532,1.1432419170159849,20906.9
duckdb_iceberg_rest,warm,L3_daily,daily,harbour_entry,week,1 week,4281,20,0.5,8234799,30470,0.37,3899839346,73374586,1.881,1,5,1.14107074966887,1.13890406639548,0.054386354669696,1.1401570410234854,1.0593515419750474,165.0
duckdb_iceberg_rest,warm,L3_daily,daily,nearest_approach,week,1 week,4281,51,1.2,8234799,37941,0.461,3899839346,95060611,2.438,1,5,7.684469722347179,7.65062472501304,0.119153642384628,7.698331792023964,7.449862333014607,0.0
duckdb_iceberg_rest,warm,L3_daily,daily,position_interpolation,week,1 week,4281,51,1.2,8234799,37941,0.461,3899839346,95060611,2.438,1,5,0.6409839306531163,0.6480220001889393,0.0285743759666052,0.6345880000153556,0.6224311669939198,26.0
duckdb_iceberg_rest,warm,L3_daily,daily,speed_profile,week,1 week,4281,51,1.2,8234799,37941,0.461,3899839346,95060611,2.438,1,5,1.6138042083087687,1.577749183366541,0.1369826106294518,1.6177232909831218,1.3457155829528349,39.0
duckdb_iceberg_rest,warm,L3s,compact,both_ports,hour,1 hour,369,11,3.0,8234799,15,0.0,3803400582,15570349,0.409,1,5,0.0461022083181887,0.0467517831828445,0.0042842984021364,0.0452044999692589,0.0422952499939128,4.0
duckdb_iceberg_rest,warm,L3s,compact,bounding_box,hour,1 hour,369,13,3.5,8234799,316,0.004,3803400582,11220321,0.295,1,5,0.0676065837033093,0.0677991168224252,0.0034320982721371,0.0680035840487107,0.0636804160312749,15.9
duckdb_iceberg_rest,warm,L3s,compact,clip_to_region,hour,1 hour,369,13,3.5,8234799,316,0.004,3803400582,11220321,0.295,1,5,0.0419887776758211,0.0416034084046259,0.0012496345102055,0.0418496250058524,0.0394752499996684,29.0
duckdb_iceberg_rest,warm,L3s,compact,collision,hour,1 hour,369,13,3.5,8234799,316,0.004,3803400582,11220321,0.295,1,5,0.0936212220112793,0.0941638414165936,0.0023300497957885,0.09364325000206,0.0920562910032458,119.0
duckdb_iceberg_rest,warm,L3s,compact,encounter_zone,hour,1 hour,369,13,3.5,8234799,316,0.004,3803400582,11220321,0.295,1,5,0.0915386943379417,0.0914917582063935,0.0023538283639748,0.0919730419991537,0.0882374579668976,138.0
duckdb_iceberg_rest,warm,L3s,compact,fleet_summary,hour,1 hour,369,13,3.5,8234799,316,0.004,3803400582,11220321,0.295,1,5,0.0540632639895193,0.0541427497868426,0.0014457562983311,0.0546748340129852,0.0526314160088077,120.6
duckdb_iceberg_rest,warm,L3s,compact,harbour_entry,hour,1 hour,369,11,3.0,8234799,368,0.004,3803400582,42755171,1.124,1,5,0.0907148059923201,0.0911231251899153,0.0024590676309255,0.0916339589748531,0.0887832500156946,73.0
duckdb_iceberg_rest,warm,L3s,compact,nearest_approach,hour,1 hour,369,13,3.5,8234799,316,0.004,3803400582,11220321,0.295,1,5,0.1166713196629037,0.1166151835932396,0.005447167612119,0.1180520000052638,0.1102716670138761,7.0
duckdb_iceberg_rest,warm,L3s,compact,position_interpolation,hour,1 hour,369,13,3.5,8234799,316,0.004,3803400582,11220321,0.295,1,5,0.0479969306422087,0.0480880333809182,0.0010840453999036,0.0475923749618232,0.0470938329817727,26.0
duckdb_iceberg_rest,warm,L3s,compact,speed_profile,hour,1 hour,369,13,3.5,8234799,316,0.004,3803400582,11220321,0.295,1,5,0.0556394583351599,0.0555330333998426,0.0007853553276916,0.0556916670175269,0.054336457978934,5.4
duckdb_iceberg_rest,warm,L3s,compact,both_ports,day,1 day,369,23,6.2,8234799,320,0.004,3803400582,17280663,0.454,1,5,0.0330643613318291,0.0332260583876632,0.0006836998007629,0.0330010000034235,0.0326115419738926,4.0
duckdb_iceberg_rest,warm,L3s,compact,bounding_box,day,1 day,369,14,3.8,8234799,4848,0.059,3803400582,13895576,0.365,1,5,0.2105945413156102,0.2139385747839696,0.0154170085361336,0.212959749973379,0.1992874999996274,61.43
duckdb_iceberg_rest,warm,L3s,compact,clip_to_region,day,1 day,369,14,3.8,8234799,4848,0.059,3803400582,13895576,0.365,1,5,0.1049637916924742,0.105213441606611,0.0013386876113607,0.1045562080107629,0.1039450829848647,113.0
duckdb_iceberg_rest,warm,L3s,compact,collision,day,1 day,369,14,3.8,8234799,4848,0.059,3803400582,13895576,0.365,1,5,0.8023431526574617,0.7930317081860266,0.0344287107718992,0.8038897499791346,0.7343164579942822,165.0
duckdb_iceberg_rest,warm,L3s,compact,encounter_zone,day,1 day,369,14,3.8,8234799,4848,0.059,3803400582,13895576,0.365,1,5,0.7667299026506953,0.7660624500014819,0.0480467106679891,0.7707417089841329,0.700559750024695,195.0
duckdb_iceberg_rest,warm,L3s,compact,fleet_summary,day,1 day,369,14,3.8,8234799,4848,0.059,3803400582,13895576,0.365,1,5,0.2001173893610636,0.20194390862016,0.005267212730099,0.1998577089980244,0.198322000040207,2749.9
duckdb_iceberg_rest,warm,L3s,compact,harbour_entry,day,1 day,369,11,3.0,8234799,4982,0.06,3803400582,46597883,1.225,1,5,0.2143736943641367,0.2150272334227338,0.0065048836447829,0.2137745830113999,0.2079740420449525,96.0
duckdb_iceberg_rest,warm,L3s,compact,nearest_approach,day,1 day,369,14,3.8,8234799,4848,0.059,3803400582,13895576,0.365,1,5,1.073457444649345,1.0715440085856245,0.0300171423207164,1.0792331249685958,1.0312724169925789,0.0
duckdb_iceberg_rest,warm,L3s,compact,position_interpolation,day,1 day,369,14,3.8,8234799,4848,0.059,3803400582,13895576,0.365,1,5,0.127522596992397,0.1275059330044314,0.0015708920673232,0.1281139169586822,0.1258165829931385,26.0
duckdb_iceberg_rest,warm,L3s,compact,speed_profile,day,1 day,369,14,3.8,8234799,4848,0.059,3803400582,13895576,0.365,1,5,0.2010308196574139,0.20379653358832,0.0078986716596401,0.2012796669732779,0.1981647500069812,34.7
duckdb_iceberg_rest,warm,L3s,compact,both_ports,week,1 week,369,30,8.1,8234799,2084,0.025,3803400582,29496202,0.776,1,5,0.0483475136764658,0.0482116998056881,0.0013382829146644,0.0484699580119922,0.0461681669694371,4.0
duckdb_iceberg_rest,warm,L3s,compact,bounding_box,week,1 week,369,18,4.9,8234799,37941,0.461,3803400582,38203104,1.004,1,5,1.2467441666910115,1.2783939832122997,0.1203788730286132,1.2478250420535917,1.1781371249817312,79.2
duckdb_iceberg_rest,warm,L3s,compact,clip_to_region,week,1 week,369,18,4.9,8234799,37941,0.461,3803400582,38203104,1.004,1,5,0.5678514996737553,0.5712413413915783,0.0107941198841034,0.5664814580231905,0.5634534579585306,620.0
duckdb_iceberg_rest,warm,L3s,compact,collision,week,1 week,369,18,4.9,8234799,37941,0.461,3803400582,38203104,1.004,1,5,5.091278541309293,5.052211241377518,0.2598232813683821,5.065118332975544,4.641015291970689,263.0
duckdb_iceberg_rest,warm,L3s,compact,encounter_zone,week,1 week,369,18,4.9,8234799,37941,0.461,3803400582,38203104,1.004,1,5,5.163649527336626,5.232389558188151,0.4589862455739816,5.208164707990363,4.758218749950174,342.0
duckdb_iceberg_rest,warm,L3s,compact,fleet_summary,week,1 week,369,18,4.9,8234799,37941,0.461,3803400582,38203104,1.004,1,5,1.0930543750097663,1.0923867082106882,0.0061746253085437,1.09259870799724,1.0828351249801926,20906.9
duckdb_iceberg_rest,warm,L3s,compact,harbour_entry,week,1 week,369,11,3.0,8234799,30470,0.37,3803400582,58841474,1.547,1,5,0.875895069349402,0.8756406332133337,0.0055654122008179,0.8762831250205636,0.8691863749991171,165.0
duckdb_iceberg_rest,warm,L3s,compact,nearest_approach,week,1 week,369,18,4.9,8234799,37941,0.461,3803400582,38203104,1.004,1,5,7.3908994303201325,7.34038612479344,0.4215823588978216,7.268726415990386,6.752292499993928,0.0
duckdb_iceberg_rest,warm,L3s,compact,position_interpolation,week,1 week,369,18,4.9,8234799,37941,0.461,3803400582,38203104,1.004,1,5,0.5858270696480758,0.5921828165883198,0.0214327732630556,0.5821059169829823,0.5760817079572007,26.0
duckdb_iceberg_rest,warm,L3s,compact,speed_profile,week,1 week,369,18,4.9,8234799,37941,0.461,3803400582,38203104,1.004,1,5,1.2057824446625698,1.2050558333983643,0.0108830673912378,1.2093279169639573,1.1904177499818616,39.0
duckdb_iceberg_rest,warm,L4_daily,daily,both_ports,hour,1 hour,744,9,1.2,676530,7,0.001,3365861321,106293172,3.158,1,1,0.0764175420044921,0.0764175420044921,0.0,0.0764175420044921,0.0764175420044921,4.0
duckdb_iceberg_rest,warm,L4_daily,daily,bounding_box,hour,1 hour,744,9,1.2,676530,69,0.01,3365861321,45079300,1.339,1,1,0.1490937499911524,0.1490937499911524,0.0,0.1490937499911524,0.1490937499911524,15.9
duckdb_iceberg_rest,warm,L4_daily,daily,clip_to_region,hour,1 hour,744,9,1.2,676530,69,0.01,3365861321,45079300,1.339,1,1,0.1210145410150289,0.1210145410150289,0.0,0.1210145410150289,0.1210145410150289,29.0
duckdb_iceberg_rest,warm,L4_daily,daily,collision,hour,1 hour,744,9,1.2,676530,69,0.01,3365861321,45079300,1.339,1,1,0.1571774589829147,0.1571774589829147,0.0,0.1571774589829147,0.1571774589829147,119.0
duckdb_iceberg_rest,warm,L4_daily,daily,encounter_zone,hour,1 hour,744,9,1.2,676530,69,0.01,3365861321,45079300,1.339,1,1,0.1515960409888066,0.1515960409888066,0.0,0.1515960409888066,0.1515960409888066,138.0
duckdb_iceberg_rest,warm,L4_daily,daily,fleet_summary,hour,1 hour,744,9,1.2,676530,69,0.01,3365861321,45079300,1.339,1,1,0.1243818330112844,0.1243818330112844,0.0,0.1243818330112844,0.1243818330112844,123.2
duckdb_iceberg_rest,warm,L4_daily,daily,harbour_entry,hour,1 hour,744,9,1.2,676530,105,0.016,3365861321,58520727,1.739,1,1,0.1515383750083856,0.1515383750083856,0.0,0.1515383750083856,0.1515383750083856,73.0
duckdb_iceberg_rest,warm,L4_daily,daily,nearest_approach,hour,1 hour,744,9,1.2,676530,69,0.01,3365861321,45079300,1.339,1,1,0.1582552920444868,0.1582552920444868,0.0,0.1582552920444868,0.1582552920444868,7.0
duckdb_iceberg_rest,warm,L4_daily,daily,position_interpolation,hour,1 hour,744,9,1.2,676530,69,0.01,3365861321,45079300,1.339,1,1,0.1244959579780697,0.1244959579780697,0.0,0.1244959579780697,0.1244959579780697,26.0
duckdb_iceberg_rest,warm,L4_daily,daily,speed_profile,hour,1 hour,744,9,1.2,676530,69,0.01,3365861321,45079300,1.339,1,1,0.1351760419784113,0.1351760419784113,0.0,0.1351760419784113,0.1351760419784113,5.4
duckdb_iceberg_rest,warm,L4_daily,daily,both_ports,day,1 day,744,64,8.6,676530,184,0.027,3365861321,235562078,6.999,1,1,0.2198931669699959,0.2198931669699959,0.0,0.2198931669699959,0.2198931669699959,4.0
duckdb_iceberg_rest,warm,L4_daily,daily,bounding_box,day,1 day,744,32,4.3,676530,616,0.091,3365861321,153335544,4.556,1,1,0.3568086249870248,0.3568086249870248,0.0,0.3568086249870248,0.3568086249870248,61.43
duckdb_iceberg_rest,warm,L4_daily,daily,clip_to_region,day,1 day,744,32,4.3,676530,616,0.091,3365861321,153335544,4.556,1,1,0.2219790000235662,0.2219790000235662,0.0,0.2219790000235662,0.2219790000235662,113.0
duckdb_iceberg_rest,warm,L4_daily,daily,collision,day,1 day,744,32,4.3,676530,616,0.091,3365861321,153335544,4.556,1,1,0.4988322500139475,0.4988322500139475,0.0,0.4988322500139475,0.4988322500139475,165.0
duckdb_iceberg_rest,warm,L4_daily,daily,encounter_zone,day,1 day,744,32,4.3,676530,616,0.091,3365861321,153335544,4.556,1,1,0.5369441660004668,0.5369441660004668,0.0,0.5369441660004668,0.5369441660004668,195.0
duckdb_iceberg_rest,warm,L4_daily,daily,fleet_summary,day,1 day,744,32,4.3,676530,616,0.091,3365861321,153335544,4.556,1,1,0.2889977080048993,0.2889977080048993,0.0,0.2889977080048993,0.2889977080048993,2876.4
duckdb_iceberg_rest,warm,L4_daily,daily,harbour_entry,day,1 day,744,32,4.3,676530,1169,0.173,3365861321,166760751,4.954,1,1,0.276045584003441,0.276045584003441,0.0,0.276045584003441,0.276045584003441,96.0
duckdb_iceberg_rest,warm,L4_daily,daily,nearest_approach,day,1 day,744,32,4.3,676530,616,0.091,3365861321,153335544,4.556,1,1,0.5341114999609999,0.5341114999609999,0.0,0.5341114999609999,0.5341114999609999,0.0
duckdb_iceberg_rest,warm,L4_daily,daily,position_interpolation,day,1 day,744,32,4.3,676530,616,0.091,3365861321,153335544,4.556,1,1,0.2270661249640397,0.2270661249640397,0.0,0.2270661249640397,0.2270661249640397,26.0
duckdb_iceberg_rest,warm,L4_daily,daily,speed_profile,day,1 day,744,32,4.3,676530,616,0.091,3365861321,153335544,4.556,1,1,0.311540791997686,0.311540791997686,0.0,0.311540791997686,0.311540791997686,34.7
duckdb_iceberg_rest,warm,L4_daily,daily,both_ports,week,1 week,744,352,47.3,676530,1193,0.176,3365861321,881181198,26.18,1,1,0.7513217910309322,0.7513217910309322,0.0,0.7513217910309322,0.7513217910309322,4.0
duckdb_iceberg_rest,warm,L4_daily,daily,bounding_box,week,1 week,744,176,23.7,676530,4409,0.652,3365861321,867908046,25.786,1,1,1.410490500042215,1.410490500042215,0.0,1.410490500042215,1.410490500042215,79.27
duckdb_iceberg_rest,warm,L4_daily,daily,clip_to_region,week,1 week,744,176,23.7,676530,4409,0.652,3365861321,867908046,25.786,1,1,0.8630589169915766,0.8630589169915766,0.0,0.8630589169915766,0.8630589169915766,620.0
duckdb_iceberg_rest,warm,L4_daily,daily,collision,week,1 week,744,176,23.7,676530,4409,0.652,3365861321,867908046,25.786,1,1,3.0334857089910656,3.0334857089910656,0.0,3.0334857089910656,3.0334857089910656,264.0
duckdb_iceberg_rest,warm,L4_daily,daily,encounter_zone,week,1 week,744,176,23.7,676530,4409,0.652,3365861321,867908046,25.786,1,1,3.358874208992347,3.358874208992347,0.0,3.358874208992347,3.358874208992347,343.0
duckdb_iceberg_rest,warm,L4_daily,daily,fleet_summary,week,1 week,744,176,23.7,676530,4409,0.652,3365861321,867908046,25.786,1,1,1.2327756250160746,1.2327756250160746,0.0,1.2327756250160746,1.2327756250160746,21937.2
duckdb_iceberg_rest,warm,L4_daily,daily,harbour_entry,week,1 week,744,176,23.7,676530,7438,1.099,3365861321,881204228,26.181,1,1,1.2783499169745485,1.2783499169745485,0.0,1.2783499169745485,1.2783499169745485,165.0
duckdb_iceberg_rest,warm,L4_daily,daily,nearest_approach,week,1 week,744,176,23.7,676530,4409,0.652,3365861321,867908046,25.786,1,1,3.680160999996587,3.680160999996587,0.0,3.680160999996587,3.680160999996587,0.0
duckdb_iceberg_rest,warm,L4_daily,daily,position_interpolation,week,1 week,744,176,23.7,676530,4409,0.652,3365861321,867908046,25.786,1,1,0.8867833749973215,0.8867833749973215,0.0,0.8867833749973215,0.8867833749973215,26.0
duckdb_iceberg_rest,warm,L4_daily,daily,speed_profile,week,1 week,744,176,23.7,676530,4409,0.652,3365861321,867908046,25.786,1,1,1.2933771249954589,1.2933771249954589,0.0,1.2933771249954589,1.2933771249954589,39.6
duckdb_iceberg_rest,warm,L4s,compact,both_ports,hour,1 hour,24,24,100.0,676530,7,0.001,3471888515,1356583230,39.073,1,1,0.0712247079936787,0.0712247079936787,0.0,0.0712247079936787,0.0712247079936787,4.0
duckdb_iceberg_rest,warm,L4s,compact,bounding_box,hour,1 hour,24,24,100.0,676530,69,0.01,3471888515,122060641,3.516,1,1,0.1130555000272579,0.1130555000272579,0.0,0.1130555000272579,0.1130555000272579,15.9
duckdb_iceberg_rest,warm,L4s,compact,clip_to_region,hour,1 hour,24,24,100.0,676530,69,0.01,3471888515,122060641,3.516,1,1,0.1015553749748505,0.1015553749748505,0.0,0.1015553749748505,0.1015553749748505,29.0
duckdb_iceberg_rest,warm,L4s,compact,collision,hour,1 hour,24,24,100.0,676530,69,0.01,3471888515,122060641,3.516,1,1,0.1381777920178137,0.1381777920178137,0.0,0.1381777920178137,0.1381777920178137,119.0
duckdb_iceberg_rest,warm,L4s,compact,encounter_zone,hour,1 hour,24,24,100.0,676530,69,0.01,3471888515,122060641,3.516,1,1,0.1416339579736814,0.1416339579736814,0.0,0.1416339579736814,0.1416339579736814,138.0
duckdb_iceberg_rest,warm,L4s,compact,fleet_summary,hour,1 hour,24,24,100.0,676530,69,0.01,3471888515,122060641,3.516,1,1,0.1118697499623522,0.1118697499623522,0.0,0.1118697499623522,0.1118697499623522,123.2
duckdb_iceberg_rest,warm,L4s,compact,harbour_entry,hour,1 hour,24,24,100.0,676530,105,0.016,3471888515,1195254935,34.427,1,1,0.1945708339917473,0.1945708339917473,0.0,0.1945708339917473,0.1945708339917473,73.0
duckdb_iceberg_rest,warm,L4s,compact,nearest_approach,hour,1 hour,24,24,100.0,676530,69,0.01,3471888515,122060641,3.516,1,1,0.1611865410231985,0.1611865410231985,0.0,0.1611865410231985,0.1611865410231985,7.0
duckdb_iceberg_rest,warm,L4s,compact,position_interpolation,hour,1 hour,24,24,100.0,676530,69,0.01,3471888515,122060641,3.516,1,1,0.1220181249664165,0.1220181249664165,0.0,0.1220181249664165,0.1220181249664165,26.0
duckdb_iceberg_rest,warm,L4s,compact,speed_profile,hour,1 hour,24,24,100.0,676530,69,0.01,3471888515,122060641,3.516,1,1,0.1808237910154275,0.1808237910154275,0.0,0.1808237910154275,0.1808237910154275,5.4
duckdb_iceberg_rest,warm,L4s,compact,both_ports,day,1 day,24,48,200.0,676530,184,0.027,3471888515,1356712564,39.077,1,1,0.3755420829984359,0.3755420829984359,0.0,0.3755420829984359,0.3755420829984359,4.0
duckdb_iceberg_rest,warm,L4s,compact,bounding_box,day,1 day,24,24,100.0,676530,616,0.091,3471888515,714676354,20.585,1,1,0.49342399998568,0.49342399998568,0.0,0.49342399998568,0.49342399998568,61.43
duckdb_iceberg_rest,warm,L4s,compact,clip_to_region,day,1 day,24,24,100.0,676530,616,0.091,3471888515,714676354,20.585,1,1,0.3842274579801596,0.3842274579801596,0.0,0.3842274579801596,0.3842274579801596,113.0
duckdb_iceberg_rest,warm,L4s,compact,collision,day,1 day,24,24,100.0,676530,616,0.091,3471888515,714676354,20.585,1,1,0.7492530410527252,0.7492530410527252,0.0,0.7492530410527252,0.7492530410527252,165.0
duckdb_iceberg_rest,warm,L4s,compact,encounter_zone,day,1 day,24,24,100.0,676530,616,0.091,3471888515,714676354,20.585,1,1,0.7487122080055997,0.7487122080055997,0.0,0.7487122080055997,0.7487122080055997,195.0
duckdb_iceberg_rest,warm,L4s,compact,fleet_summary,day,1 day,24,24,100.0,676530,616,0.091,3471888515,714676354,20.585,1,1,0.4443627909640781,0.4443627909640781,0.0,0.4443627909640781,0.4443627909640781,2876.4
duckdb_iceberg_rest,warm,L4s,compact,harbour_entry,day,1 day,24,24,100.0,676530,1169,0.173,3471888515,1195434247,34.432,1,1,0.3773189170169644,0.3773189170169644,0.0,0.3773189170169644,0.3773189170169644,96.0
duckdb_iceberg_rest,warm,L4s,compact,nearest_approach,day,1 day,24,24,100.0,676530,616,0.091,3471888515,714676354,20.585,1,1,0.751715750026051,0.751715750026051,0.0,0.751715750026051,0.751715750026051,0.0
duckdb_iceberg_rest,warm,L4s,compact,position_interpolation,day,1 day,24,24,100.0,676530,616,0.091,3471888515,714676354,20.585,1,1,0.3756684580002911,0.3756684580002911,0.0,0.3756684580002911,0.3756684580002911,26.0
duckdb_iceberg_rest,warm,L4s,compact,speed_profile,day,1 day,24,24,100.0,676530,616,0.091,3471888515,714676354,20.585,1,1,0.5192336660111323,0.5192336660111323,0.0,0.5192336660111323,0.5192336660111323,34.7
duckdb_iceberg_rest,warm,L4s,compact,both_ports,week,1 week,24,48,200.0,676530,1193,0.176,3471888515,1356726037,39.077,1,1,0.5198057090165094,0.5198057090165094,0.0,0.5198057090165094,0.5198057090165094,4.0
duckdb_iceberg_rest,warm,L4s,compact,bounding_box,week,1 week,24,24,100.0,676530,4409,0.652,3471888515,952748152,27.442,1,1,1.5511100830044595,1.5511100830044595,0.0,1.5511100830044595,1.5511100830044595,79.27
duckdb_iceberg_rest,warm,L4s,compact,clip_to_region,week,1 week,24,24,100.0,676530,4409,0.652,3471888515,952748152,27.442,1,1,0.8595292500103824,0.8595292500103824,0.0,0.8595292500103824,0.8595292500103824,620.0
duckdb_iceberg_rest,warm,L4s,compact,collision,week,1 week,24,24,100.0,676530,4409,0.652,3471888515,952748152,27.442,1,1,2.845138291013427,2.845138291013427,0.0,2.845138291013427,2.845138291013427,264.0
duckdb_iceberg_rest,warm,L4s,compact,encounter_zone,week,1 week,24,24,100.0,676530,4409,0.652,3471888515,952748152,27.442,1,1,3.4081009589717723,3.4081009589717723,0.0,3.4081009589717723,3.4081009589717723,343.0
duckdb_iceberg_rest,warm,L4s,compact,fleet_summary,week,1 week,24,24,100.0,676530,4409,0.652,3471888515,952748152,27.442,1,1,1.2550042920047415,1.2550042920047415,0.0,1.2550042920047415,1.2550042920047415,21937.2
duckdb_iceberg_rest,warm,L4s,compact,harbour_entry,week,1 week,24,24,100.0,676530,7438,1.099,3471888515,1195483392,34.433,1,1,1.2039237919962034,1.2039237919962034,0.0,1.2039237919962034,1.2039237919962034,165.0
duckdb_iceberg_rest,warm,L4s,compact,nearest_approach,week,1 week,24,24,100.0,676530,4409,0.652,3471888515,952748152,27.442,1,1,3.713711375021376,3.713711375021376,0.0,3.713711375021376,3.713711375021376,0.0
duckdb_iceberg_rest,warm,L4s,compact,position_interpolation,week,1 week,24,24,100.0,676530,4409,0.652,3471888515,952748152,27.442,1,1,0.8334851250401698,0.8334851250401698,0.0,0.8334851250401698,0.8334851250401698,26.0
duckdb_iceberg_rest,warm,L4s,compact,speed_profile,week,1 week,24,24,100.0,676530,4409,0.652,3471888515,952748152,27.442,1,1,1.3568204999901354,1.3568204999901354,0.0,1.3568204999901354,1.3568204999901354,39.6
