system,layout,gran,query,selectivity,span,files_total,files_read,files_pct,n_iters,runtime_trimmed_s,runtime_median_s,runtime_min_s,answer
duckdb_parquet,L0,daily,both_ports,hour,1 hour,31,62,200.0,5,0.47859606965600204,0.4839640000136569,0.4585015829652548,4.0
duckdb_parquet,L0,daily,bounding_box,hour,1 hour,31,31,100.0,5,0.37495715301095817,0.37597529200138524,0.3691400419920683,4.76
duckdb_parquet,L0,daily,clip_to_region,hour,1 hour,31,31,100.0,5,0.3470911116843733,0.3462978340103291,0.34309845900861546,28.0
duckdb_parquet,L0,daily,collision,hour,1 hour,31,31,100.0,5,0.38924112531822175,0.3890808339929208,0.38755245797801763,69.0
duckdb_parquet,L0,daily,encounter_zone,hour,1 hour,31,31,100.0,5,0.4147793333007333,0.418863250000868,0.39517408300889656,88.0
duckdb_parquet,L0,daily,fleet_summary,hour,1 hour,31,31,100.0,5,0.37130620833098266,0.37070487503660843,0.3644273329991847,41.3
duckdb_parquet,L0,daily,harbour_entry,hour,1 hour,31,31,100.0,5,0.5455765556738091,0.5472637499915436,0.5034660830278881,56.0
duckdb_parquet,L0,daily,nearest_approach,hour,1 hour,31,31,100.0,5,0.449419597008576,0.4509128750069067,0.44530479196691886,11.0
duckdb_parquet,L0,daily,position_interpolation,hour,1 hour,31,31,100.0,5,0.3609719580078187,0.36521154100773856,0.3441932079731487,18.0
duckdb_parquet,L0,daily,speed_profile,hour,1 hour,31,31,100.0,5,0.3700611666815045,0.37051545799477026,0.36255112499929965,1.5
duckdb_parquet,L0,daily,both_ports,day,1 day,31,62,200.0,5,1.0052548056507173,1.055293207988143,0.7759618749842048,4.0
duckdb_parquet,L0,daily,bounding_box,day,1 day,31,31,100.0,5,0.8829925693183517,0.8914829579880461,0.8200376249733381,62.69
duckdb_parquet,L0,daily,clip_to_region,day,1 day,31,31,100.0,5,0.583165611315053,0.5851234999718145,0.5557646250235848,115.0
duckdb_parquet,L0,daily,collision,day,1 day,31,31,100.0,5,1.681999569312514,1.7001444999477826,1.5114022089983337,163.0
duckdb_parquet,L0,daily,encounter_zone,day,1 day,31,31,100.0,5,1.8120398610287036,1.8582773330272175,1.6314647499821149,194.0
duckdb_parquet,L0,daily,fleet_summary,day,1 day,31,31,100.0,5,0.8519758893138109,0.8418795419856906,0.7892688749707304,2840.5
duckdb_parquet,L0,daily,harbour_entry,day,1 day,31,31,100.0,5,1.2502051529979024,1.2071994169964455,1.1530220830463804,99.0
duckdb_parquet,L0,daily,nearest_approach,day,1 day,31,31,100.0,5,2.1099874029944963,2.127164042030927,1.9662389589939266,0.0
duckdb_parquet,L0,daily,position_interpolation,day,1 day,31,31,100.0,5,0.6607937223161571,0.6566627499996684,0.6212254160200246,29.0
duckdb_parquet,L0,daily,speed_profile,day,1 day,31,31,100.0,5,0.84847183333477,0.8629450420266949,0.7926418749848381,35.9
duckdb_parquet,L0,daily,both_ports,week,1 week,31,62,200.0,5,3.563309194694739,3.5067982090404257,3.456320874975063,4.0
duckdb_parquet,L0,daily,bounding_box,week,1 week,31,31,100.0,5,4.0956261389850015,3.905524500005413,3.8288789590005763,79.09
duckdb_parquet,L0,daily,clip_to_region,week,1 week,31,31,100.0,5,2.24553043001409,2.2379101660335436,2.192620582995005,622.0
duckdb_parquet,L0,daily,collision,week,1 week,31,31,100.0,5,11.254681958331881,11.148008166986983,10.486481666972395,264.0
duckdb_parquet,L0,daily,encounter_zone,week,1 week,31,31,100.0,5,9.959115875322217,9.49776841700077,9.351907040982042,343.0
duckdb_parquet,L0,daily,fleet_summary,week,1 week,31,31,100.0,5,3.6097073610095927,3.6009582499973476,3.5780229999800213,21860.0
duckdb_parquet,L0,daily,harbour_entry,week,1 week,31,31,100.0,5,3.7518914166915542,3.7449817080050707,3.735610458999872,165.0
duckdb_parquet,L0,daily,nearest_approach,week,1 week,31,31,100.0,5,11.687758721973902,11.50461920798989,11.241778625000734,0.0
duckdb_parquet,L0,daily,position_interpolation,week,1 week,31,31,100.0,5,2.2048249859944917,2.2007115419837646,2.1727791250450537,26.0
duckdb_parquet,L0,daily,speed_profile,week,1 week,31,31,100.0,5,4.048634597333148,4.1034034169861116,3.683279875025619,39.7
duckdb_parquet,L0X,daily,both_ports,hour,1 hour,31,62,200.0,5,0.3722065693194357,0.3689287079614587,0.36316104198340327,4.0
duckdb_parquet,L0X,daily,bounding_box,hour,1 hour,31,31,100.0,5,0.2231227356630067,0.21787183301057667,0.21160949999466538,4.76
duckdb_parquet,L0X,daily,clip_to_region,hour,1 hour,31,31,100.0,5,0.1957042773331826,0.19559279101667926,0.19207716698292643,28.0
duckdb_parquet,L0X,daily,collision,hour,1 hour,31,31,100.0,5,0.24038868034646535,0.24073487502755597,0.2376695840503089,69.0
duckdb_parquet,L0X,daily,encounter_zone,hour,1 hour,31,31,100.0,5,0.25424002766764414,0.25372308294754475,0.24114641698542982,88.0
duckdb_parquet,L0X,daily,fleet_summary,hour,1 hour,31,31,100.0,5,0.2206123749880741,0.22208558296551928,0.21315916703315452,41.3
duckdb_parquet,L0X,daily,harbour_entry,hour,1 hour,31,31,100.0,5,0.33976427766416845,0.33920116600347683,0.3287754579796456,56.0
duckdb_parquet,L0X,daily,nearest_approach,hour,1 hour,31,31,100.0,5,0.26376629164830473,0.26422354200622067,0.2571119580534287,11.0
duckdb_parquet,L0X,daily,position_interpolation,hour,1 hour,31,31,100.0,5,0.22057586101194224,0.22295424999902025,0.21450125001138076,18.0
duckdb_parquet,L0X,daily,speed_profile,hour,1 hour,31,31,100.0,5,0.22310015268158168,0.2201607500319369,0.21338420896790922,1.5
duckdb_parquet,L0X,daily,both_ports,day,1 day,31,62,200.0,5,0.7586079026417186,0.7515887499903329,0.7312605420011096,4.0
duckdb_parquet,L0X,daily,bounding_box,day,1 day,31,31,100.0,5,0.7305988056662803,0.7221439169952646,0.7163205829565413,62.69
duckdb_parquet,L0X,daily,clip_to_region,day,1 day,31,31,100.0,5,0.4586366666674924,0.4612478330382146,0.4344586670049466,115.0
duckdb_parquet,L0X,daily,collision,day,1 day,31,31,100.0,5,1.5433614303474315,1.5487454159883782,1.4263114159693941,163.0
duckdb_parquet,L0X,daily,encounter_zone,day,1 day,31,31,100.0,5,1.491312889343438,1.456930708955042,1.4338675829931162,194.0
duckdb_parquet,L0X,daily,fleet_summary,day,1 day,31,31,100.0,5,0.6504679026741845,0.6433327079867013,0.6256157919997349,2840.5
duckdb_parquet,L0X,daily,harbour_entry,day,1 day,31,31,100.0,5,0.7976720416530346,0.7956011249916628,0.7896335419500247,99.0
duckdb_parquet,L0X,daily,nearest_approach,day,1 day,31,31,100.0,5,1.8018587219994515,1.814954957982991,1.666318291972857,0.0
duckdb_parquet,L0X,daily,position_interpolation,day,1 day,31,31,100.0,5,0.4712789023372655,0.4677525410079397,0.46313920797547325,29.0
duckdb_parquet,L0X,daily,speed_profile,day,1 day,31,31,100.0,5,0.8197478336708931,0.8275674169999547,0.746137665992137,35.9
duckdb_parquet,L0X,daily,both_ports,week,1 week,31,62,200.0,5,3.2836467079857052,3.2789777910220437,3.2533657919848338,4.0
duckdb_parquet,L0X,daily,bounding_box,week,1 week,31,31,100.0,5,3.783279624651186,3.7670285829808563,3.58252833399456,79.09
duckdb_parquet,L0X,daily,clip_to_region,week,1 week,31,31,100.0,5,2.0281526939749406,2.0282606659457088,1.9995358330197632,622.0
duckdb_parquet,L0X,daily,collision,week,1 week,31,31,100.0,5,9.246539444643227,9.246541625005193,9.072385290986858,264.0
duckdb_parquet,L0X,daily,encounter_zone,week,1 week,31,31,100.0,5,10.064497569653517,9.609889499959536,9.413229750003666,343.0
duckdb_parquet,L0X,daily,fleet_summary,week,1 week,31,31,100.0,5,3.544498569681309,3.5504919170052744,3.529076958016958,21860.0
duckdb_parquet,L0X,daily,harbour_entry,week,1 week,31,31,100.0,5,3.6650031249931394,3.6626769159920514,3.6357580830226652,165.0
duckdb_parquet,L0X,daily,nearest_approach,week,1 week,31,31,100.0,5,12.929307083327634,12.939839917002246,11.527616167033557,0.0
duckdb_parquet,L0X,daily,position_interpolation,week,1 week,31,31,100.0,5,2.0864467640058137,2.0494158329674974,2.034633165982086,26.0
duckdb_parquet,L0X,daily,speed_profile,week,1 week,31,31,100.0,5,4.159454805349621,4.232658666034695,3.799444458039943,39.7
duckdb_parquet,L0Z,daily,both_ports,hour,1 hour,31,62,200.0,5,0.3696802636453261,0.3709959999541752,0.3604823329951614,4.0
duckdb_parquet,L0Z,daily,bounding_box,hour,1 hour,31,31,100.0,5,0.28397449967451394,0.28502829099306837,0.24666674999753013,4.76
duckdb_parquet,L0Z,daily,clip_to_region,hour,1 hour,31,31,100.0,5,0.22899181933219856,0.2294293330051005,0.21358441695338115,28.0
duckdb_parquet,L0Z,daily,collision,hour,1 hour,31,31,100.0,5,0.2819303609818841,0.28108904097462073,0.2718680420075543,69.0
duckdb_parquet,L0Z,daily,encounter_zone,hour,1 hour,31,31,100.0,5,0.2710438886618552,0.2704853329923935,0.2636780409957282,88.0
duckdb_parquet,L0Z,daily,fleet_summary,hour,1 hour,31,31,100.0,5,0.24153516697697341,0.23896783398231491,0.2332924579968676,41.3
duckdb_parquet,L0Z,daily,harbour_entry,hour,1 hour,31,31,100.0,5,0.3502716806639607,0.35262262501055375,0.3379903339664452,56.0
duckdb_parquet,L0Z,daily,nearest_approach,hour,1 hour,31,31,100.0,5,0.2988873886837003,0.29918304103193805,0.2887062079971656,11.0
duckdb_parquet,L0Z,daily,position_interpolation,hour,1 hour,31,31,100.0,5,0.23228677767716968,0.23213900002883747,0.22170083300443366,18.0
duckdb_parquet,L0Z,daily,speed_profile,hour,1 hour,31,31,100.0,5,0.2337298333295621,0.23276737501146272,0.23113916703732684,1.5
duckdb_parquet,L0Z,daily,both_ports,day,1 day,31,62,200.0,5,0.7206461250122326,0.7227377080125734,0.698714166006539,4.0
duckdb_parquet,L0Z,daily,bounding_box,day,1 day,31,31,100.0,5,0.6743748470131928,0.6753679580288008,0.6497044999850914,62.69
duckdb_parquet,L0Z,daily,clip_to_region,day,1 day,31,31,100.0,5,0.45703202798419323,0.45976691698888317,0.4430510000092909,115.0
duckdb_parquet,L0Z,daily,collision,day,1 day,31,31,100.0,5,1.5244303889921866,1.5620933750178665,1.339166167017538,163.0
duckdb_parquet,L0Z,daily,encounter_zone,day,1 day,31,31,100.0,5,1.6068898060087424,1.6073730839998461,1.5279584170202725,194.0
duckdb_parquet,L0Z,daily,fleet_summary,day,1 day,31,31,100.0,5,0.6379835833213292,0.6418482079752721,0.615210207994096,2840.5
duckdb_parquet,L0Z,daily,harbour_entry,day,1 day,31,31,100.0,5,0.8707803613312232,0.8619207500014454,0.8214448329526931,99.0
duckdb_parquet,L0Z,daily,nearest_approach,day,1 day,31,31,100.0,5,1.6732757636539948,1.6479196669533849,1.5705769999767654,0.0
duckdb_parquet,L0Z,daily,position_interpolation,day,1 day,31,31,100.0,5,0.4694811526763563,0.4770027499762364,0.44324691698420793,29.0
duckdb_parquet,L0Z,daily,speed_profile,day,1 day,31,31,100.0,5,0.6960245280060917,0.7064062919816934,0.6650568330078386,35.9
duckdb_parquet,L0Z,daily,both_ports,week,1 week,31,62,200.0,5,3.3286012776661664,3.3382849160116166,3.2635106669622473,4.0
duckdb_parquet,L0Z,daily,bounding_box,week,1 week,31,31,100.0,5,3.860510971998641,3.8313285000040196,3.638118167000357,79.09
duckdb_parquet,L0Z,daily,clip_to_region,week,1 week,31,31,100.0,5,2.079720833008954,2.0773909160052426,2.048201041005086,622.0
duckdb_parquet,L0Z,daily,collision,week,1 week,31,31,100.0,5,10.81652470868236,10.870431541989092,10.053029957984108,264.0
duckdb_parquet,L0Z,daily,encounter_zone,week,1 week,31,31,100.0,5,9.861701180653958,9.424448999983724,9.283224874990992,343.0
duckdb_parquet,L0Z,daily,fleet_summary,week,1 week,31,31,100.0,5,3.615804485976696,3.611558749980759,3.5335241249995306,21860.0
duckdb_parquet,L0Z,daily,harbour_entry,week,1 week,31,31,100.0,5,3.669094764026037,3.6680393330170773,3.6326285420218483,165.0
duckdb_parquet,L0Z,daily,nearest_approach,week,1 week,31,31,100.0,5,12.746377833672645,13.062978334026411,11.735945041989908,0.0
duckdb_parquet,L0Z,daily,position_interpolation,week,1 week,31,31,100.0,5,2.2708957779880925,2.2841429169639014,2.0563439580146223,26.0
duckdb_parquet,L0Z,daily,speed_profile,week,1 week,31,31,100.0,5,4.281643319700379,4.244499667023774,3.6454619170399383,39.7
duckdb_parquet,L0H,daily,both_ports,hour,1 hour,31,62,200.0,5,0.3632482083436723,0.3613719999557361,0.3381645000190474,4.0
duckdb_parquet,L0H,daily,bounding_box,hour,1 hour,31,31,100.0,5,0.23652706964639947,0.23431216698372737,0.22660270798951387,4.76
duckdb_parquet,L0H,daily,clip_to_region,hour,1 hour,31,31,100.0,5,0.20849894433437535,0.20662395801628008,0.20250058401143178,28.0
duckdb_parquet,L0H,daily,collision,hour,1 hour,31,31,100.0,5,0.2777869723504409,0.27754387503955513,0.26129666599445045,69.0
duckdb_parquet,L0H,daily,encounter_zone,hour,1 hour,31,31,100.0,5,0.2912040416461726,0.29145641694776714,0.27211341698421165,88.0
duckdb_parquet,L0H,daily,fleet_summary,hour,1 hour,31,31,100.0,5,0.23501972200271362,0.23522120801499113,0.229413666005712,41.3
duckdb_parquet,L0H,daily,harbour_entry,hour,1 hour,31,31,100.0,5,0.3609717639822823,0.35935024998616427,0.3495229170075618,56.0
duckdb_parquet,L0H,daily,nearest_approach,hour,1 hour,31,31,100.0,5,0.2769825276530658,0.2777163749560714,0.2695157079724595,11.0
duckdb_parquet,L0H,daily,position_interpolation,hour,1 hour,31,31,100.0,5,0.2235533609831085,0.22204358299495652,0.21609320800052956,18.0
duckdb_parquet,L0H,daily,speed_profile,hour,1 hour,31,31,100.0,5,0.22671880532288924,0.22598841600120068,0.22536258300533518,1.5
duckdb_parquet,L0H,daily,both_ports,day,1 day,31,62,200.0,5,0.7599336389879076,0.758429666981101,0.6847111659590155,4.0
duckdb_parquet,L0H,daily,bounding_box,day,1 day,31,31,100.0,5,0.7259961666616922,0.7376443750108592,0.6976952909608372,62.69
duckdb_parquet,L0H,daily,clip_to_region,day,1 day,31,31,100.0,5,0.4277817223337479,0.43101962498622015,0.4153824580134824,115.0
duckdb_parquet,L0H,daily,collision,day,1 day,31,31,100.0,5,1.5373755973414518,1.527465042017866,1.5212699999683537,163.0
duckdb_parquet,L0H,daily,encounter_zone,day,1 day,31,31,100.0,5,1.574006389011629,1.5379654170246795,1.4038221249938942,194.0
duckdb_parquet,L0H,daily,fleet_summary,day,1 day,31,31,100.0,5,0.6571160136760833,0.658005208009854,0.6191175410058349,2840.5
duckdb_parquet,L0H,daily,harbour_entry,day,1 day,31,31,100.0,5,0.8695039310259745,0.8787330840132199,0.8265868339804001,99.0
duckdb_parquet,L0H,daily,nearest_approach,day,1 day,31,31,100.0,5,1.8354992363213871,1.8448533340124413,1.6786228750133887,0.0
duckdb_parquet,L0H,daily,position_interpolation,day,1 day,31,31,100.0,5,0.4574385416926816,0.45354200003203005,0.44694304099539295,29.0
duckdb_parquet,L0H,daily,speed_profile,day,1 day,31,31,100.0,5,0.7257122919739535,0.7294539169524796,0.6535975000006147,35.9
duckdb_parquet,L0H,daily,both_ports,week,1 week,31,62,200.0,5,3.24389237499175,3.254571166995447,3.2125370830181055,4.0
duckdb_parquet,L0H,daily,bounding_box,week,1 week,31,31,100.0,5,4.145758889014057,4.209327083022799,3.593352792027872,79.09
duckdb_parquet,L0H,daily,clip_to_region,week,1 week,31,31,100.0,5,2.020744930681152,2.0141460000304505,2.0094682080089115,622.0
duckdb_parquet,L0H,daily,collision,week,1 week,31,31,100.0,5,11.124372944332814,11.169834333006293,9.570536750019528,264.0
duckdb_parquet,L0H,daily,encounter_zone,week,1 week,31,31,100.0,5,11.271592555684038,11.253290958993603,9.909416417009197,343.0
duckdb_parquet,L0H,daily,fleet_summary,week,1 week,31,31,100.0,5,3.519966485987728,3.522933957981877,3.4967365409829654,21860.0
duckdb_parquet,L0H,daily,harbour_entry,week,1 week,31,31,100.0,5,3.8652348329972788,3.8490311250207014,3.717692958016414,165.0
duckdb_parquet,L0H,daily,nearest_approach,week,1 week,31,31,100.0,5,12.389350055678127,12.126179250015412,11.585194332990795,0.0
duckdb_parquet,L0H,daily,position_interpolation,week,1 week,31,31,100.0,5,2.044282888993621,2.0457270839833654,2.0143033749773167,26.0
duckdb_parquet,L0H,daily,speed_profile,week,1 week,31,31,100.0,5,3.7259496943443082,3.700156250037253,3.624443707987666,39.7
duckdb_parquet,L1_daily,daily,both_ports,hour,1 hour,496,992,200.0,5,0.3684843473214035,0.3660907499724999,0.34455012500984594,4.0
duckdb_parquet,L1_daily,daily,bounding_box,hour,1 hour,496,496,100.0,5,0.23758938865891346,0.2331681249779649,0.22539808304281905,4.76
duckdb_parquet,L1_daily,daily,clip_to_region,hour,1 hour,496,496,100.0,5,0.21962240336385244,0.2194132920121774,0.21595866599818692,28.0
duckdb_parquet,L1_daily,daily,collision,hour,1 hour,496,496,100.0,5,0.2593089719885029,0.2605589999584481,0.2511418749927543,69.0
duckdb_parquet,L1_daily,daily,encounter_zone,hour,1 hour,496,496,100.0,5,0.2632104166744587,0.2622122500324622,0.2609037089860067,88.0
duckdb_parquet,L1_daily,daily,fleet_summary,hour,1 hour,496,496,100.0,5,0.2339121806823338,0.23420066700782627,0.23157758300658315,41.3
duckdb_parquet,L1_daily,daily,harbour_entry,hour,1 hour,496,496,100.0,5,0.34416909733166295,0.34218074998352677,0.3409385419799946,56.0
duckdb_parquet,L1_daily,daily,nearest_approach,hour,1 hour,496,496,100.0,5,0.28595375032940257,0.28493816702393815,0.2666445000213571,11.0
duckdb_parquet,L1_daily,daily,position_interpolation,hour,1 hour,496,496,100.0,5,0.2327338886874107,0.23560850002104416,0.22166083299089223,18.0
duckdb_parquet,L1_daily,daily,speed_profile,hour,1 hour,496,496,100.0,5,0.23952612535019094,0.2413782500079833,0.23434366704896092,1.5
duckdb_parquet,L1_daily,daily,both_ports,day,1 day,496,992,200.0,5,0.7864061523190079,0.7835014580050483,0.777449874964077,4.0
duckdb_parquet,L1_daily,daily,bounding_box,day,1 day,496,496,100.0,5,0.724624430333885,0.7073161249863915,0.6719373750383966,62.69
duckdb_parquet,L1_daily,daily,clip_to_region,day,1 day,496,496,100.0,5,0.5535205556661822,0.48205779195996,0.4660350420163013,115.0
duckdb_parquet,L1_daily,daily,collision,day,1 day,496,496,100.0,5,1.5628545276704244,1.5598057080060244,1.5032165420125239,163.0
duckdb_parquet,L1_daily,daily,encounter_zone,day,1 day,496,496,100.0,5,1.4792421946573693,1.4918943339725956,1.41583133302629,194.0
duckdb_parquet,L1_daily,daily,fleet_summary,day,1 day,496,496,100.0,5,0.6618962636566721,0.6573459999635816,0.6425089580006897,2840.5
duckdb_parquet,L1_daily,daily,harbour_entry,day,1 day,496,496,100.0,5,0.8463345559818359,0.8519202919560485,0.8149207499809563,99.0
duckdb_parquet,L1_daily,daily,nearest_approach,day,1 day,496,496,100.0,5,1.8338982920007159,1.8310157500091009,1.5888735419721343,0.0
duckdb_parquet,L1_daily,daily,position_interpolation,day,1 day,496,496,100.0,5,0.5065687640065638,0.5070303750107996,0.47531504201469943,29.0
duckdb_parquet,L1_daily,daily,speed_profile,day,1 day,496,496,100.0,5,0.7708970140083693,0.7723130420199595,0.761843458050862,35.9
duckdb_parquet,L1_daily,daily,both_ports,week,1 week,496,992,200.0,5,3.531245972010462,3.530076500028372,3.51548412500415,4.0
duckdb_parquet,L1_daily,daily,bounding_box,week,1 week,496,496,100.0,5,4.101440514010998,3.922305124986451,3.624698375002481,79.09
duckdb_parquet,L1_daily,daily,clip_to_region,week,1 week,496,496,100.0,5,2.137252541666385,2.151420957990922,2.1024456250015646,622.0
duckdb_parquet,L1_daily,daily,collision,week,1 week,496,496,100.0,5,10.815442721999716,10.858657167002093,9.446252249996178,264.0
duckdb_parquet,L1_daily,daily,encounter_zone,week,1 week,496,496,100.0,5,9.903927013666058,9.531992082949728,8.922041749989148,343.0
duckdb_parquet,L1_daily,daily,fleet_summary,week,1 week,496,496,100.0,5,3.614040944337224,3.5845121250022203,3.527562667033635,21860.0
duckdb_parquet,L1_daily,daily,harbour_entry,week,1 week,496,496,100.0,5,3.7439199030050077,3.6805358750279993,3.6672385829733685,165.0
duckdb_parquet,L1_daily,daily,nearest_approach,week,1 week,496,496,100.0,5,12.301790388999507,11.840326500008814,11.5959587910329,0.0
duckdb_parquet,L1_daily,daily,position_interpolation,week,1 week,496,496,100.0,5,2.128128916665446,2.1247944579808973,2.116996292024851,26.0
duckdb_parquet,L1_daily,daily,speed_profile,week,1 week,496,496,100.0,5,3.679116166992268,3.663228083983995,3.6486668749712408,39.7
duckdb_parquet,L2_daily,daily,both_ports,hour,1 hour,4154,8308,200.0,5,0.761435847360796,0.7611687080352567,0.751883374992758,2.0
duckdb_parquet,L2_daily,daily,bounding_box,hour,1 hour,4154,4154,100.0,5,0.404024569337101,0.40400054201018065,0.40096324996557087,0.03
duckdb_parquet,L2_daily,daily,clip_to_region,hour,1 hour,4154,4154,100.0,5,0.39704873599112034,0.39727912499802187,0.3908090829499997,27.0
duckdb_parquet,L2_daily,daily,collision,hour,1 hour,4154,4154,100.0,5,0.428844945000795,0.4302888340316713,0.4180320000159554,60.0
duckdb_parquet,L2_daily,daily,encounter_zone,hour,1 hour,4154,4154,100.0,5,0.4349194720077018,0.4350195829756558,0.41505616600625217,75.0
duckdb_parquet,L2_daily,daily,fleet_summary,hour,1 hour,4154,4154,100.0,5,0.4122656390148525,0.4122679590363987,0.4013580000028014,6.3
duckdb_parquet,L2_daily,daily,harbour_entry,hour,1 hour,4154,4154,100.0,5,0.3971609306560519,0.3943947910447605,0.3899571660440415,56.0
duckdb_parquet,L2_daily,daily,nearest_approach,hour,1 hour,4154,4154,100.0,5,0.4389998750023854,0.4387260840157978,0.43062054098118097,11.0
duckdb_parquet,L2_daily,daily,position_interpolation,hour,1 hour,4154,4154,100.0,5,0.4106887086527422,0.41282758401939645,0.4007810420007445,17.0
duckdb_parquet,L2_daily,daily,speed_profile,hour,1 hour,4154,4154,100.0,5,0.4100009723333642,0.40946250001434237,0.40445433399872854,1.4
duckdb_parquet,L2_daily,daily,both_ports,day,1 day,4154,8308,200.0,5,0.7547516670116844,0.7568803750327788,0.7351979999803007,4.0
duckdb_parquet,L2_daily,daily,bounding_box,day,1 day,4154,4154,100.0,5,0.5790133890113793,0.5731977499672212,0.54988216701895,60.22
duckdb_parquet,L2_daily,daily,clip_to_region,day,1 day,4154,4154,100.0,5,0.476591097326794,0.4723235829733312,0.45750954200048,113.0
duckdb_parquet,L2_daily,daily,collision,day,1 day,4154,4154,100.0,5,1.0846366806460235,1.0872675839927979,1.0351510420441628,163.0
duckdb_parquet,L2_daily,daily,encounter_zone,day,1 day,4154,4154,100.0,5,1.130916680325754,1.124259083007928,1.0696794579853304,193.0
duckdb_parquet,L2_daily,daily,fleet_summary,day,1 day,4154,4154,100.0,5,0.5528074859951934,0.5511920420103706,0.5355334999621846,2756.6
duckdb_parquet,L2_daily,daily,harbour_entry,day,1 day,4154,4154,100.0,5,0.4888089723147762,0.49844462500186637,0.4634274589479901,95.0
duckdb_parquet,L2_daily,daily,nearest_approach,day,1 day,4154,4154,100.0,5,1.3885323889941599,1.3844564579776488,1.3173904580180533,0.0
duckdb_parquet,L2_daily,daily,position_interpolation,day,1 day,4154,4154,100.0,5,0.49262447201181203,0.4921152080059983,0.48139220802113414,29.0
duckdb_parquet,L2_daily,daily,speed_profile,day,1 day,4154,4154,100.0,5,0.5773431666699859,0.57703704101732,0.554874875000678,34.7
duckdb_parquet,L2_daily,daily,both_ports,week,1 week,4154,8308,200.0,5,0.8050261939836977,0.7978028749930672,0.7610760419629514,4.0
duckdb_parquet,L2_daily,daily,bounding_box,week,1 week,4154,4154,100.0,5,2.0364388473487147,2.040112417016644,1.9993403329863213,79.1
duckdb_parquet,L2_daily,daily,clip_to_region,week,1 week,4154,4154,100.0,5,1.0092323610054639,1.010553208005149,0.9995980419917032,620.0
duckdb_parquet,L2_daily,daily,collision,week,1 week,4154,4154,100.0,5,5.287672000005841,5.2816672080080025,5.133757374947891,263.0
duckdb_parquet,L2_daily,daily,encounter_zone,week,1 week,4154,4154,100.0,5,5.316183666679232,5.350864208012354,4.9285829159780405,342.0
duckdb_parquet,L2_daily,daily,fleet_summary,week,1 week,4154,4154,100.0,5,1.5111916523310356,1.5096965410048142,1.5003640829818323,21721.0
duckdb_parquet,L2_daily,daily,harbour_entry,week,1 week,4154,4154,100.0,5,1.1341647503237862,1.1335262089851312,1.1245452499715611,165.0
duckdb_parquet,L2_daily,daily,nearest_approach,week,1 week,4154,4154,100.0,5,7.25476073663837,7.124920458998531,6.329819959006272,0.0
duckdb_parquet,L2_daily,daily,position_interpolation,week,1 week,4154,4154,100.0,5,0.9864397219886692,0.9899284999701194,0.9762457499746233,26.0
duckdb_parquet,L2_daily,daily,speed_profile,week,1 week,4154,4154,100.0,5,1.6375276109902188,1.6326721660443582,1.628731999953743,39.6
duckdb_parquet,L3_daily,daily,both_ports,hour,1 hour,4133,8266,200.0,5,0.7546447776646042,0.7504412499838509,0.7279263330274262,1.0
duckdb_parquet,L3_daily,daily,bounding_box,hour,1 hour,4133,4133,100.0,5,0.39153031933043775,0.3944562500109896,0.3796136250020936,0.01
duckdb_parquet,L3_daily,daily,clip_to_region,hour,1 hour,4133,4133,100.0,5,0.38418231933610514,0.3852783330366947,0.3691264999797568,27.0
duckdb_parquet,L3_daily,daily,collision,hour,1 hour,4133,4133,100.0,5,0.41468762499668327,0.41469279100419953,0.41210650000721216,59.0
duckdb_parquet,L3_daily,daily,encounter_zone,hour,1 hour,4133,4133,100.0,5,0.4246716806665063,0.42441016697557643,0.421928083000239,74.0
duckdb_parquet,L3_daily,daily,fleet_summary,hour,1 hour,4133,4133,100.0,5,0.3895655973465182,0.3905182500020601,0.38429391698446125,4.4
duckdb_parquet,L3_daily,daily,harbour_entry,hour,1 hour,4133,4133,100.0,5,0.38021372235380113,0.3790840840083547,0.36371316702570766,54.0
duckdb_parquet,L3_daily,daily,nearest_approach,hour,1 hour,4133,4133,100.0,5,0.42226776368139934,0.4224089580238797,0.4148899159627035,12.0
duckdb_parquet,L3_daily,daily,position_interpolation,hour,1 hour,4133,4133,100.0,5,0.40127268033878255,0.3985682500060648,0.39671054197242483,17.0
duckdb_parquet,L3_daily,daily,speed_profile,hour,1 hour,4133,4133,100.0,5,0.397787985993394,0.397114249994047,0.39355854102177545,1.4
duckdb_parquet,L3_daily,daily,both_ports,day,1 day,4133,8266,200.0,5,0.7513159029767849,0.7501502920058556,0.7406812920235097,4.0
duckdb_parquet,L3_daily,daily,bounding_box,day,1 day,4133,4133,100.0,5,0.5326890276628546,0.534533999976702,0.5242606250103563,60.76
duckdb_parquet,L3_daily,daily,clip_to_region,day,1 day,4133,4133,100.0,5,0.4542622913528855,0.45494729100028053,0.44563375000143424,112.0
duckdb_parquet,L3_daily,daily,collision,day,1 day,4133,4133,100.0,5,1.0440347499873799,1.0480269579566084,0.9678955840063281,162.0
duckdb_parquet,L3_daily,daily,encounter_zone,day,1 day,4133,4133,100.0,5,1.1319125696512249,1.1314452089718543,1.0705058329622261,193.0
duckdb_parquet,L3_daily,daily,fleet_summary,day,1 day,4133,4133,100.0,5,0.5324467083555646,0.5327727920375764,0.5277359579922631,2632.3
duckdb_parquet,L3_daily,daily,harbour_entry,day,1 day,4133,4133,100.0,5,0.4583582363169019,0.4572118339710869,0.4349420419894159,95.0
duckdb_parquet,L3_daily,daily,nearest_approach,day,1 day,4133,4133,100.0,5,1.3587578329994965,1.3550034160143696,1.3353786670486443,0.0
duckdb_parquet,L3_daily,daily,position_interpolation,day,1 day,4133,4133,100.0,5,0.46530691666218144,0.46030287502799183,0.4576746249804273,28.0
duckdb_parquet,L3_daily,daily,speed_profile,day,1 day,4133,4133,100.0,5,0.5364783473390465,0.5359709999756888,0.5340501250466332,35.3
duckdb_parquet,L3_daily,daily,both_ports,week,1 week,4133,8266,200.0,5,0.7529143886834694,0.7562113330350257,0.7117035830160603,4.0
duckdb_parquet,L3_daily,daily,bounding_box,week,1 week,4133,4133,100.0,5,1.613002791981368,1.6455407500034198,1.5439505419926718,79.03
duckdb_parquet,L3_daily,daily,clip_to_region,week,1 week,4133,4133,100.0,5,0.9364299446654817,0.9406911249971017,0.9204442090122029,620.0
duckdb_parquet,L3_daily,daily,collision,week,1 week,4133,4133,100.0,5,5.340431653001967,5.348081959004048,4.770066292025149,263.0
duckdb_parquet,L3_daily,daily,encounter_zone,week,1 week,4133,4133,100.0,5,5.35760179165906,5.441136459005065,4.970960000006016,342.0
duckdb_parquet,L3_daily,daily,fleet_summary,week,1 week,4133,4133,100.0,5,1.4841896946697186,1.4775670419912785,1.4286960000172257,20754.2
duckdb_parquet,L3_daily,daily,harbour_entry,week,1 week,4133,4133,100.0,5,1.1806491946723934,1.177208250039257,1.11671012500301,165.0
duckdb_parquet,L3_daily,daily,nearest_approach,week,1 week,4133,4133,100.0,5,7.176793152990285,7.228249499981757,6.71556620800402,0.0
duckdb_parquet,L3_daily,daily,position_interpolation,week,1 week,4133,4133,100.0,5,0.9418035140067028,0.9410562090342864,0.9305487499805167,25.0
duckdb_parquet,L3_daily,daily,speed_profile,week,1 week,4133,4133,100.0,5,1.5588789023264933,1.5600712079904042,1.5527022079913877,39.0
duckdb_parquet,L4_daily,daily,both_ports,hour,1 hour,744,1488,200.0,5,0.1260913610070323,0.12637174996780232,0.12361058400711045,1.0
duckdb_parquet,L4_daily,daily,bounding_box,hour,1 hour,744,744,100.0,5,0.15600870799971744,0.15760970796691254,0.1511518339975737,4.76
duckdb_parquet,L4_daily,daily,clip_to_region,hour,1 hour,744,744,100.0,5,0.14130718033993617,0.14280583302024752,0.13216362497769296,28.0
duckdb_parquet,L4_daily,daily,collision,hour,1 hour,744,744,100.0,5,0.18291176399604106,0.1834567500045523,0.17869966698344797,69.0
duckdb_parquet,L4_daily,daily,encounter_zone,hour,1 hour,744,744,100.0,5,0.1788057913266433,0.17887908301781863,0.17710641701705754,88.0
duckdb_parquet,L4_daily,daily,fleet_summary,hour,1 hour,744,744,100.0,5,0.1500107503379695,0.1516754170297645,0.14000391599256545,41.3
duckdb_parquet,L4_daily,daily,harbour_entry,hour,1 hour,744,744,100.0,5,0.17057245866938806,0.17064645898062736,0.17013262497493997,43.0
duckdb_parquet,L4_daily,daily,nearest_approach,hour,1 hour,744,744,100.0,5,0.18607868065979952,0.18628533295122907,0.18091033399105072,11.0
duckdb_parquet,L4_daily,daily,position_interpolation,hour,1 hour,744,744,100.0,5,0.15132658332974339,0.15167437499621883,0.1476557920104824,18.0
duckdb_parquet,L4_daily,daily,speed_profile,hour,1 hour,744,744,100.0,5,0.15001270832726732,0.1499392919940874,0.14818883402040228,1.5
duckdb_parquet,L4_daily,daily,both_ports,day,1 day,744,1488,200.0,5,0.2699358473182656,0.26761049998458475,0.2610392500064336,4.0
duckdb_parquet,L4_daily,daily,bounding_box,day,1 day,744,744,100.0,5,0.3883895276618811,0.38902791700093076,0.3804281670018099,62.69
duckdb_parquet,L4_daily,daily,clip_to_region,day,1 day,744,744,100.0,5,0.25837756933954853,0.2571907910169102,0.2457269579754211,115.0
duckdb_parquet,L4_daily,daily,collision,day,1 day,744,744,100.0,5,0.9447190283293215,0.9156684590270743,0.8815378749859519,163.0
duckdb_parquet,L4_daily,daily,encounter_zone,day,1 day,744,744,100.0,5,1.016187527993073,1.0311920419917442,0.9324143329868093,194.0
duckdb_parquet,L4_daily,daily,fleet_summary,day,1 day,744,744,100.0,5,0.330164180661086,0.33047262497711927,0.31608345900895074,2840.4
duckdb_parquet,L4_daily,daily,harbour_entry,day,1 day,744,744,100.0,5,0.30265831933744874,0.30592479201732203,0.2825105829979293,95.0
duckdb_parquet,L4_daily,daily,nearest_approach,day,1 day,744,744,100.0,5,1.24915837465475,1.250862957967911,1.2001658329972997,0.0
duckdb_parquet,L4_daily,daily,position_interpolation,day,1 day,744,744,100.0,5,0.2895643613107192,0.2888785419636406,0.28512983402470127,29.0
duckdb_parquet,L4_daily,daily,speed_profile,day,1 day,744,744,100.0,5,0.45687434698144597,0.4564548329799436,0.4388029160327278,35.9
duckdb_parquet,L4_daily,daily,both_ports,week,1 week,744,1488,200.0,5,0.8190324166595625,0.8255239999853075,0.7824172919499688,4.0
duckdb_parquet,L4_daily,daily,bounding_box,week,1 week,744,744,100.0,5,1.6652778060136673,1.6698978749918751,1.6529348749900237,79.09
duckdb_parquet,L4_daily,daily,clip_to_region,week,1 week,744,744,100.0,5,1.0750952636396203,1.0665027919458225,1.0277082920074463,622.0
duckdb_parquet,L4_daily,daily,collision,week,1 week,744,744,100.0,5,6.39285855567626,6.555040042032488,5.872467915993184,264.0
duckdb_parquet,L4_daily,daily,encounter_zone,week,1 week,744,744,100.0,5,6.3652946663399534,6.290560291032307,5.699748208979145,343.0
duckdb_parquet,L4_daily,daily,fleet_summary,week,1 week,744,744,100.0,5,1.6040756386937574,1.5596732910489663,1.5405201250105165,21859.9
duckdb_parquet,L4_daily,daily,harbour_entry,week,1 week,744,744,100.0,5,1.369128486335588,1.3736573749920353,1.3366512500215322,165.0
duckdb_parquet,L4_daily,daily,nearest_approach,week,1 week,744,744,100.0,5,8.623644152636794,8.69173908297671,7.686480832984671,0.0
duckdb_parquet,L4_daily,daily,position_interpolation,week,1 week,744,744,100.0,5,1.017031541656858,1.006142916972749,0.9808539170189761,25.0
duckdb_parquet,L4_daily,daily,speed_profile,week,1 week,744,744,100.0,5,1.6441020553271908,1.6316102080163546,1.625639665988274,39.7
duckdb_parquet,L1s,compact,both_ports,hour,1 hour,16,32,200.0,5,0.8221267776680179,0.8301643750164658,0.779574665997643,4.0
duckdb_parquet,L1s,compact,bounding_box,hour,1 hour,16,16,100.0,5,0.6497436246524254,0.640434458036907,0.6135185419698246,4.76
duckdb_parquet,L1s,compact,clip_to_region,hour,1 hour,16,16,100.0,5,0.5817964859888889,0.5823154169484042,0.5683299169759266,28.0
duckdb_parquet,L1s,compact,collision,hour,1 hour,16,16,100.0,5,0.6538020833395422,0.6495153330033645,0.6344507919857278,69.0
duckdb_parquet,L1s,compact,encounter_zone,hour,1 hour,16,16,100.0,5,0.6449905833384643,0.6418565420317464,0.6161316669895314,88.0
duckdb_parquet,L1s,compact,fleet_summary,hour,1 hour,16,16,100.0,5,0.6387757220072672,0.6281745830201544,0.5904825420002453,41.3
duckdb_parquet,L1s,compact,harbour_entry,hour,1 hour,16,16,100.0,5,0.7560172916661637,0.7282365830033086,0.7091127499588765,56.0
duckdb_parquet,L1s,compact,nearest_approach,hour,1 hour,16,16,100.0,5,0.6658286666691614,0.6665503749973141,0.6571325840195641,11.0
duckdb_parquet,L1s,compact,position_interpolation,hour,1 hour,16,16,100.0,5,0.6067964166674452,0.600830000010319,0.5814670829568058,18.0
duckdb_parquet,L1s,compact,speed_profile,hour,1 hour,16,16,100.0,5,0.6295366386378495,0.6204885829938576,0.6160959170083515,1.5
duckdb_parquet,L1s,compact,both_ports,day,1 day,16,32,200.0,5,1.5437563333155897,1.4520329589722678,1.3979455409571528,4.0
duckdb_parquet,L1s,compact,bounding_box,day,1 day,16,16,100.0,5,1.242960374976974,1.2482410409720615,1.2020792919793166,62.69
duckdb_parquet,L1s,compact,clip_to_region,day,1 day,16,16,100.0,5,0.9742075410322286,0.9748475410160609,0.9467917499714531,115.0
duckdb_parquet,L1s,compact,collision,day,1 day,16,16,100.0,5,2.091864722004781,2.03389983298257,1.9606381250196137,163.0
duckdb_parquet,L1s,compact,encounter_zone,day,1 day,16,16,100.0,5,2.1871207086757445,2.175899041991215,1.9155847920337692,194.0
duckdb_parquet,L1s,compact,fleet_summary,day,1 day,16,16,100.0,5,1.2867118060045566,1.2939686669851653,1.1484605000005104,2840.5
duckdb_parquet,L1s,compact,harbour_entry,day,1 day,16,16,100.0,5,1.4739623470037866,1.4746810409706086,1.4364310000091791,99.0
duckdb_parquet,L1s,compact,nearest_approach,day,1 day,16,16,100.0,5,2.3847355693384693,2.3658931250101887,2.027469749969896,0.0
duckdb_parquet,L1s,compact,position_interpolation,day,1 day,16,16,100.0,5,0.9788250556448475,0.9856969999964349,0.9502455840120092,29.0
duckdb_parquet,L1s,compact,speed_profile,day,1 day,16,16,100.0,5,1.2240146393499647,1.2140238340361975,1.1540375420008786,35.9
duckdb_parquet,L1s,compact,both_ports,week,1 week,16,32,200.0,5,4.28422698599752,4.278810749994591,4.267137958027888,4.0
duckdb_parquet,L1s,compact,bounding_box,week,1 week,16,16,100.0,5,4.665056847346325,4.457541042007506,4.337908457964659,79.09
duckdb_parquet,L1s,compact,clip_to_region,week,1 week,16,16,100.0,5,2.601568583321447,2.6024635420180857,2.547257541969884,622.0
duckdb_parquet,L1s,compact,collision,week,1 week,16,16,100.0,5,11.248831139004324,11.21310629096115,9.628481417021248,264.0
duckdb_parquet,L1s,compact,encounter_zone,week,1 week,16,16,100.0,5,11.173510153021198,11.104469791986048,10.757748917036224,343.0
duckdb_parquet,L1s,compact,fleet_summary,week,1 week,16,16,100.0,5,4.203526361340967,4.21057762496639,3.990360875031911,21860.0
duckdb_parquet,L1s,compact,harbour_entry,week,1 week,16,16,100.0,5,5.214277972350828,5.379477499984205,4.756900625012349,165.0
duckdb_parquet,L1s,compact,nearest_approach,week,1 week,16,16,100.0,5,13.451420541658687,13.339125791972037,12.510555457964074,0.0
duckdb_parquet,L1s,compact,position_interpolation,week,1 week,16,16,100.0,5,2.6423632080162256,2.630249250039924,2.6130053339875303,26.0
duckdb_parquet,L1s,compact,speed_profile,week,1 week,16,16,100.0,5,4.7252436943041785,4.51863941695774,4.031907707976643,39.7
duckdb_parquet,L2s,compact,both_ports,hour,1 hour,302,604,200.0,5,0.12617827732659256,0.12608604098204523,0.12023316603153944,2.0
duckdb_parquet,L2s,compact,bounding_box,hour,1 hour,302,302,100.0,5,0.09747168033694227,0.09642420802265406,0.08928245800780132,0.03
duckdb_parquet,L2s,compact,clip_to_region,hour,1 hour,302,302,100.0,5,0.08649579163951178,0.08559733297443017,0.07865687500452623,27.0
duckdb_parquet,L2s,compact,collision,hour,1 hour,302,302,100.0,5,0.11844783330646654,0.11861183296423405,0.11354654200840741,60.0
duckdb_parquet,L2s,compact,encounter_zone,hour,1 hour,302,302,100.0,5,0.1186702356596167,0.11839154094923288,0.1165228330064565,75.0
duckdb_parquet,L2s,compact,fleet_summary,hour,1 hour,302,302,100.0,5,0.09700091635265078,0.09703504102071747,0.09612970799207687,6.3
duckdb_parquet,L2s,compact,harbour_entry,hour,1 hour,302,302,100.0,5,0.11356861097738147,0.11554866697406396,0.103096375009045,56.0
duckdb_parquet,L2s,compact,nearest_approach,hour,1 hour,302,302,100.0,5,0.15886706963647157,0.1612999169738032,0.13691129197832197,11.0
duckdb_parquet,L2s,compact,position_interpolation,hour,1 hour,302,302,100.0,5,0.101279929978773,0.10132791596697643,0.09331108297919855,17.0
duckdb_parquet,L2s,compact,speed_profile,hour,1 hour,302,302,100.0,5,0.09956186099831636,0.09945887501817197,0.09716741601005197,1.4
duckdb_parquet,L2s,compact,both_ports,day,1 day,302,604,200.0,5,0.13451094432578733,0.13511533295968547,0.12470812496030703,4.0
duckdb_parquet,L2s,compact,bounding_box,day,1 day,302,302,100.0,5,0.27144551364472136,0.26783537497976795,0.2589204999967478,60.22
duckdb_parquet,L2s,compact,clip_to_region,day,1 day,302,302,100.0,5,0.15787187532987446,0.15760525001678616,0.15619670902378857,113.0
duckdb_parquet,L2s,compact,collision,day,1 day,302,302,100.0,5,0.8025467080102923,0.815445207990706,0.736133250000421,163.0
duckdb_parquet,L2s,compact,encounter_zone,day,1 day,302,302,100.0,5,0.8255106669967063,0.8115606670035049,0.7884004579973407,193.0
duckdb_parquet,L2s,compact,fleet_summary,day,1 day,302,302,100.0,5,0.24695026401119927,0.24569808400701731,0.23848087503574789,2756.6
duckdb_parquet,L2s,compact,harbour_entry,day,1 day,302,302,100.0,5,0.22786911099683493,0.22772391699254513,0.2242368750157766,95.0
duckdb_parquet,L2s,compact,nearest_approach,day,1 day,302,302,100.0,5,1.053810111344016,1.0687947500264272,0.9204007500084117,0.0
duckdb_parquet,L2s,compact,position_interpolation,day,1 day,302,302,100.0,5,0.17385119397658855,0.17221504100598395,0.16901329101528972,29.0
duckdb_parquet,L2s,compact,speed_profile,day,1 day,302,302,100.0,5,0.269565402995795,0.2680329169961624,0.25771870801690966,34.7
duckdb_parquet,L2s,compact,both_ports,week,1 week,302,604,200.0,5,0.14061901400176188,0.14452104200609028,0.12788879201980308,4.0
duckdb_parquet,L2s,compact,bounding_box,week,1 week,302,302,100.0,5,1.3319205973336163,1.3519691670080647,1.2829145000432618,79.1
duckdb_parquet,L2s,compact,clip_to_region,week,1 week,302,302,100.0,5,0.6447537356677154,0.6444560830132104,0.636021374957636,620.0
duckdb_parquet,L2s,compact,collision,week,1 week,302,302,100.0,5,5.202511263991862,5.244432625011541,4.7547492909943685,263.0
duckdb_parquet,L2s,compact,encounter_zone,week,1 week,302,302,100.0,5,5.5103542223223485,5.524859209021088,4.910653125029057,342.0
duckdb_parquet,L2s,compact,fleet_summary,week,1 week,302,302,100.0,5,1.21880080535387,1.208445541036781,1.194568208011333,21721.0
duckdb_parquet,L2s,compact,harbour_entry,week,1 week,302,302,100.0,5,0.8853221799945459,0.8850302080390975,0.8844019580283202,165.0
duckdb_parquet,L2s,compact,nearest_approach,week,1 week,302,302,100.0,5,7.200789819665563,7.192977208993398,6.632955584034789,0.0
duckdb_parquet,L2s,compact,position_interpolation,week,1 week,302,302,100.0,5,0.6671426249862028,0.6671282919705845,0.6579140420071781,26.0
duckdb_parquet,L2s,compact,speed_profile,week,1 week,302,302,100.0,5,1.3295518756494857,1.3252540840185247,1.3136485409922898,39.6
duckdb_parquet,L3s,compact,both_ports,hour,1 hour,299,598,200.0,5,0.1385033193316,0.13562791695585474,0.13240554195363075,1.0
duckdb_parquet,L3s,compact,bounding_box,hour,1 hour,299,299,100.0,5,0.09580374965056156,0.09654079098254442,0.08838883298449218,0.01
duckdb_parquet,L3s,compact,clip_to_region,hour,1 hour,299,299,100.0,5,0.08873198600485921,0.08928500005276874,0.08421291701961309,27.0
duckdb_parquet,L3s,compact,collision,hour,1 hour,299,299,100.0,5,0.11485102764951687,0.11474479199387133,0.11391720903338864,59.0
duckdb_parquet,L3s,compact,encounter_zone,hour,1 hour,299,299,100.0,5,0.1141763610066846,0.11594987503485754,0.10700175003148615,74.0
duckdb_parquet,L3s,compact,fleet_summary,hour,1 hour,299,299,100.0,5,0.09983566667263706,0.09978987497743219,0.09930083301151171,4.4
duckdb_parquet,L3s,compact,harbour_entry,hour,1 hour,299,299,100.0,5,0.10351487499428913,0.10704199998872355,0.09234479203587398,54.0
duckdb_parquet,L3s,compact,nearest_approach,hour,1 hour,299,299,100.0,5,0.13733898632926866,0.13711245899321511,0.1350124169839546,12.0
duckdb_parquet,L3s,compact,position_interpolation,hour,1 hour,299,299,100.0,5,0.10595306967540334,0.10592512501170859,0.10462691599968821,17.0
duckdb_parquet,L3s,compact,speed_profile,hour,1 hour,299,299,100.0,5,0.10282922202410798,0.10309787502046674,0.10185041697695851,1.4
duckdb_parquet,L3s,compact,both_ports,day,1 day,299,598,200.0,5,0.14583722232297683,0.1474302500137128,0.13146341702667996,4.0
duckdb_parquet,L3s,compact,bounding_box,day,1 day,299,299,100.0,5,0.2578229033194172,0.2559943340020254,0.2513876250013709,60.76
duckdb_parquet,L3s,compact,clip_to_region,day,1 day,299,299,100.0,5,0.16026630568861341,0.160419209045358,0.15895437501603737,112.0
duckdb_parquet,L3s,compact,collision,day,1 day,299,299,100.0,5,0.7785379996639676,0.7785084159695543,0.7143614999949932,162.0
duckdb_parquet,L3s,compact,encounter_zone,day,1 day,299,299,100.0,5,0.8279867083377516,0.8338161670253612,0.7716530420002528,193.0
duckdb_parquet,L3s,compact,fleet_summary,day,1 day,299,299,100.0,5,0.24363973600945124,0.2444915000232868,0.23061850003432482,2632.3
duckdb_parquet,L3s,compact,harbour_entry,day,1 day,299,299,100.0,5,0.22582111098260307,0.22564270795555785,0.22310012503294274,95.0
duckdb_parquet,L3s,compact,nearest_approach,day,1 day,299,299,100.0,5,0.974069221992977,0.9779785829596221,0.8591510830447078,0.0
duckdb_parquet,L3s,compact,position_interpolation,day,1 day,299,299,100.0,5,0.17895018066822863,0.18006554199382663,0.17442083294736221,28.0
duckdb_parquet,L3s,compact,speed_profile,day,1 day,299,299,100.0,5,0.2549701943450297,0.25475687498692423,0.2507698340341449,35.3
duckdb_parquet,L3s,compact,both_ports,week,1 week,299,598,200.0,5,0.15181116699629152,0.15132970898412168,0.13694416702492163,4.0
duckdb_parquet,L3s,compact,bounding_box,week,1 week,299,299,100.0,5,1.2905879170090582,1.3225622919853777,1.2182082500075921,79.03
duckdb_parquet,L3s,compact,clip_to_region,week,1 week,299,299,100.0,5,0.6145449446630664,0.6122077499749139,0.6094581670477055,620.0
duckdb_parquet,L3s,compact,collision,week,1 week,299,299,100.0,5,5.273104111314751,5.309299249958713,4.891544124984648,263.0
duckdb_parquet,L3s,compact,encounter_zone,week,1 week,299,299,100.0,5,5.623597152356524,5.754123916034587,5.207990832976066,342.0
duckdb_parquet,L3s,compact,fleet_summary,week,1 week,299,299,100.0,5,1.133503056014888,1.1292950420174748,1.1243623329792172,20754.2
duckdb_parquet,L3s,compact,harbour_entry,week,1 week,299,299,100.0,5,0.8882271523276964,0.8878337909700349,0.8806113339960575,165.0
duckdb_parquet,L3s,compact,nearest_approach,week,1 week,299,299,100.0,5,7.78844265298297,7.685355832974892,6.580029000004288,0.0
duckdb_parquet,L3s,compact,position_interpolation,week,1 week,299,299,100.0,5,0.6472952916713742,0.6476147909997962,0.6401335829868913,25.0
duckdb_parquet,L3s,compact,speed_profile,week,1 week,299,299,100.0,5,1.2676749023376033,1.2563990830094554,1.2404207499930635,39.0
duckdb_parquet,L4s,compact,both_ports,hour,1 hour,24,48,200.0,5,0.05617024968766297,0.053479416004847735,0.05187154101440683,1.0
duckdb_parquet,L4s,compact,bounding_box,hour,1 hour,24,24,100.0,5,0.11746741666380937,0.11621008301153779,0.10969574999762699,4.76
duckdb_parquet,L4s,compact,clip_to_region,hour,1 hour,24,24,100.0,5,0.09525777801172808,0.09529954200843349,0.09407295798882842,28.0
duckdb_parquet,L4s,compact,collision,hour,1 hour,24,24,100.0,5,0.1327856806650137,0.13320916699012741,0.13025387498782948,69.0
duckdb_parquet,L4s,compact,encounter_zone,hour,1 hour,24,24,100.0,5,0.13841272234761468,0.13919825002085418,0.1333835000405088,88.0
duckdb_parquet,L4s,compact,fleet_summary,hour,1 hour,24,24,100.0,5,0.10880429167688514,0.10891862498829141,0.10714033403201029,41.3
duckdb_parquet,L4s,compact,harbour_entry,hour,1 hour,24,24,100.0,5,0.1581575139813746,0.15738749998854473,0.15639262495096773,43.0
duckdb_parquet,L4s,compact,nearest_approach,hour,1 hour,24,24,100.0,5,0.1590315553282077,0.16059308301191777,0.1501144589856267,11.0
duckdb_parquet,L4s,compact,position_interpolation,hour,1 hour,24,24,100.0,5,0.10863069433253258,0.10816420800983906,0.1076089579728432,18.0
duckdb_parquet,L4s,compact,speed_profile,hour,1 hour,24,24,100.0,5,0.11278345833610122,0.11259212502045557,0.11169979098485783,1.5
duckdb_parquet,L4s,compact,both_ports,day,1 day,24,48,200.0,5,0.2884569443219031,0.2850449589896016,0.25802029203623533,4.0
duckdb_parquet,L4s,compact,bounding_box,day,1 day,24,24,100.0,5,0.5145673890365288,0.5155512920464389,0.46600383397890255,62.69
duckdb_parquet,L4s,compact,clip_to_region,day,1 day,24,24,100.0,5,0.3903440696691784,0.39289179199840873,0.38446829200256616,115.0
duckdb_parquet,L4s,compact,collision,day,1 day,24,24,100.0,5,1.1708777503420909,1.1527172090136446,1.0109654170228168,163.0
duckdb_parquet,L4s,compact,encounter_zone,day,1 day,24,24,100.0,5,1.1271830693197746,1.1240947499754839,1.0759152910322882,194.0
duckdb_parquet,L4s,compact,fleet_summary,day,1 day,24,24,100.0,5,0.49371776399978745,0.4911586249945685,0.47916091699153185,2840.4
duckdb_parquet,L4s,compact,harbour_entry,day,1 day,24,24,100.0,5,0.3509779303179433,0.35210029099835083,0.34494479099521413,95.0
duckdb_parquet,L4s,compact,nearest_approach,day,1 day,24,24,100.0,5,1.453542402673823,1.4708325419924222,1.3167640829924494,0.0
duckdb_parquet,L4s,compact,position_interpolation,day,1 day,24,24,100.0,5,0.4056698336498812,0.4036232919897884,0.39826308301417157,29.0
duckdb_parquet,L4s,compact,speed_profile,day,1 day,24,24,100.0,5,0.5164270696307843,0.5139126249705441,0.5062818329897709,35.9
duckdb_parquet,L4s,compact,both_ports,week,1 week,24,48,200.0,5,0.4900813886973386,0.49628416600171477,0.44877212500432506,4.0
duckdb_parquet,L4s,compact,bounding_box,week,1 week,24,24,100.0,5,1.8266692360048182,1.7932324160356075,1.645445792004466,79.09
duckdb_parquet,L4s,compact,clip_to_region,week,1 week,24,24,100.0,5,1.0475490276585333,1.0449858750216663,1.0117979170172475,622.0
duckdb_parquet,L4s,compact,collision,week,1 week,24,24,100.0,5,6.108757708667933,6.165658584039193,5.505317916977219,264.0
duckdb_parquet,L4s,compact,encounter_zone,week,1 week,24,24,100.0,5,6.880328569328412,6.881240332964808,6.258327167015523,343.0
duckdb_parquet,L4s,compact,fleet_summary,week,1 week,24,24,100.0,5,1.5708709583462526,1.57105650001904,1.5329555830103345,21859.9
duckdb_parquet,L4s,compact,harbour_entry,week,1 week,24,24,100.0,5,1.217760610995659,1.2224056250415742,1.1964730839827098,165.0
duckdb_parquet,L4s,compact,nearest_approach,week,1 week,24,24,100.0,5,9.304186528354572,9.3438640840468,9.111156750004739,0.0
duckdb_parquet,L4s,compact,position_interpolation,week,1 week,24,24,100.0,5,1.0793336393156399,1.0326328339870088,0.997569666011259,25.0
duckdb_parquet,L4s,compact,speed_profile,week,1 week,24,24,100.0,5,1.8395637219849352,1.8474969160160981,1.6427395420032553,39.7
