system,layout,gran,query,selectivity,span,files_total,files_read,files_pct,n_iters,runtime_trimmed_s,runtime_median_s,runtime_min_s,answer,ans,ans_L0,recall_pct,src
duckdb_parquet,L0,daily,both_ports,hour,1 hour,31,62,200.0,5,0.478596069656002,0.4839640000136569,0.4585015829652548,4.0,4.0,4.0,100.0,pre-sync
duckdb_parquet,L0,daily,bounding_box,hour,1 hour,31,31,100.0,5,0.3749571530109581,0.3759752920013852,0.3691400419920683,4.76,4.76,4.76,100.0,pre-sync
duckdb_parquet,L0,daily,clip_to_region,hour,1 hour,31,31,100.0,5,0.3470911116843733,0.3462978340103291,0.3430984590086154,28.0,28.0,28.0,100.0,pre-sync
duckdb_parquet,L0,daily,collision,hour,1 hour,31,31,100.0,5,0.3892411253182217,0.3890808339929208,0.3875524579780176,69.0,69.0,69.0,100.0,pre-sync
duckdb_parquet,L0,daily,encounter_zone,hour,1 hour,31,31,100.0,5,0.4147793333007333,0.418863250000868,0.3951740830088965,88.0,88.0,88.0,100.0,pre-sync
duckdb_parquet,L0,daily,fleet_summary,hour,1 hour,31,31,100.0,5,0.3713062083309826,0.3707048750366084,0.3644273329991847,41.3,41.3,41.3,100.0,pre-sync
duckdb_parquet,L0,daily,harbour_entry,hour,1 hour,31,31,100.0,5,0.5455765556738091,0.5472637499915436,0.5034660830278881,56.0,56.0,56.0,100.0,pre-sync
duckdb_parquet,L0,daily,nearest_approach,hour,1 hour,31,31,100.0,5,0.449419597008576,0.4509128750069067,0.4453047919669188,11.0,11.0,11.0,100.0,pre-sync
duckdb_parquet,L0,daily,position_interpolation,hour,1 hour,31,31,100.0,5,0.3609719580078187,0.3652115410077385,0.3441932079731487,18.0,18.0,18.0,100.0,pre-sync
duckdb_parquet,L0,daily,speed_profile,hour,1 hour,31,31,100.0,5,0.3700611666815045,0.3705154579947702,0.3625511249992996,1.5,1.5,1.5,100.0,pre-sync
duckdb_parquet,L0,daily,both_ports,day,1 day,31,62,200.0,5,1.0052548056507171,1.055293207988143,0.7759618749842048,4.0,4.0,4.0,100.0,pre-sync
duckdb_parquet,L0,daily,bounding_box,day,1 day,31,31,100.0,5,0.8829925693183517,0.8914829579880461,0.8200376249733381,62.69,62.69,62.69,100.0,pre-sync
duckdb_parquet,L0,daily,clip_to_region,day,1 day,31,31,100.0,5,0.583165611315053,0.5851234999718145,0.5557646250235848,115.0,115.0,115.0,100.0,pre-sync
duckdb_parquet,L0,daily,collision,day,1 day,31,31,100.0,5,1.681999569312514,1.7001444999477826,1.5114022089983337,163.0,163.0,163.0,100.0,pre-sync
duckdb_parquet,L0,daily,encounter_zone,day,1 day,31,31,100.0,5,1.8120398610287036,1.8582773330272175,1.6314647499821149,194.0,194.0,194.0,100.0,pre-sync
duckdb_parquet,L0,daily,fleet_summary,day,1 day,31,31,100.0,5,0.8519758893138109,0.8418795419856906,0.7892688749707304,2840.5,2840.5,2840.5,100.0,pre-sync
duckdb_parquet,L0,daily,harbour_entry,day,1 day,31,31,100.0,5,1.2502051529979024,1.2071994169964455,1.1530220830463804,99.0,99.0,99.0,100.0,pre-sync
duckdb_parquet,L0,daily,nearest_approach,day,1 day,31,31,100.0,5,2.1099874029944963,2.127164042030927,1.9662389589939264,0.0,0.0,0.0,,pre-sync
duckdb_parquet,L0,daily,position_interpolation,day,1 day,31,31,100.0,5,0.6607937223161571,0.6566627499996684,0.6212254160200246,29.0,29.0,29.0,100.0,pre-sync
duckdb_parquet,L0,daily,speed_profile,day,1 day,31,31,100.0,5,0.84847183333477,0.8629450420266949,0.7926418749848381,35.9,35.9,35.9,100.0,pre-sync
duckdb_parquet,L0,daily,both_ports,week,1 week,31,62,200.0,5,3.563309194694739,3.5067982090404257,3.456320874975063,4.0,4.0,4.0,100.0,pre-sync
duckdb_parquet,L0,daily,bounding_box,week,1 week,31,31,100.0,5,4.0956261389850015,3.905524500005413,3.828878959000576,79.09,79.09,79.09,100.0,pre-sync
duckdb_parquet,L0,daily,clip_to_region,week,1 week,31,31,100.0,5,2.24553043001409,2.2379101660335436,2.192620582995005,622.0,622.0,622.0,100.0,pre-sync
duckdb_parquet,L0,daily,collision,week,1 week,31,31,100.0,5,11.25468195833188,11.148008166986983,10.486481666972397,264.0,264.0,264.0,100.0,pre-sync
duckdb_parquet,L0,daily,encounter_zone,week,1 week,31,31,100.0,5,9.959115875322215,9.49776841700077,9.351907040982042,343.0,343.0,343.0,100.0,pre-sync
duckdb_parquet,L0,daily,fleet_summary,week,1 week,31,31,100.0,5,3.6097073610095927,3.6009582499973476,3.5780229999800213,21860.0,21860.0,21860.0,100.0,pre-sync
duckdb_parquet,L0,daily,harbour_entry,week,1 week,31,31,100.0,5,3.7518914166915542,3.7449817080050702,3.735610458999872,165.0,165.0,165.0,100.0,pre-sync
duckdb_parquet,L0,daily,nearest_approach,week,1 week,31,31,100.0,5,11.687758721973902,11.50461920798989,11.241778625000734,0.0,0.0,0.0,,pre-sync
duckdb_parquet,L0,daily,position_interpolation,week,1 week,31,31,100.0,5,2.2048249859944917,2.2007115419837646,2.1727791250450537,26.0,26.0,26.0,100.0,pre-sync
duckdb_parquet,L0,daily,speed_profile,week,1 week,31,31,100.0,5,4.048634597333148,4.103403416986112,3.683279875025619,39.7,39.7,39.7,100.0,pre-sync
duckdb_parquet,L2_daily,daily,both_ports,hour,1 hour,4154,8308,200.0,5,0.761435847360796,0.7611687080352567,0.751883374992758,2.0,2.0,4.0,50.0,pre-sync
duckdb_parquet,L2_daily,daily,bounding_box,hour,1 hour,4154,4154,100.0,5,0.404024569337101,0.4040005420101806,0.4009632499655708,0.03,0.03,4.76,0.6,pre-sync
duckdb_parquet,L2_daily,daily,clip_to_region,hour,1 hour,4154,4154,100.0,5,0.3970487359911203,0.3972791249980218,0.3908090829499997,27.0,27.0,28.0,96.4,pre-sync
duckdb_parquet,L2_daily,daily,collision,hour,1 hour,4154,4154,100.0,5,0.428844945000795,0.4302888340316713,0.4180320000159554,60.0,60.0,69.0,87.0,pre-sync
duckdb_parquet,L2_daily,daily,encounter_zone,hour,1 hour,4154,4154,100.0,5,0.4349194720077018,0.4350195829756558,0.4150561660062521,75.0,75.0,88.0,85.2,pre-sync
duckdb_parquet,L2_daily,daily,fleet_summary,hour,1 hour,4154,4154,100.0,5,0.4122656390148525,0.4122679590363987,0.4013580000028014,6.3,6.3,41.3,15.3,pre-sync
duckdb_parquet,L2_daily,daily,harbour_entry,hour,1 hour,4154,4154,100.0,5,0.3971609306560519,0.3943947910447605,0.3899571660440415,56.0,56.0,56.0,100.0,pre-sync
duckdb_parquet,L2_daily,daily,nearest_approach,hour,1 hour,4154,4154,100.0,5,0.4389998750023854,0.4387260840157978,0.4306205409811809,11.0,11.0,11.0,100.0,pre-sync
duckdb_parquet,L2_daily,daily,position_interpolation,hour,1 hour,4154,4154,100.0,5,0.4106887086527422,0.4128275840193964,0.4007810420007445,17.0,17.0,18.0,94.4,pre-sync
duckdb_parquet,L2_daily,daily,speed_profile,hour,1 hour,4154,4154,100.0,5,0.4100009723333642,0.4094625000143423,0.4044543339987285,1.4,1.4,1.5,93.3,pre-sync
duckdb_parquet,L2_daily,daily,both_ports,day,1 day,4154,8308,200.0,5,0.7547516670116844,0.7568803750327788,0.7351979999803007,4.0,4.0,4.0,100.0,pre-sync
duckdb_parquet,L2_daily,daily,bounding_box,day,1 day,4154,4154,100.0,5,0.5790133890113793,0.5731977499672212,0.54988216701895,60.22,60.22,62.69,96.1,pre-sync
duckdb_parquet,L2_daily,daily,clip_to_region,day,1 day,4154,4154,100.0,5,0.476591097326794,0.4723235829733312,0.45750954200048,113.0,113.0,115.0,98.3,pre-sync
duckdb_parquet,L2_daily,daily,collision,day,1 day,4154,4154,100.0,5,1.0846366806460237,1.087267583992798,1.0351510420441628,163.0,163.0,163.0,100.0,pre-sync
duckdb_parquet,L2_daily,daily,encounter_zone,day,1 day,4154,4154,100.0,5,1.130916680325754,1.124259083007928,1.0696794579853304,193.0,193.0,194.0,99.5,pre-sync
duckdb_parquet,L2_daily,daily,fleet_summary,day,1 day,4154,4154,100.0,5,0.5528074859951934,0.5511920420103706,0.5355334999621846,2756.6,2756.6,2840.5,97.0,pre-sync
duckdb_parquet,L2_daily,daily,harbour_entry,day,1 day,4154,4154,100.0,5,0.4888089723147762,0.4984446250018663,0.4634274589479901,95.0,95.0,99.0,96.0,pre-sync
duckdb_parquet,L2_daily,daily,nearest_approach,day,1 day,4154,4154,100.0,5,1.38853238899416,1.3844564579776488,1.317390458018053,0.0,0.0,0.0,,pre-sync
duckdb_parquet,L2_daily,daily,position_interpolation,day,1 day,4154,4154,100.0,5,0.492624472011812,0.4921152080059983,0.4813922080211341,29.0,29.0,29.0,100.0,pre-sync
duckdb_parquet,L2_daily,daily,speed_profile,day,1 day,4154,4154,100.0,5,0.5773431666699859,0.57703704101732,0.554874875000678,34.7,34.7,35.9,96.7,pre-sync
duckdb_parquet,L2_daily,daily,both_ports,week,1 week,4154,8308,200.0,5,0.8050261939836977,0.7978028749930672,0.7610760419629514,4.0,4.0,4.0,100.0,pre-sync
duckdb_parquet,L2_daily,daily,bounding_box,week,1 week,4154,4154,100.0,5,2.0364388473487147,2.040112417016644,1.9993403329863213,79.1,79.1,79.09,100.0,pre-sync
duckdb_parquet,L2_daily,daily,clip_to_region,week,1 week,4154,4154,100.0,5,1.009232361005464,1.010553208005149,0.9995980419917032,620.0,620.0,622.0,99.7,pre-sync
duckdb_parquet,L2_daily,daily,collision,week,1 week,4154,4154,100.0,5,5.287672000005841,5.2816672080080025,5.133757374947891,263.0,263.0,264.0,99.6,pre-sync
duckdb_parquet,L2_daily,daily,encounter_zone,week,1 week,4154,4154,100.0,5,5.316183666679232,5.350864208012354,4.9285829159780405,342.0,342.0,343.0,99.7,pre-sync
duckdb_parquet,L2_daily,daily,fleet_summary,week,1 week,4154,4154,100.0,5,1.5111916523310356,1.5096965410048142,1.5003640829818323,21721.0,21721.0,21860.0,99.4,pre-sync
duckdb_parquet,L2_daily,daily,harbour_entry,week,1 week,4154,4154,100.0,5,1.1341647503237862,1.1335262089851312,1.1245452499715611,165.0,165.0,165.0,100.0,pre-sync
duckdb_parquet,L2_daily,daily,nearest_approach,week,1 week,4154,4154,100.0,5,7.25476073663837,7.124920458998531,6.329819959006272,0.0,0.0,0.0,,pre-sync
duckdb_parquet,L2_daily,daily,position_interpolation,week,1 week,4154,4154,100.0,5,0.9864397219886692,0.9899284999701194,0.9762457499746232,26.0,26.0,26.0,100.0,pre-sync
duckdb_parquet,L2_daily,daily,speed_profile,week,1 week,4154,4154,100.0,5,1.6375276109902188,1.6326721660443582,1.628731999953743,39.6,39.6,39.7,99.7,pre-sync
duckdb_parquet,L3_daily,daily,both_ports,hour,1 hour,4133,8266,200.0,5,0.7546447776646042,0.7504412499838509,0.7279263330274262,1.0,1.0,4.0,25.0,pre-sync
duckdb_parquet,L3_daily,daily,bounding_box,hour,1 hour,4133,4133,100.0,5,0.3915303193304377,0.3944562500109896,0.3796136250020936,0.01,0.01,4.76,0.2,pre-sync
duckdb_parquet,L3_daily,daily,clip_to_region,hour,1 hour,4133,4133,100.0,5,0.3841823193361051,0.3852783330366947,0.3691264999797568,27.0,27.0,28.0,96.4,pre-sync
duckdb_parquet,L3_daily,daily,collision,hour,1 hour,4133,4133,100.0,5,0.4146876249966832,0.4146927910041995,0.4121065000072121,59.0,59.0,69.0,85.5,pre-sync
duckdb_parquet,L3_daily,daily,encounter_zone,hour,1 hour,4133,4133,100.0,5,0.4246716806665063,0.4244101669755764,0.421928083000239,74.0,74.0,88.0,84.1,pre-sync
duckdb_parquet,L3_daily,daily,fleet_summary,hour,1 hour,4133,4133,100.0,5,0.3895655973465182,0.3905182500020601,0.3842939169844612,4.4,4.4,41.3,10.7,pre-sync
duckdb_parquet,L3_daily,daily,harbour_entry,hour,1 hour,4133,4133,100.0,5,0.3802137223538011,0.3790840840083547,0.3637131670257076,54.0,54.0,56.0,96.4,pre-sync
duckdb_parquet,L3_daily,daily,nearest_approach,hour,1 hour,4133,4133,100.0,5,0.4222677636813993,0.4224089580238797,0.4148899159627035,12.0,12.0,11.0,109.1,pre-sync
duckdb_parquet,L3_daily,daily,position_interpolation,hour,1 hour,4133,4133,100.0,5,0.4012726803387825,0.3985682500060648,0.3967105419724248,17.0,17.0,18.0,94.4,pre-sync
duckdb_parquet,L3_daily,daily,speed_profile,hour,1 hour,4133,4133,100.0,5,0.397787985993394,0.397114249994047,0.3935585410217754,1.4,1.4,1.5,93.3,pre-sync
duckdb_parquet,L3_daily,daily,both_ports,day,1 day,4133,8266,200.0,5,0.7513159029767849,0.7501502920058556,0.7406812920235097,4.0,4.0,4.0,100.0,pre-sync
duckdb_parquet,L3_daily,daily,bounding_box,day,1 day,4133,4133,100.0,5,0.5326890276628546,0.534533999976702,0.5242606250103563,60.76,60.76,62.69,96.9,pre-sync
duckdb_parquet,L3_daily,daily,clip_to_region,day,1 day,4133,4133,100.0,5,0.4542622913528855,0.4549472910002805,0.4456337500014342,112.0,112.0,115.0,97.4,pre-sync
duckdb_parquet,L3_daily,daily,collision,day,1 day,4133,4133,100.0,5,1.04403474998738,1.0480269579566084,0.967895584006328,162.0,162.0,163.0,99.4,pre-sync
duckdb_parquet,L3_daily,daily,encounter_zone,day,1 day,4133,4133,100.0,5,1.1319125696512249,1.1314452089718543,1.070505832962226,193.0,193.0,194.0,99.5,pre-sync
duckdb_parquet,L3_daily,daily,fleet_summary,day,1 day,4133,4133,100.0,5,0.5324467083555646,0.5327727920375764,0.5277359579922631,2632.3,2632.3,2840.5,92.7,pre-sync
duckdb_parquet,L3_daily,daily,harbour_entry,day,1 day,4133,4133,100.0,5,0.4583582363169019,0.4572118339710869,0.4349420419894159,95.0,95.0,99.0,96.0,pre-sync
duckdb_parquet,L3_daily,daily,nearest_approach,day,1 day,4133,4133,100.0,5,1.3587578329994965,1.3550034160143696,1.3353786670486445,0.0,0.0,0.0,,pre-sync
duckdb_parquet,L3_daily,daily,position_interpolation,day,1 day,4133,4133,100.0,5,0.4653069166621814,0.4603028750279918,0.4576746249804273,28.0,28.0,29.0,96.6,pre-sync
duckdb_parquet,L3_daily,daily,speed_profile,day,1 day,4133,4133,100.0,5,0.5364783473390465,0.5359709999756888,0.5340501250466332,35.3,35.3,35.9,98.3,pre-sync
duckdb_parquet,L3_daily,daily,both_ports,week,1 week,4133,8266,200.0,5,0.7529143886834694,0.7562113330350257,0.7117035830160603,4.0,4.0,4.0,100.0,pre-sync
duckdb_parquet,L3_daily,daily,bounding_box,week,1 week,4133,4133,100.0,5,1.613002791981368,1.6455407500034198,1.5439505419926718,79.03,79.03,79.09,99.9,pre-sync
duckdb_parquet,L3_daily,daily,clip_to_region,week,1 week,4133,4133,100.0,5,0.9364299446654816,0.9406911249971016,0.9204442090122028,620.0,620.0,622.0,99.7,pre-sync
duckdb_parquet,L3_daily,daily,collision,week,1 week,4133,4133,100.0,5,5.340431653001967,5.348081959004048,4.770066292025149,263.0,263.0,264.0,99.6,pre-sync
duckdb_parquet,L3_daily,daily,encounter_zone,week,1 week,4133,4133,100.0,5,5.35760179165906,5.441136459005065,4.970960000006016,342.0,342.0,343.0,99.7,pre-sync
duckdb_parquet,L3_daily,daily,fleet_summary,week,1 week,4133,4133,100.0,5,1.4841896946697186,1.4775670419912783,1.4286960000172255,20754.2,20754.2,21860.0,94.9,pre-sync
duckdb_parquet,L3_daily,daily,harbour_entry,week,1 week,4133,4133,100.0,5,1.1806491946723934,1.177208250039257,1.11671012500301,165.0,165.0,165.0,100.0,pre-sync
duckdb_parquet,L3_daily,daily,nearest_approach,week,1 week,4133,4133,100.0,5,7.176793152990285,7.228249499981757,6.71556620800402,0.0,0.0,0.0,,pre-sync
duckdb_parquet,L3_daily,daily,position_interpolation,week,1 week,4133,4133,100.0,5,0.9418035140067028,0.9410562090342864,0.9305487499805168,25.0,25.0,26.0,96.2,pre-sync
duckdb_parquet,L3_daily,daily,speed_profile,week,1 week,4133,4133,100.0,5,1.5588789023264933,1.5600712079904042,1.5527022079913877,39.0,39.0,39.7,98.2,pre-sync
duckdb_parquet,L2s,compact,both_ports,hour,1 hour,302,604,200.0,5,0.1261782773265925,0.1260860409820452,0.1202331660315394,2.0,2.0,4.0,50.0,pre-sync
duckdb_parquet,L2s,compact,bounding_box,hour,1 hour,302,302,100.0,5,0.0974716803369422,0.096424208022654,0.0892824580078013,0.03,0.03,4.76,0.6,pre-sync
duckdb_parquet,L2s,compact,clip_to_region,hour,1 hour,302,302,100.0,5,0.0864957916395117,0.0855973329744301,0.0786568750045262,27.0,27.0,28.0,96.4,pre-sync
duckdb_parquet,L2s,compact,collision,hour,1 hour,302,302,100.0,5,0.1184478333064665,0.118611832964234,0.1135465420084074,60.0,60.0,69.0,87.0,pre-sync
duckdb_parquet,L2s,compact,encounter_zone,hour,1 hour,302,302,100.0,5,0.1186702356596167,0.1183915409492328,0.1165228330064565,75.0,75.0,88.0,85.2,pre-sync
duckdb_parquet,L2s,compact,fleet_summary,hour,1 hour,302,302,100.0,5,0.0970009163526507,0.0970350410207174,0.0961297079920768,6.3,6.3,41.3,15.3,pre-sync
duckdb_parquet,L2s,compact,harbour_entry,hour,1 hour,302,302,100.0,5,0.1135686109773814,0.1155486669740639,0.103096375009045,56.0,56.0,56.0,100.0,pre-sync
duckdb_parquet,L2s,compact,nearest_approach,hour,1 hour,302,302,100.0,5,0.1588670696364715,0.1612999169738032,0.1369112919783219,11.0,11.0,11.0,100.0,pre-sync
duckdb_parquet,L2s,compact,position_interpolation,hour,1 hour,302,302,100.0,5,0.101279929978773,0.1013279159669764,0.0933110829791985,17.0,17.0,18.0,94.4,pre-sync
duckdb_parquet,L2s,compact,speed_profile,hour,1 hour,302,302,100.0,5,0.0995618609983163,0.0994588750181719,0.0971674160100519,1.4,1.4,1.5,93.3,pre-sync
duckdb_parquet,L2s,compact,both_ports,day,1 day,302,604,200.0,5,0.1345109443257873,0.1351153329596854,0.124708124960307,4.0,4.0,4.0,100.0,pre-sync
duckdb_parquet,L2s,compact,bounding_box,day,1 day,302,302,100.0,5,0.2714455136447213,0.2678353749797679,0.2589204999967478,60.22,60.22,62.69,96.1,pre-sync
duckdb_parquet,L2s,compact,clip_to_region,day,1 day,302,302,100.0,5,0.1578718753298744,0.1576052500167861,0.1561967090237885,113.0,113.0,115.0,98.3,pre-sync
duckdb_parquet,L2s,compact,collision,day,1 day,302,302,100.0,5,0.8025467080102923,0.815445207990706,0.736133250000421,163.0,163.0,163.0,100.0,pre-sync
duckdb_parquet,L2s,compact,encounter_zone,day,1 day,302,302,100.0,5,0.8255106669967063,0.8115606670035049,0.7884004579973407,193.0,193.0,194.0,99.5,pre-sync
duckdb_parquet,L2s,compact,fleet_summary,day,1 day,302,302,100.0,5,0.2469502640111992,0.2456980840070173,0.2384808750357478,2756.6,2756.6,2840.5,97.0,pre-sync
duckdb_parquet,L2s,compact,harbour_entry,day,1 day,302,302,100.0,5,0.2278691109968349,0.2277239169925451,0.2242368750157766,95.0,95.0,99.0,96.0,pre-sync
duckdb_parquet,L2s,compact,nearest_approach,day,1 day,302,302,100.0,5,1.053810111344016,1.0687947500264272,0.9204007500084116,0.0,0.0,0.0,,pre-sync
duckdb_parquet,L2s,compact,position_interpolation,day,1 day,302,302,100.0,5,0.1738511939765885,0.1722150410059839,0.1690132910152897,29.0,29.0,29.0,100.0,pre-sync
duckdb_parquet,L2s,compact,speed_profile,day,1 day,302,302,100.0,5,0.269565402995795,0.2680329169961624,0.2577187080169096,34.7,34.7,35.9,96.7,pre-sync
duckdb_parquet,L2s,compact,both_ports,week,1 week,302,604,200.0,5,0.1406190140017618,0.1445210420060902,0.127888792019803,4.0,4.0,4.0,100.0,pre-sync
duckdb_parquet,L2s,compact,bounding_box,week,1 week,302,302,100.0,5,1.3319205973336163,1.351969167008065,1.2829145000432618,79.1,79.1,79.09,100.0,pre-sync
duckdb_parquet,L2s,compact,clip_to_region,week,1 week,302,302,100.0,5,0.6447537356677154,0.6444560830132104,0.636021374957636,620.0,620.0,622.0,99.7,pre-sync
duckdb_parquet,L2s,compact,collision,week,1 week,302,302,100.0,5,5.202511263991862,5.244432625011541,4.7547492909943685,263.0,263.0,264.0,99.6,pre-sync
duckdb_parquet,L2s,compact,encounter_zone,week,1 week,302,302,100.0,5,5.5103542223223485,5.524859209021088,4.910653125029057,342.0,342.0,343.0,99.7,pre-sync
duckdb_parquet,L2s,compact,fleet_summary,week,1 week,302,302,100.0,5,1.21880080535387,1.208445541036781,1.194568208011333,21721.0,21721.0,21860.0,99.4,pre-sync
duckdb_parquet,L2s,compact,harbour_entry,week,1 week,302,302,100.0,5,0.8853221799945459,0.8850302080390975,0.8844019580283202,165.0,165.0,165.0,100.0,pre-sync
duckdb_parquet,L2s,compact,nearest_approach,week,1 week,302,302,100.0,5,7.200789819665563,7.192977208993398,6.632955584034789,0.0,0.0,0.0,,pre-sync
duckdb_parquet,L2s,compact,position_interpolation,week,1 week,302,302,100.0,5,0.6671426249862028,0.6671282919705845,0.6579140420071781,26.0,26.0,26.0,100.0,pre-sync
duckdb_parquet,L2s,compact,speed_profile,week,1 week,302,302,100.0,5,1.3295518756494855,1.3252540840185247,1.3136485409922898,39.6,39.6,39.7,99.7,pre-sync
duckdb_parquet,L3s,compact,both_ports,hour,1 hour,299,598,200.0,5,0.1385033193316,0.1356279169558547,0.1324055419536307,1.0,1.0,4.0,25.0,pre-sync
duckdb_parquet,L3s,compact,bounding_box,hour,1 hour,299,299,100.0,5,0.0958037496505615,0.0965407909825444,0.0883888329844921,0.01,0.01,4.76,0.2,pre-sync
duckdb_parquet,L3s,compact,clip_to_region,hour,1 hour,299,299,100.0,5,0.0887319860048592,0.0892850000527687,0.084212917019613,27.0,27.0,28.0,96.4,pre-sync
duckdb_parquet,L3s,compact,collision,hour,1 hour,299,299,100.0,5,0.1148510276495168,0.1147447919938713,0.1139172090333886,59.0,59.0,69.0,85.5,pre-sync
duckdb_parquet,L3s,compact,encounter_zone,hour,1 hour,299,299,100.0,5,0.1141763610066846,0.1159498750348575,0.1070017500314861,74.0,74.0,88.0,84.1,pre-sync
duckdb_parquet,L3s,compact,fleet_summary,hour,1 hour,299,299,100.0,5,0.099835666672637,0.0997898749774321,0.0993008330115117,4.4,4.4,41.3,10.7,pre-sync
duckdb_parquet,L3s,compact,harbour_entry,hour,1 hour,299,299,100.0,5,0.1035148749942891,0.1070419999887235,0.0923447920358739,54.0,54.0,56.0,96.4,pre-sync
duckdb_parquet,L3s,compact,nearest_approach,hour,1 hour,299,299,100.0,5,0.1373389863292686,0.1371124589932151,0.1350124169839546,12.0,12.0,11.0,109.1,pre-sync
duckdb_parquet,L3s,compact,position_interpolation,hour,1 hour,299,299,100.0,5,0.1059530696754033,0.1059251250117085,0.1046269159996882,17.0,17.0,18.0,94.4,pre-sync
duckdb_parquet,L3s,compact,speed_profile,hour,1 hour,299,299,100.0,5,0.1028292220241079,0.1030978750204667,0.1018504169769585,1.4,1.4,1.5,93.3,pre-sync
duckdb_parquet,L3s,compact,both_ports,day,1 day,299,598,200.0,5,0.1458372223229768,0.1474302500137128,0.1314634170266799,4.0,4.0,4.0,100.0,pre-sync
duckdb_parquet,L3s,compact,bounding_box,day,1 day,299,299,100.0,5,0.2578229033194172,0.2559943340020254,0.2513876250013709,60.76,60.76,62.69,96.9,pre-sync
duckdb_parquet,L3s,compact,clip_to_region,day,1 day,299,299,100.0,5,0.1602663056886134,0.160419209045358,0.1589543750160373,112.0,112.0,115.0,97.4,pre-sync
duckdb_parquet,L3s,compact,collision,day,1 day,299,299,100.0,5,0.7785379996639676,0.7785084159695543,0.7143614999949932,162.0,162.0,163.0,99.4,pre-sync
duckdb_parquet,L3s,compact,encounter_zone,day,1 day,299,299,100.0,5,0.8279867083377516,0.8338161670253612,0.7716530420002528,193.0,193.0,194.0,99.5,pre-sync
duckdb_parquet,L3s,compact,fleet_summary,day,1 day,299,299,100.0,5,0.2436397360094512,0.2444915000232868,0.2306185000343248,2632.3,2632.3,2840.5,92.7,pre-sync
duckdb_parquet,L3s,compact,harbour_entry,day,1 day,299,299,100.0,5,0.225821110982603,0.2256427079555578,0.2231001250329427,95.0,95.0,99.0,96.0,pre-sync
duckdb_parquet,L3s,compact,nearest_approach,day,1 day,299,299,100.0,5,0.974069221992977,0.977978582959622,0.8591510830447078,0.0,0.0,0.0,,pre-sync
duckdb_parquet,L3s,compact,position_interpolation,day,1 day,299,299,100.0,5,0.1789501806682286,0.1800655419938266,0.1744208329473622,28.0,28.0,29.0,96.6,pre-sync
duckdb_parquet,L3s,compact,speed_profile,day,1 day,299,299,100.0,5,0.2549701943450297,0.2547568749869242,0.2507698340341449,35.3,35.3,35.9,98.3,pre-sync
duckdb_parquet,L3s,compact,both_ports,week,1 week,299,598,200.0,5,0.1518111669962915,0.1513297089841216,0.1369441670249216,4.0,4.0,4.0,100.0,pre-sync
duckdb_parquet,L3s,compact,bounding_box,week,1 week,299,299,100.0,5,1.2905879170090582,1.3225622919853777,1.218208250007592,79.03,79.03,79.09,99.9,pre-sync
duckdb_parquet,L3s,compact,clip_to_region,week,1 week,299,299,100.0,5,0.6145449446630664,0.6122077499749139,0.6094581670477055,620.0,620.0,622.0,99.7,pre-sync
duckdb_parquet,L3s,compact,collision,week,1 week,299,299,100.0,5,5.273104111314751,5.309299249958713,4.891544124984648,263.0,263.0,264.0,99.6,pre-sync
duckdb_parquet,L3s,compact,encounter_zone,week,1 week,299,299,100.0,5,5.623597152356524,5.754123916034587,5.207990832976066,342.0,342.0,343.0,99.7,pre-sync
duckdb_parquet,L3s,compact,fleet_summary,week,1 week,299,299,100.0,5,1.133503056014888,1.1292950420174748,1.1243623329792172,20754.2,20754.2,21860.0,94.9,pre-sync
duckdb_parquet,L3s,compact,harbour_entry,week,1 week,299,299,100.0,5,0.8882271523276964,0.8878337909700349,0.8806113339960575,165.0,165.0,165.0,100.0,pre-sync
duckdb_parquet,L3s,compact,nearest_approach,week,1 week,299,299,100.0,5,7.78844265298297,7.685355832974892,6.580029000004288,0.0,0.0,0.0,,pre-sync
duckdb_parquet,L3s,compact,position_interpolation,week,1 week,299,299,100.0,5,0.6472952916713742,0.6476147909997962,0.6401335829868913,25.0,25.0,26.0,96.2,pre-sync
duckdb_parquet,L3s,compact,speed_profile,week,1 week,299,299,100.0,5,1.2676749023376033,1.2563990830094554,1.2404207499930635,39.0,39.0,39.7,98.2,pre-sync
duckdb_parquet,L0,daily,both_ports,hour,1 hour,31,31,100.0,5,0.4426335276803002,0.4435874170158058,0.4373787089716643,"(1,)",1.0,1.0,100.0,synced
duckdb_parquet,L0,daily,bounding_box,hour,1 hour,31,31,100.0,5,0.3760739446540053,0.3718697499716654,0.3703231660183519,"(15.9,)",15.9,15.9,100.0,synced
duckdb_parquet,L0,daily,clip_to_region,hour,1 hour,31,31,100.0,5,0.3499241526781891,0.3515298750135116,0.3426313750096597,"(29,)",29.0,29.0,100.0,synced
duckdb_parquet,L0,daily,collision,hour,1 hour,31,31,100.0,5,0.4461215696646832,0.4337507919990457,0.4124395840335637,"(119,)",119.0,119.0,100.0,synced
duckdb_parquet,L0,daily,encounter_zone,hour,1 hour,31,31,100.0,5,0.4566917496655757,0.4565346660092473,0.4440309159690514,"(138,)",138.0,138.0,100.0,synced
duckdb_parquet,L0,daily,fleet_summary,hour,1 hour,31,31,100.0,5,0.3673090280111258,0.3676412089844234,0.3473089580074884,"(123.2, 29, 9)",123.2,123.2,100.0,synced
duckdb_parquet,L0,daily,harbour_entry,hour,1 hour,31,31,100.0,5,0.5294946943370936,0.538254874991253,0.5061952919932082,"(73,)",73.0,73.0,100.0,synced
duckdb_parquet,L0,daily,nearest_approach,hour,1 hour,31,31,100.0,5,0.4652793053343582,0.4659673750284128,0.4480496670003049,"(7.0,)",7.0,7.0,100.0,synced
duckdb_parquet,L0,daily,position_interpolation,hour,1 hour,31,31,100.0,5,0.3659402363506767,0.363735208986327,0.3595982500119135,"(26,)",26.0,26.0,100.0,synced
duckdb_parquet,L0,daily,speed_profile,hour,1 hour,31,31,100.0,5,0.3710346526737946,0.3711016249726526,0.3593635840225033,"(5.4,)",5.4,5.4,100.0,synced
duckdb_parquet,L0,daily,both_ports,day,1 day,31,31,100.0,5,0.8020278053397002,0.7964881249936298,0.6857892089756206,"(4,)",4.0,4.0,100.0,synced
duckdb_parquet,L0,daily,bounding_box,day,1 day,31,31,100.0,5,0.9340621810018396,0.9758705419953912,0.7912090420140885,"(61.43,)",61.43,61.43,100.0,synced
duckdb_parquet,L0,daily,clip_to_region,day,1 day,31,31,100.0,5,0.5935329579903433,0.5912041660048999,0.5904971669660881,"(113,)",113.0,113.0,100.0,synced
duckdb_parquet,L0,daily,collision,day,1 day,31,31,100.0,5,1.7696807643515058,1.7730630420264788,1.602250040974468,"(165,)",165.0,165.0,100.0,synced
duckdb_parquet,L0,daily,encounter_zone,day,1 day,31,31,100.0,5,1.7222171666605088,1.7096247079898603,1.6090194590506144,"(195,)",195.0,195.0,100.0,synced
duckdb_parquet,L0,daily,fleet_summary,day,1 day,31,31,100.0,5,0.8505427636749422,0.846843125007581,0.7692947500036098,"(2876.4, 113, 10)",2876.4,2876.4,100.0,synced
duckdb_parquet,L0,daily,harbour_entry,day,1 day,31,31,100.0,5,1.144736805659098,1.1436070409836248,0.9840230419649744,"(96,)",96.0,96.0,100.0,synced
duckdb_parquet,L0,daily,nearest_approach,day,1 day,31,31,100.0,5,1.9688693470088765,2.0075510420138016,1.80028416600544,"(0.0,)",0.0,0.0,,synced
duckdb_parquet,L0,daily,position_interpolation,day,1 day,31,31,100.0,5,0.6062777636689134,0.6022849580040202,0.5872596670524217,"(26,)",26.0,26.0,100.0,synced
duckdb_parquet,L0,daily,speed_profile,day,1 day,31,31,100.0,5,0.8760423749918118,0.8784613329917192,0.790268125012517,"(34.7,)",34.7,34.7,100.0,synced
duckdb_parquet,L0,daily,both_ports,week,1 week,31,31,100.0,5,3.5231624446460046,3.470291666977573,3.390694124973379,"(4,)",4.0,4.0,100.0,synced
duckdb_parquet,L0,daily,bounding_box,week,1 week,31,31,100.0,5,4.156660527999823,4.2895747919683345,3.8464269579853863,"(79.27,)",79.27,79.27,100.0,synced
duckdb_parquet,L0,daily,clip_to_region,week,1 week,31,31,100.0,5,2.41871480566139,2.382348917017225,2.236385917000007,"(620,)",620.0,620.0,100.0,synced
duckdb_parquet,L0,daily,collision,week,1 week,31,31,100.0,5,10.294629972311668,9.995332666963805,9.800472375005484,"(264,)",264.0,264.0,100.0,synced
duckdb_parquet,L0,daily,encounter_zone,week,1 week,31,31,100.0,5,11.326054639008362,11.646605833026117,10.308200584026054,"(343,)",343.0,343.0,100.0,synced
duckdb_parquet,L0,daily,fleet_summary,week,1 week,31,31,100.0,5,3.862614236655645,3.7965558340074494,3.7576044580200687,"(21937.2, 620, 16)",21937.2,21937.2,100.0,synced
duckdb_parquet,L0,daily,harbour_entry,week,1 week,31,31,100.0,5,4.800444666994736,5.071016791975126,4.005948584002908,"(165,)",165.0,165.0,100.0,synced
duckdb_parquet,L0,daily,nearest_approach,week,1 week,31,31,100.0,5,12.488030860996028,12.490663916047197,12.413134667032864,"(0.0,)",0.0,0.0,,synced
duckdb_parquet,L0,daily,position_interpolation,week,1 week,31,31,100.0,5,2.441524986352306,2.4575388749944977,2.363228000001982,"(26,)",26.0,26.0,100.0,synced
duckdb_parquet,L0,daily,speed_profile,week,1 week,31,31,100.0,5,4.068666318994171,4.1163279580068775,3.8261381249758415,"(39.6,)",39.6,39.6,100.0,synced
duckdb_parquet,L2_daily,daily,both_ports,hour,1 hour,4313,4313,100.0,5,0.8114062360061022,0.8085343750426546,0.7973567920271307,"(1,)",1.0,1.0,100.0,synced
duckdb_parquet,L2_daily,daily,bounding_box,hour,1 hour,4313,4313,100.0,5,0.4492025560078521,0.4495792500092648,0.435405875032302,"(15.9,)",15.9,15.9,100.0,synced
duckdb_parquet,L2_daily,daily,clip_to_region,hour,1 hour,4313,4313,100.0,5,0.4274709303475295,0.4278744999901391,0.4107311249827035,"(29,)",29.0,29.0,100.0,synced
duckdb_parquet,L2_daily,daily,collision,hour,1 hour,4313,4313,100.0,5,0.4712140276484812,0.4697777499677613,0.4638714999891817,"(119,)",119.0,119.0,100.0,synced
duckdb_parquet,L2_daily,daily,encounter_zone,hour,1 hour,4313,4313,100.0,5,0.4816454169922508,0.4825808749883435,0.4772793750162236,"(138,)",138.0,138.0,100.0,synced
duckdb_parquet,L2_daily,daily,fleet_summary,hour,1 hour,4313,4313,100.0,5,0.4394236663356423,0.4383234999841079,0.42966012499528,"(123.2, 29, 9)",123.2,123.2,100.0,synced
duckdb_parquet,L2_daily,daily,harbour_entry,hour,1 hour,4313,4313,100.0,5,0.4329819443325202,0.4339517920161597,0.4276715410524048,"(73,)",73.0,73.0,100.0,synced
duckdb_parquet,L2_daily,daily,nearest_approach,hour,1 hour,4313,4313,100.0,5,0.5004169303186549,0.5007884999504313,0.4966444160090759,"(7.0,)",7.0,7.0,100.0,synced
duckdb_parquet,L2_daily,daily,position_interpolation,hour,1 hour,4313,4313,100.0,5,0.4430241386677759,0.4429560000426136,0.4345832079998217,"(26,)",26.0,26.0,100.0,synced
duckdb_parquet,L2_daily,daily,speed_profile,hour,1 hour,4313,4313,100.0,5,0.4423539030055205,0.4409989999840036,0.4323024160112254,"(5.4,)",5.4,5.4,100.0,synced
duckdb_parquet,L2_daily,daily,both_ports,day,1 day,4313,4313,100.0,5,0.8361165000242181,0.8355341670103371,0.8278823329601437,"(4,)",4.0,4.0,100.0,synced
duckdb_parquet,L2_daily,daily,bounding_box,day,1 day,4313,4313,100.0,5,0.6141885556474639,0.6149477919680066,0.5986333339824341,"(61.43,)",61.43,61.43,100.0,synced
duckdb_parquet,L2_daily,daily,clip_to_region,day,1 day,4313,4313,100.0,5,0.5055552776514863,0.5036725419922732,0.5028499999898486,"(113,)",113.0,113.0,100.0,synced
duckdb_parquet,L2_daily,daily,collision,day,1 day,4313,4313,100.0,5,1.1910954583630275,1.1886164580355398,1.161591625015717,"(165,)",165.0,165.0,100.0,synced
duckdb_parquet,L2_daily,daily,encounter_zone,day,1 day,4313,4313,100.0,5,1.2498607500068222,1.2682929580332711,1.0855048749945126,"(195,)",195.0,195.0,100.0,synced
duckdb_parquet,L2_daily,daily,fleet_summary,day,1 day,4313,4313,100.0,5,0.5921461943459386,0.5940466250176542,0.5830175000010058,"(2876.4, 113, 10)",2876.4,2876.4,100.0,synced
duckdb_parquet,L2_daily,daily,harbour_entry,day,1 day,4313,4313,100.0,5,0.5305165556880335,0.5354624580359086,0.4984751670272089,"(96,)",96.0,96.0,100.0,synced
duckdb_parquet,L2_daily,daily,nearest_approach,day,1 day,4313,4313,100.0,5,1.4437458466660853,1.4513652910245582,1.4140347499633208,"(0.0,)",0.0,0.0,,synced
duckdb_parquet,L2_daily,daily,position_interpolation,day,1 day,4313,4313,100.0,5,0.5220158476537714,0.5204784999950789,0.5061243340023793,"(26,)",26.0,26.0,100.0,synced
duckdb_parquet,L2_daily,daily,speed_profile,day,1 day,4313,4313,100.0,5,0.6556708333276523,0.6523057500016876,0.6093050410272554,"(34.7,)",34.7,34.7,100.0,synced
duckdb_parquet,L2_daily,daily,both_ports,week,1 week,4313,4313,100.0,5,0.8757972916355357,0.8749171670060605,0.8519419999793172,"(4,)",4.0,4.0,100.0,synced
duckdb_parquet,L2_daily,daily,bounding_box,week,1 week,4313,4313,100.0,5,1.6595002916874364,1.6609519579797052,1.6482866249862127,"(79.27,)",79.27,79.27,100.0,synced
duckdb_parquet,L2_daily,daily,clip_to_region,week,1 week,4313,4313,100.0,5,0.990244610972392,0.9888384160003624,0.9793089579907246,"(620,)",620.0,620.0,100.0,synced
duckdb_parquet,L2_daily,daily,collision,week,1 week,4313,4313,100.0,5,5.443155833345372,5.4569765840424225,4.913364375010133,"(264,)",264.0,264.0,100.0,synced
duckdb_parquet,L2_daily,daily,encounter_zone,week,1 week,4313,4313,100.0,5,5.563030972339523,5.5661235000006855,4.901540874969214,"(343,)",343.0,343.0,100.0,synced
duckdb_parquet,L2_daily,daily,fleet_summary,week,1 week,4313,4313,100.0,5,1.5576814860105517,1.5569710829877297,1.5532162499730475,"(21937.2, 620, 16)",21937.2,21937.2,100.0,synced
duckdb_parquet,L2_daily,daily,harbour_entry,week,1 week,4313,4313,100.0,5,1.17801193066407,1.175953792000655,1.165968166955281,"(165,)",165.0,165.0,100.0,synced
duckdb_parquet,L2_daily,daily,nearest_approach,week,1 week,4313,4313,100.0,5,7.27709515299648,7.176888583984692,6.6222695000469685,"(0.0,)",0.0,0.0,,synced
duckdb_parquet,L2_daily,daily,position_interpolation,week,1 week,4313,4313,100.0,5,1.0256734443246387,1.0229217080050148,0.9923574999556876,"(26,)",26.0,26.0,100.0,synced
duckdb_parquet,L2_daily,daily,speed_profile,week,1 week,4313,4313,100.0,5,1.6629649443396677,1.666157250001561,1.6554319580318406,"(39.6,)",39.6,39.6,100.0,synced
duckdb_parquet,L3_daily,daily,both_ports,hour,1 hour,4281,4281,100.0,5,0.821644666682308,0.8204980410519056,0.8068910830188543,"(1,)",1.0,1.0,100.0,synced
duckdb_parquet,L3_daily,daily,bounding_box,hour,1 hour,4281,4281,100.0,5,0.441179514338728,0.4406909170211293,0.4302586669800803,"(15.9,)",15.9,15.9,100.0,synced
duckdb_parquet,L3_daily,daily,clip_to_region,hour,1 hour,4281,4281,100.0,5,0.4152386113225172,0.4166519170394167,0.4078109160182066,"(29,)",29.0,29.0,100.0,synced
duckdb_parquet,L3_daily,daily,collision,hour,1 hour,4281,4281,100.0,5,0.4655078193172812,0.4645270409528166,0.4518276249873452,"(119,)",119.0,119.0,100.0,synced
duckdb_parquet,L3_daily,daily,encounter_zone,hour,1 hour,4281,4281,100.0,5,0.4731468333047814,0.4709227499552071,0.4645318330149166,"(138,)",138.0,138.0,100.0,synced
duckdb_parquet,L3_daily,daily,fleet_summary,hour,1 hour,4281,4281,100.0,5,0.443459764336391,0.4458197089843452,0.4307021250133402,"(120.6, 29, 9)",120.6,123.2,97.9,synced
duckdb_parquet,L3_daily,daily,harbour_entry,hour,1 hour,4281,4281,100.0,5,0.4409410693333484,0.4409277500235475,0.436029625008814,"(73,)",73.0,73.0,100.0,synced
duckdb_parquet,L3_daily,daily,nearest_approach,hour,1 hour,4281,4281,100.0,5,0.4897545696779464,0.4898812089813873,0.4709150420385413,"(7.0,)",7.0,7.0,100.0,synced
duckdb_parquet,L3_daily,daily,position_interpolation,hour,1 hour,4281,4281,100.0,5,0.4326075969923598,0.4326168749830685,0.4227812089957297,"(26,)",26.0,26.0,100.0,synced
duckdb_parquet,L3_daily,daily,speed_profile,hour,1 hour,4281,4281,100.0,5,0.4438571109785698,0.4468882500077598,0.4154703749809414,"(5.4,)",5.4,5.4,100.0,synced
duckdb_parquet,L3_daily,daily,both_ports,day,1 day,4281,4281,100.0,5,0.8288390139932744,0.8277635000413284,0.8163380419719033,"(4,)",4.0,4.0,100.0,synced
duckdb_parquet,L3_daily,daily,bounding_box,day,1 day,4281,4281,100.0,5,0.6075274583223896,0.6052732500247657,0.5932314580422826,"(61.43,)",61.43,61.43,100.0,synced
duckdb_parquet,L3_daily,daily,clip_to_region,day,1 day,4281,4281,100.0,5,0.4885638193421376,0.4888700000010431,0.4801406250335276,"(113,)",113.0,113.0,100.0,synced
duckdb_parquet,L3_daily,daily,collision,day,1 day,4281,4281,100.0,5,1.158486431018294,1.1611086670309303,1.1214291250216777,"(165,)",165.0,165.0,100.0,synced
duckdb_parquet,L3_daily,daily,encounter_zone,day,1 day,4281,4281,100.0,5,1.243103500009359,1.2235461669624783,1.1921942910412326,"(195,)",195.0,195.0,100.0,synced
duckdb_parquet,L3_daily,daily,fleet_summary,day,1 day,4281,4281,100.0,5,0.5843063476883495,0.5804483750252984,0.5775863329763524,"(2749.9, 113, 10)",2749.9,2876.4,95.6,synced
duckdb_parquet,L3_daily,daily,harbour_entry,day,1 day,4281,4281,100.0,5,0.5370799023269986,0.5307447909726761,0.4949359169695526,"(96,)",96.0,96.0,100.0,synced
duckdb_parquet,L3_daily,daily,nearest_approach,day,1 day,4281,4281,100.0,5,1.4328810693114065,1.4299580000224523,1.387557000038214,"(0.0,)",0.0,0.0,,synced
duckdb_parquet,L3_daily,daily,position_interpolation,day,1 day,4281,4281,100.0,5,0.5162273056727523,0.5110260419896804,0.5092735420330428,"(26,)",26.0,26.0,100.0,synced
duckdb_parquet,L3_daily,daily,speed_profile,day,1 day,4281,4281,100.0,5,0.5901382776792161,0.590606833982747,0.5878094590152614,"(34.7,)",34.7,34.7,100.0,synced
duckdb_parquet,L3_daily,daily,both_ports,week,1 week,4281,4281,100.0,5,0.8747330276528373,0.8736053750035353,0.8505782500142232,"(4,)",4.0,4.0,100.0,synced
duckdb_parquet,L3_daily,daily,bounding_box,week,1 week,4281,4281,100.0,5,1.7181643336662091,1.765909833018668,1.5796850830083713,"(79.2,)",79.2,79.27,99.9,synced
duckdb_parquet,L3_daily,daily,clip_to_region,week,1 week,4281,4281,100.0,5,0.9889299726734558,0.988108208985068,0.9868339580134488,"(620,)",620.0,620.0,100.0,synced
duckdb_parquet,L3_daily,daily,collision,week,1 week,4281,4281,100.0,5,5.982675681007095,5.9900813340209424,5.372553416993469,"(263,)",263.0,264.0,99.6,synced
duckdb_parquet,L3_daily,daily,encounter_zone,week,1 week,4281,4281,100.0,5,6.2470450276547735,6.297802124987356,5.924172666040249,"(342,)",342.0,343.0,99.7,synced
duckdb_parquet,L3_daily,daily,fleet_summary,week,1 week,4281,4281,100.0,5,1.4950215693291586,1.4977967910235748,1.4826371250092052,"(20906.9, 620, 16)",20906.9,21937.2,95.3,synced
duckdb_parquet,L3_daily,daily,harbour_entry,week,1 week,4281,4281,100.0,5,1.2726363053467746,1.255472082993947,1.235123208956793,"(165,)",165.0,165.0,100.0,synced
duckdb_parquet,L3_daily,daily,nearest_approach,week,1 week,4281,4281,100.0,5,7.676889681005075,7.814659584022593,7.092336542031262,"(0.0,)",0.0,0.0,,synced
duckdb_parquet,L3_daily,daily,position_interpolation,week,1 week,4281,4281,100.0,5,1.0387361113486502,1.0283822090132162,0.9848302080063148,"(26,)",26.0,26.0,100.0,synced
duckdb_parquet,L3_daily,daily,speed_profile,week,1 week,4281,4281,100.0,5,1.7296021526757006,1.6785921250120737,1.5923809169908054,"(39.0,)",39.0,39.6,98.5,synced
duckdb_parquet,L2s,compact,both_ports,hour,1 hour,376,376,100.0,5,0.1589679303385006,0.1607745829969644,0.1461142499465495,"(1,)",1.0,1.0,100.0,synced
duckdb_parquet,L2s,compact,bounding_box,hour,1 hour,376,376,100.0,5,0.1103395833439814,0.1118084170157089,0.1011855420074425,"(15.9,)",15.9,15.9,100.0,synced
duckdb_parquet,L2s,compact,clip_to_region,hour,1 hour,376,376,100.0,5,0.0983151113226388,0.0991534999920986,0.0922463340102694,"(29,)",29.0,29.0,100.0,synced
duckdb_parquet,L2s,compact,collision,hour,1 hour,376,376,100.0,5,0.1423433470384528,0.1411580000421963,0.137756582989823,"(119,)",119.0,119.0,100.0,synced
duckdb_parquet,L2s,compact,encounter_zone,hour,1 hour,376,376,100.0,5,0.148667513334658,0.1484360409667715,0.1426585839944891,"(138,)",138.0,138.0,100.0,synced
duckdb_parquet,L2s,compact,fleet_summary,hour,1 hour,376,376,100.0,5,0.1141734860138967,0.1148655420402064,0.1057624170207418,"(123.2, 29, 9)",123.2,123.2,100.0,synced
duckdb_parquet,L2s,compact,harbour_entry,hour,1 hour,376,376,100.0,5,0.1131126943121974,0.1125436669681221,0.1080967499874532,"(73,)",73.0,73.0,100.0,synced
duckdb_parquet,L2s,compact,nearest_approach,hour,1 hour,376,376,100.0,5,0.1775393053346003,0.1715282500372268,0.1661579579813406,"(7.0,)",7.0,7.0,100.0,synced
duckdb_parquet,L2s,compact,position_interpolation,hour,1 hour,376,376,100.0,5,0.115167083335109,0.1155176669708453,0.1040981670375913,"(26,)",26.0,26.0,100.0,synced
duckdb_parquet,L2s,compact,speed_profile,hour,1 hour,376,376,100.0,5,0.1191043749762078,0.1164015419781208,0.1089096249779686,"(5.4,)",5.4,5.4,100.0,synced
duckdb_parquet,L2s,compact,both_ports,day,1 day,376,376,100.0,5,0.1572876253242915,0.1572805839823559,0.1562528330250643,"(4,)",4.0,4.0,100.0,synced
duckdb_parquet,L2s,compact,bounding_box,day,1 day,376,376,100.0,5,0.2736004720015141,0.2736710410099476,0.2701872080215253,"(61.43,)",61.43,61.43,100.0,synced
duckdb_parquet,L2s,compact,clip_to_region,day,1 day,376,376,100.0,5,0.1747821246778282,0.1744843330234289,0.1706781669636257,"(113,)",113.0,113.0,100.0,synced
duckdb_parquet,L2s,compact,collision,day,1 day,376,376,100.0,5,0.814449999985906,0.8050192499649711,0.78965245798463,"(165,)",165.0,165.0,100.0,synced
duckdb_parquet,L2s,compact,encounter_zone,day,1 day,376,376,100.0,5,0.8409460970239403,0.8376097080181353,0.8322078330093063,"(195,)",195.0,195.0,100.0,synced
duckdb_parquet,L2s,compact,fleet_summary,day,1 day,376,376,100.0,5,0.2635020556626841,0.2626708339666947,0.2581439589848742,"(2876.4, 113, 10)",2876.4,2876.4,100.0,synced
duckdb_parquet,L2s,compact,harbour_entry,day,1 day,376,376,100.0,5,0.2495820276866046,0.2447891670162789,0.234079375048168,"(96,)",96.0,96.0,100.0,synced
duckdb_parquet,L2s,compact,nearest_approach,day,1 day,376,376,100.0,5,1.1821771526592784,1.178343000006862,1.1066192499711178,"(0.0,)",0.0,0.0,,synced
duckdb_parquet,L2s,compact,position_interpolation,day,1 day,376,376,100.0,5,0.200618319659649,0.2029841669718735,0.1868866250151768,"(26,)",26.0,26.0,100.0,synced
duckdb_parquet,L2s,compact,speed_profile,day,1 day,376,376,100.0,5,0.3089371943303073,0.3068840419873595,0.289038666000124,"(34.7,)",34.7,34.7,100.0,synced
duckdb_parquet,L2s,compact,both_ports,week,1 week,376,376,100.0,5,0.1721509303509568,0.175037166045513,0.160514083050657,"(4,)",4.0,4.0,100.0,synced
duckdb_parquet,L2s,compact,bounding_box,week,1 week,376,376,100.0,5,1.4613050276724,1.4686986249871552,1.416807833011262,"(79.27,)",79.27,79.27,100.0,synced
duckdb_parquet,L2s,compact,clip_to_region,week,1 week,376,376,100.0,5,0.6696470416694259,0.6693225830094889,0.6624009580118582,"(620,)",620.0,620.0,100.0,synced
duckdb_parquet,L2s,compact,collision,week,1 week,376,376,100.0,5,4.895752680662554,4.811171124980319,4.694879375048913,"(264,)",264.0,264.0,100.0,synced
duckdb_parquet,L2s,compact,encounter_zone,week,1 week,376,376,100.0,5,5.670727763674222,5.606177041016053,5.042039624997415,"(343,)",343.0,343.0,100.0,synced
duckdb_parquet,L2s,compact,fleet_summary,week,1 week,376,376,100.0,5,1.256971916319647,1.2501267079496756,1.2364744170336053,"(21937.2, 620, 16)",21937.2,21937.2,100.0,synced
duckdb_parquet,L2s,compact,harbour_entry,week,1 week,376,376,100.0,5,0.918696027675954,0.91846512502525,0.9047310000169092,"(165,)",165.0,165.0,100.0,synced
duckdb_parquet,L2s,compact,nearest_approach,week,1 week,376,376,100.0,5,7.299338694332012,7.332288833975326,6.196460332954302,"(0.0,)",0.0,0.0,,synced
duckdb_parquet,L2s,compact,position_interpolation,week,1 week,376,376,100.0,5,0.6809805693143668,0.6802138339844532,0.6690612079692073,"(26,)",26.0,26.0,100.0,synced
duckdb_parquet,L2s,compact,speed_profile,week,1 week,376,376,100.0,5,1.357617722339152,1.3498039999976754,1.3440297920024022,"(39.6,)",39.6,39.6,100.0,synced
duckdb_parquet,L3s,compact,both_ports,hour,1 hour,369,369,100.0,5,0.1733480136414679,0.17415145796258,0.1686606250004843,"(1,)",1.0,1.0,100.0,synced
duckdb_parquet,L3s,compact,bounding_box,hour,1 hour,369,369,100.0,5,0.1210664306612064,0.1229626249987632,0.1126007919665426,"(15.9,)",15.9,15.9,100.0,synced
duckdb_parquet,L3s,compact,clip_to_region,hour,1 hour,369,369,100.0,5,0.1017143893210838,0.1028672090033069,0.097220790979918,"(29,)",29.0,29.0,100.0,synced
duckdb_parquet,L3s,compact,collision,hour,1 hour,369,369,100.0,5,0.1549566943431273,0.1581900829914957,0.1480147920083254,"(119,)",119.0,119.0,100.0,synced
duckdb_parquet,L3s,compact,encounter_zone,hour,1 hour,369,369,100.0,5,0.1553234859990576,0.1559007909963838,0.1467846669838763,"(138,)",138.0,138.0,100.0,synced
duckdb_parquet,L3s,compact,fleet_summary,hour,1 hour,369,369,100.0,5,0.1186128469804922,0.1185897500254213,0.1131390000227838,"(120.6, 29, 9)",120.6,123.2,97.9,synced
duckdb_parquet,L3s,compact,harbour_entry,hour,1 hour,369,369,100.0,5,0.1180502499919384,0.1178010829607956,0.1141683749738149,"(73,)",73.0,73.0,100.0,synced
duckdb_parquet,L3s,compact,nearest_approach,hour,1 hour,369,369,100.0,5,0.1829376803167785,0.182663291983772,0.1800561670097522,"(7.0,)",7.0,7.0,100.0,synced
duckdb_parquet,L3s,compact,position_interpolation,hour,1 hour,369,369,100.0,5,0.1117666663485579,0.1123565000016242,0.1102386249694973,"(26,)",26.0,26.0,100.0,synced
duckdb_parquet,L3s,compact,speed_profile,hour,1 hour,369,369,100.0,5,0.1194262360028612,0.1197110000066459,0.1177239170065149,"(5.4,)",5.4,5.4,100.0,synced
duckdb_parquet,L3s,compact,both_ports,day,1 day,369,369,100.0,5,0.161459444653398,0.1631002919748425,0.155015165975783,"(4,)",4.0,4.0,100.0,synced
duckdb_parquet,L3s,compact,bounding_box,day,1 day,369,369,100.0,5,0.2695488473400473,0.2672571250004694,0.2624840000062249,"(61.43,)",61.43,61.43,100.0,synced
duckdb_parquet,L3s,compact,clip_to_region,day,1 day,369,369,100.0,5,0.1723166666730927,0.1732051250291988,0.1655127080157399,"(113,)",113.0,113.0,100.0,synced
duckdb_parquet,L3s,compact,collision,day,1 day,369,369,100.0,5,0.7674076246718565,0.7652709580142982,0.7305128329899162,"(165,)",165.0,165.0,100.0,synced
duckdb_parquet,L3s,compact,encounter_zone,day,1 day,369,369,100.0,5,0.8032950833439827,0.8079851670190692,0.7679775829892606,"(195,)",195.0,195.0,100.0,synced
duckdb_parquet,L3s,compact,fleet_summary,day,1 day,369,369,100.0,5,0.2634049166614811,0.2636857499601319,0.2571924999938346,"(2749.9, 113, 10)",2749.9,2876.4,95.6,synced
duckdb_parquet,L3s,compact,harbour_entry,day,1 day,369,369,100.0,5,0.2500812639676344,0.2474996249657124,0.2462647499633021,"(96,)",96.0,96.0,100.0,synced
duckdb_parquet,L3s,compact,nearest_approach,day,1 day,369,369,100.0,5,1.022513055339611,1.0187038750154898,0.9688447919907048,"(0.0,)",0.0,0.0,,synced
duckdb_parquet,L3s,compact,position_interpolation,day,1 day,369,369,100.0,5,0.1962235693160134,0.198097874992527,0.1875742920092307,"(26,)",26.0,26.0,100.0,synced
duckdb_parquet,L3s,compact,speed_profile,day,1 day,369,369,100.0,5,0.2692294583345453,0.2691567079746164,0.2676467500277795,"(34.7,)",34.7,34.7,100.0,synced
duckdb_parquet,L3s,compact,both_ports,week,1 week,369,369,100.0,5,0.1722982779998953,0.1728377499966882,0.1544204169767908,"(4,)",4.0,4.0,100.0,synced
duckdb_parquet,L3s,compact,bounding_box,week,1 week,369,369,100.0,5,1.311724847337852,1.306665875017643,1.2442142079817131,"(79.2,)",79.2,79.27,99.9,synced
duckdb_parquet,L3s,compact,clip_to_region,week,1 week,369,369,100.0,5,0.6436313613473127,0.6443621250218712,0.6386443750234321,"(620,)",620.0,620.0,100.0,synced
duckdb_parquet,L3s,compact,collision,week,1 week,369,369,100.0,5,5.140506680666779,5.14554679201683,4.7692830840242095,"(263,)",263.0,264.0,99.6,synced
duckdb_parquet,L3s,compact,encounter_zone,week,1 week,369,369,100.0,5,5.523794999986421,5.567665542010218,5.060094666026998,"(342,)",342.0,343.0,99.7,synced
duckdb_parquet,L3s,compact,fleet_summary,week,1 week,369,369,100.0,5,1.224605277995579,1.2140490419697016,1.1938509159954265,"(20906.9, 620, 16)",20906.9,21937.2,95.3,synced
duckdb_parquet,L3s,compact,harbour_entry,week,1 week,369,369,100.0,5,0.9755286526633428,0.9928816669853404,0.915138374955859,"(165,)",165.0,165.0,100.0,synced
duckdb_parquet,L3s,compact,nearest_approach,week,1 week,369,369,100.0,5,7.743747638654895,7.549896457989235,6.711098208033945,"(0.0,)",0.0,0.0,,synced
duckdb_parquet,L3s,compact,position_interpolation,week,1 week,369,369,100.0,5,0.6594961530063301,0.6608872920041904,0.6506030000164174,"(26,)",26.0,26.0,100.0,synced
duckdb_parquet,L3s,compact,speed_profile,week,1 week,369,369,100.0,5,1.326141944678966,1.3108070000307634,1.266418583050836,"(39.0,)",39.0,39.6,98.5,synced
