system,cache,layout,gran,query,selectivity,span,files_total,files_read,files_pct,rows_total,rows_scanned,rows_pct,rows_returned,n_iters,runtime_trimmed_s,runtime_mean_s,runtime_std_s,runtime_median_s,runtime_min_s,answer,bytes_total,bytes_read,ans,ans_L0,recall_pct,src,bytes_pct
duckdb_iceberg_rest,warm,L0,daily,both_ports,hour,1 hour,31,2,6.5,381713,14,0.004,1,5,0.363356707986289,0.3637421248015016,0.0042587623419634,0.3644392910064198,0.3587200830224901,4.0,100.0,6.71,4.0,4.0,100.0,pre-sync,
duckdb_iceberg_rest,warm,L0,daily,bounding_box,hour,1 hour,31,1,3.2,381713,115,0.03,1,5,0.3334926526489046,0.3350591165944934,0.0078722567223911,0.3331323330057785,0.3269921250175684,4.76,100.0,3.36,4.76,4.76,100.0,pre-sync,
duckdb_iceberg_rest,warm,L0,daily,clip_to_region,hour,1 hour,31,1,3.2,381713,115,0.03,1,5,0.3156387916727302,0.3160517668002285,0.0035691080833781,0.314942458004225,0.3125388749758713,28.0,100.0,3.36,28.0,28.0,100.0,pre-sync,
duckdb_iceberg_rest,warm,L0,daily,collision,hour,1 hour,31,1,3.2,381713,115,0.03,1,5,0.3592770689865574,0.3589374079834669,0.0041309546847413,0.3591885830392129,0.3526286669657565,69.0,100.0,3.36,69.0,69.0,100.0,pre-sync,
duckdb_iceberg_rest,warm,L0,daily,encounter_zone,hour,1 hour,31,1,3.2,381713,115,0.03,1,5,0.3583513746852986,0.3581306164036505,0.001437189377547,0.3584670830168761,0.3561314579565078,88.0,100.0,3.36,88.0,88.0,100.0,pre-sync,
duckdb_iceberg_rest,warm,L0,daily,fleet_summary,hour,1 hour,31,1,3.2,381713,115,0.03,1,5,0.3300388333542893,0.3302665752125904,0.0012526557582198,0.3299491670331917,0.3289187090122141,41.3,100.0,3.36,41.3,41.3,100.0,pre-sync,
duckdb_iceberg_rest,warm,L0,daily,harbour_entry,hour,1 hour,31,1,3.2,381713,115,0.03,1,5,0.4578067223192192,0.4591306251822971,0.004593839204235,0.4567203749902546,0.455584249983076,56.0,100.0,3.36,56.0,56.0,100.0,pre-sync,
duckdb_iceberg_rest,warm,L0,daily,nearest_approach,hour,1 hour,31,1,3.2,381713,115,0.03,1,5,0.367618777983201,0.3672834001830779,0.0035821011807523,0.3686691669863648,0.3622658329550177,11.0,100.0,3.36,11.0,11.0,100.0,pre-sync,
duckdb_iceberg_rest,warm,L0,daily,position_interpolation,hour,1 hour,31,1,3.2,381713,115,0.03,1,5,0.3281957913422957,0.3281588664045557,0.0047539253460095,0.3270922910305671,0.3230348749784753,18.0,100.0,3.36,18.0,18.0,100.0,pre-sync,
duckdb_iceberg_rest,warm,L0,daily,speed_profile,hour,1 hour,31,1,3.2,381713,115,0.03,1,5,0.3327196809890059,0.3330162586062215,0.0029422479769256,0.3337792920065112,0.3297935420414433,1.5,100.0,3.36,1.5,1.5,100.0,pre-sync,
duckdb_iceberg_rest,warm,L0,daily,both_ports,day,1 day,31,4,12.9,381713,174,0.046,1,5,0.6844893746504871,0.68245428299997,0.0132655704760715,0.6878607909893617,0.662440708023496,4.0,100.0,13.18,4.0,4.0,100.0,pre-sync,
duckdb_iceberg_rest,warm,L0,daily,bounding_box,day,1 day,31,2,6.5,381713,541,0.142,1,5,0.7577014856506139,0.7584686079877428,0.0109331871793335,0.7574170830193907,0.7457035830011591,62.69,100.0,6.6,62.69,62.69,100.0,pre-sync,
duckdb_iceberg_rest,warm,L0,daily,clip_to_region,day,1 day,31,2,6.5,381713,541,0.142,1,5,0.5318521803516584,0.5318099664174951,0.0028315946349468,0.5319238330121152,0.5282601250219159,115.0,100.0,6.6,115.0,115.0,100.0,pre-sync,
duckdb_iceberg_rest,warm,L0,daily,collision,day,1 day,31,2,6.5,381713,541,0.142,1,5,1.469691444343577,1.4666460752021522,0.0115056329429687,1.4716022080392577,1.4474480839562602,163.0,100.0,6.6,163.0,163.0,100.0,pre-sync,
duckdb_iceberg_rest,warm,L0,daily,encounter_zone,day,1 day,31,2,6.5,381713,541,0.142,1,5,1.51020343103058,1.5086469002300873,0.0130552848398469,1.5126399590517394,1.489492500026245,194.0,100.0,6.6,194.0,194.0,100.0,pre-sync,
duckdb_iceberg_rest,warm,L0,daily,fleet_summary,day,1 day,31,2,6.5,381713,541,0.142,1,5,0.7417788473539986,0.7427487918059341,0.0038730243140503,0.7420979170128703,0.7391135839861818,2840.5,100.0,6.6,2840.5,2840.5,100.0,pre-sync,
duckdb_iceberg_rest,warm,L0,daily,harbour_entry,day,1 day,31,2,6.5,381713,1090,0.286,1,5,0.852705985676342,0.851160499791149,0.012427730023368,0.8589098749798723,0.8367566669476219,99.0,100.0,6.59,99.0,99.0,100.0,pre-sync,
duckdb_iceberg_rest,warm,L0,daily,nearest_approach,day,1 day,31,2,6.5,381713,541,0.142,1,5,1.6743303750020762,1.672608125000261,0.0088569946721825,1.6736340000061318,1.6581224579713307,0.0,100.0,6.6,0.0,0.0,,pre-sync,
duckdb_iceberg_rest,warm,L0,daily,position_interpolation,day,1 day,31,2,6.5,381713,541,0.142,1,5,0.5499277916581681,0.5501410831930116,0.0053125263866704,0.5493595830048434,0.5430372499977238,29.0,100.0,6.6,29.0,29.0,100.0,pre-sync,
duckdb_iceberg_rest,warm,L0,daily,speed_profile,day,1 day,31,2,6.5,381713,541,0.142,1,5,0.7564494166484413,0.7568490749923512,0.0032791853757188,0.756255499960389,0.7529058750369586,35.9,100.0,6.6,35.9,35.9,100.0,pre-sync,
duckdb_iceberg_rest,warm,L0,daily,both_ports,week,1 week,31,16,51.6,381713,1133,0.297,1,5,3.006232805297865,3.0044889247859827,0.0429635989968534,3.002350957947783,2.953236208006274,4.0,100.0,34.4,4.0,4.0,100.0,pre-sync,
duckdb_iceberg_rest,warm,L0,daily,bounding_box,week,1 week,31,8,25.8,381713,3479,0.911,1,5,3.760424542007968,3.8103704001987353,0.1295239997866962,3.745756375021301,3.7321796669857576,79.09,100.0,27.82,79.09,79.09,100.0,pre-sync,
duckdb_iceberg_rest,warm,L0,daily,clip_to_region,week,1 week,31,8,25.8,381713,3479,0.911,1,5,2.113929528005732,2.1235719334101306,0.0628732256453078,2.093682083999738,2.0665109580149874,622.0,100.0,27.82,622.0,622.0,100.0,pre-sync,
duckdb_iceberg_rest,warm,L0,daily,collision,week,1 week,31,8,25.8,381713,3479,0.911,1,5,8.973302694328595,9.009703641606029,0.2662276599476908,8.995282999996562,8.721378458023537,264.0,100.0,27.82,264.0,264.0,100.0,pre-sync,
duckdb_iceberg_rest,warm,L0,daily,encounter_zone,week,1 week,31,8,25.8,381713,3479,0.911,1,5,9.31835040265772,9.260106858192012,0.2346643712590448,9.40132420801092,8.904521832999308,343.0,100.0,27.82,343.0,343.0,100.0,pre-sync,
duckdb_iceberg_rest,warm,L0,daily,fleet_summary,week,1 week,31,8,25.8,381713,3479,0.911,1,5,3.639203014007459,3.659726966789458,0.0798139797605613,3.6403630420099944,3.5861268749576993,21860.0,100.0,27.82,21860.0,21860.0,100.0,pre-sync,
duckdb_iceberg_rest,warm,L0,daily,harbour_entry,week,1 week,31,8,25.8,381713,6827,1.789,1,5,3.745761568987897,3.746723457996268,0.0353718967278131,3.748971665976569,3.706997625005897,165.0,100.0,27.82,165.0,165.0,100.0,pre-sync,
duckdb_iceberg_rest,warm,L0,daily,nearest_approach,week,1 week,31,8,25.8,381713,3479,0.911,1,5,10.975659833018048,10.91266214980278,0.3019864612657538,10.975244583038148,10.44210895895958,0.0,100.0,27.82,0.0,0.0,,pre-sync,
duckdb_iceberg_rest,warm,L0,daily,position_interpolation,week,1 week,31,8,25.8,381713,3479,0.911,1,5,2.113646667004408,2.1137382752029223,0.0507018857216317,2.1028082499979064,2.0573074590065517,26.0,100.0,27.82,26.0,26.0,100.0,pre-sync,
duckdb_iceberg_rest,warm,L0,daily,speed_profile,week,1 week,31,8,25.8,381713,3479,0.911,1,5,3.7521843466868936,3.756484774814453,0.0784618719187278,3.7642024580272846,3.6697223340161145,39.7,100.0,27.82,39.7,39.7,100.0,pre-sync,
duckdb_iceberg_rest,warm,L2_daily,daily,both_ports,hour,1 hour,4154,4,0.1,6749935,9,0.0,1,5,0.2061147079997075,0.2096855332027189,0.0127679227079833,0.2044248330057598,0.1987428750144317,2.0,100.0,0.11,2.0,4.0,50.0,pre-sync,
duckdb_iceberg_rest,warm,L2_daily,daily,bounding_box,hour,1 hour,4154,5,0.1,6749935,213,0.003,1,5,0.0925527913301872,0.0925992747885175,0.001898690349862,0.0926806250354275,0.0905479159555397,0.03,100.0,0.27,0.03,4.76,0.6,pre-sync,
duckdb_iceberg_rest,warm,L2_daily,daily,clip_to_region,hour,1 hour,4154,5,0.1,6749935,213,0.003,1,5,0.0796581939988148,0.0798852081992663,0.0010544254678392,0.0798211250221356,0.0788302499568089,27.0,100.0,0.27,27.0,28.0,96.4,pre-sync,
duckdb_iceberg_rest,warm,L2_daily,daily,collision,hour,1 hour,4154,5,0.1,6749935,213,0.003,1,5,0.1057765973382629,0.1057916585938073,0.0005400828677459,0.1057719999807886,0.1050797089701518,60.0,100.0,0.27,60.0,69.0,87.0,pre-sync,
duckdb_iceberg_rest,warm,L2_daily,daily,encounter_zone,hour,1 hour,4154,5,0.1,6749935,213,0.003,1,5,0.1077575973467901,0.1073180584004148,0.0017626658021779,0.1074454160407185,0.1044224579818546,75.0,100.0,0.27,75.0,88.0,85.2,pre-sync,
duckdb_iceberg_rest,warm,L2_daily,daily,fleet_summary,hour,1 hour,4154,5,0.1,6749935,213,0.003,1,5,0.0889856669818982,0.0890095835900865,0.0007751435188881,0.088733083975967,0.0880528329871594,6.3,100.0,0.27,6.3,41.3,15.3,pre-sync,
duckdb_iceberg_rest,warm,L2_daily,daily,harbour_entry,hour,1 hour,4154,2,0.0,6749935,72,0.001,1,5,0.1613009996556987,0.1613196331891231,0.0022876143716987,0.1608432909706607,0.1582850419799797,56.0,100.0,0.23,56.0,56.0,100.0,pre-sync,
duckdb_iceberg_rest,warm,L2_daily,daily,nearest_approach,hour,1 hour,4154,5,0.1,6749935,213,0.003,1,5,0.1149683749730077,0.1149345249868929,0.0004920927316594,0.1147969999583438,0.1142847500159405,11.0,100.0,0.27,11.0,11.0,100.0,pre-sync,
duckdb_iceberg_rest,warm,L2_daily,daily,position_interpolation,hour,1 hour,4154,5,0.1,6749935,213,0.003,1,5,0.0884121529719171,0.0883158833836205,0.0010014859860247,0.0887312919949181,0.0871004580403678,17.0,100.0,0.27,17.0,18.0,94.4,pre-sync,
duckdb_iceberg_rest,warm,L2_daily,daily,speed_profile,hour,1 hour,4154,5,0.1,6749935,213,0.003,1,5,0.0895403330214321,0.089907008013688,0.0010780012406559,0.0894674580194987,0.0891210410045459,1.4,100.0,0.27,1.4,1.5,93.3,pre-sync,
duckdb_iceberg_rest,warm,L2_daily,daily,both_ports,day,1 day,4154,12,0.3,6749935,171,0.003,1,5,0.1879900836502201,0.1882854833849706,0.0023849067522452,0.1881819590344093,0.1854457499575801,4.0,100.0,0.21,4.0,4.0,100.0,pre-sync,
duckdb_iceberg_rest,warm,L2_daily,daily,bounding_box,day,1 day,4154,12,0.3,6749935,4195,0.062,1,5,0.2458638050205384,0.2457230748143047,0.0035771438442504,0.2467341659939848,0.2410913750063628,60.22,100.0,0.55,60.22,62.69,96.1,pre-sync,
duckdb_iceberg_rest,warm,L2_daily,daily,clip_to_region,day,1 day,4154,12,0.3,6749935,4195,0.062,1,5,0.1487919306770588,0.1489624002133496,0.0030560230252243,0.1500929170288145,0.145555916999001,113.0,100.0,0.55,113.0,115.0,98.3,pre-sync,
duckdb_iceberg_rest,warm,L2_daily,daily,collision,day,1 day,4154,12,0.3,6749935,4195,0.062,1,5,0.6780271110086081,0.6865603000042029,0.0368166460940299,0.6759313750080764,0.6557444589561783,163.0,100.0,0.55,163.0,163.0,100.0,pre-sync,
duckdb_iceberg_rest,warm,L2_daily,daily,encounter_zone,day,1 day,4154,12,0.3,6749935,4195,0.062,1,5,0.8342613056496097,0.8376859499956482,0.0336777647544332,0.8231988750048913,0.802062000031583,193.0,100.0,0.55,193.0,194.0,99.5,pre-sync,
duckdb_iceberg_rest,warm,L2_daily,daily,fleet_summary,day,1 day,4154,12,0.3,6749935,4195,0.062,1,5,0.2664959863371526,0.2660976500017568,0.0147643212010236,0.2669487920356914,0.2477133329957723,2756.6,100.0,0.55,2756.6,2840.5,97.0,pre-sync,
duckdb_iceberg_rest,warm,L2_daily,daily,harbour_entry,day,1 day,4154,4,0.1,6749935,2407,0.036,1,5,0.2991763749935974,0.3029640581924468,0.0097449538402997,0.2987944170017726,0.2970025410177186,95.0,100.0,0.46,95.0,99.0,96.0,pre-sync,
duckdb_iceberg_rest,warm,L2_daily,daily,nearest_approach,day,1 day,4154,12,0.3,6749935,4195,0.062,1,5,0.9706928193336352,0.9709347415948286,0.0464852231426399,0.9712501660105772,0.9057200829847716,0.0,100.0,0.55,0.0,0.0,,pre-sync,
duckdb_iceberg_rest,warm,L2_daily,daily,position_interpolation,day,1 day,4154,12,0.3,6749935,4195,0.062,1,5,0.1741250553168356,0.1744794497848488,0.0071937467933742,0.1725620829965919,0.1668698749854229,29.0,100.0,0.55,29.0,29.0,100.0,pre-sync,
duckdb_iceberg_rest,warm,L2_daily,daily,speed_profile,day,1 day,4154,12,0.3,6749935,4195,0.062,1,5,0.2437165139902693,0.2438574415980838,0.0031576265764957,0.2451136250165291,0.2404206659994088,34.7,100.0,0.55,34.7,35.9,96.7,pre-sync,
duckdb_iceberg_rest,warm,L2_daily,daily,both_ports,week,1 week,4154,52,1.3,6749935,1130,0.017,1,5,0.2030027083625706,0.2031754166237078,0.003159733793674,0.2024604160105809,0.1993401250219904,4.0,100.0,0.99,4.0,4.0,100.0,pre-sync,
duckdb_iceberg_rest,warm,L2_daily,daily,bounding_box,week,1 week,4154,51,1.2,6749935,30805,0.456,1,5,1.374555319334225,1.3752830666024238,0.0557282238713571,1.3977519170148298,1.3102671669912525,79.1,100.0,2.44,79.1,79.09,100.0,pre-sync,
duckdb_iceberg_rest,warm,L2_daily,daily,clip_to_region,week,1 week,4154,51,1.2,6749935,30805,0.456,1,5,0.6540116806669781,0.6543124918011017,0.0042474774215376,0.6557985420222394,0.6496904999949038,620.0,100.0,2.44,620.0,622.0,99.7,pre-sync,
duckdb_iceberg_rest,warm,L2_daily,daily,collision,week,1 week,4154,51,1.2,6749935,30805,0.456,1,5,4.669408569345251,4.707074658211786,0.5321171154918244,4.519931874994654,4.224792791996151,263.0,100.0,2.44,263.0,264.0,99.6,pre-sync,
duckdb_iceberg_rest,warm,L2_daily,daily,encounter_zone,week,1 week,4154,51,1.2,6749935,30805,0.456,1,5,4.929115263997422,4.902567741589155,0.4383261378285381,5.169818875030614,4.409024124965072,342.0,100.0,2.44,342.0,343.0,99.7,pre-sync,
duckdb_iceberg_rest,warm,L2_daily,daily,fleet_summary,week,1 week,4154,51,1.2,6749935,30805,0.456,1,5,1.2570292083352494,1.2592179749975911,0.043139069794167,1.2552890829974783,1.2145041250041686,21721.0,100.0,2.44,21721.0,21860.0,99.4,pre-sync,
duckdb_iceberg_rest,warm,L2_daily,daily,harbour_entry,week,1 week,4154,20,0.5,6749935,16263,0.241,1,5,1.0080073753294223,1.0093382751918398,0.0420888851707297,1.0006170840351842,0.9633506659884006,165.0,100.0,1.88,165.0,165.0,100.0,pre-sync,
duckdb_iceberg_rest,warm,L2_daily,daily,nearest_approach,week,1 week,4154,51,1.2,6749935,30805,0.456,1,5,6.713194805663079,6.596652433392592,0.3549413689549165,6.731752125022467,5.980614250001963,0.0,100.0,2.44,0.0,0.0,,pre-sync,
duckdb_iceberg_rest,warm,L2_daily,daily,position_interpolation,week,1 week,4154,51,1.2,6749935,30805,0.456,1,5,0.7088664583279751,0.7087393415975385,0.0282631547762974,0.7132596670417115,0.6723402499919757,26.0,100.0,2.44,26.0,26.0,100.0,pre-sync,
duckdb_iceberg_rest,warm,L2_daily,daily,speed_profile,week,1 week,4154,51,1.2,6749935,30805,0.456,1,5,1.368589513663513,1.3768096665968188,0.0513690387151501,1.369408749975264,1.327134000021033,39.6,100.0,2.44,39.6,39.7,99.7,pre-sync,
duckdb_iceberg_rest,warm,L3_daily,daily,both_ports,hour,1 hour,4133,4,0.1,8232719,15,0.0,1,5,0.2055590830277651,0.2040069332229905,0.0072059396453131,0.2045078750234097,0.1923114590463228,1.0,100.0,0.11,1.0,4.0,25.0,pre-sync,
duckdb_iceberg_rest,warm,L3_daily,daily,bounding_box,hour,1 hour,4133,5,0.1,8232719,316,0.004,1,5,0.1113962780024546,0.1111256085918284,0.0025779906978011,0.1115130420075729,0.1077235839911736,0.01,100.0,0.27,0.01,4.76,0.2,pre-sync,
duckdb_iceberg_rest,warm,L3_daily,daily,clip_to_region,hour,1 hour,4133,5,0.1,8232719,316,0.004,1,5,0.0821742083644494,0.0825107584125362,0.0023579162624819,0.082414417003747,0.0797992919688113,27.0,100.0,0.27,27.0,28.0,96.4,pre-sync,
duckdb_iceberg_rest,warm,L3_daily,daily,collision,hour,1 hour,4133,5,0.1,8232719,316,0.004,1,5,0.1056347223347984,0.1075912085943855,0.0055535010996511,0.1053739589988254,0.1036617089994251,59.0,100.0,0.27,59.0,69.0,85.5,pre-sync,
duckdb_iceberg_rest,warm,L3_daily,daily,encounter_zone,hour,1 hour,4133,5,0.1,8232719,316,0.004,1,5,0.1078795556483479,0.1083511165808886,0.0028285988254496,0.1078256249893456,0.1051807499607093,74.0,100.0,0.27,74.0,88.0,84.1,pre-sync,
duckdb_iceberg_rest,warm,L3_daily,daily,fleet_summary,hour,1 hour,4133,5,0.1,8232719,316,0.004,1,5,0.084781236325701,0.084510541812051,0.0011927414076748,0.0845051250071264,0.0826175000402145,4.4,100.0,0.27,4.4,41.3,10.7,pre-sync,
duckdb_iceberg_rest,warm,L3_daily,daily,harbour_entry,hour,1 hour,4133,2,0.0,8232719,55,0.001,1,5,0.1515705553465522,0.1517065832042135,0.0007005059710614,0.1515113750356249,0.1510864999727346,54.0,100.0,0.23,54.0,56.0,96.4,pre-sync,
duckdb_iceberg_rest,warm,L3_daily,daily,nearest_approach,hour,1 hour,4133,5,0.1,8232719,316,0.004,1,5,0.1084041663367922,0.1084243248100392,0.0011543056511673,0.1086102499975822,0.106941458012443,12.0,100.0,0.27,12.0,11.0,109.1,pre-sync,
duckdb_iceberg_rest,warm,L3_daily,daily,position_interpolation,hour,1 hour,4133,5,0.1,8232719,316,0.004,1,5,0.0840393333346583,0.084030366607476,0.0002818622603437,0.0840633750194683,0.0836777910008095,17.0,100.0,0.27,17.0,18.0,94.4,pre-sync,
duckdb_iceberg_rest,warm,L3_daily,daily,speed_profile,hour,1 hour,4133,5,0.1,8232719,316,0.004,1,5,0.0845292359978581,0.083892541588284,0.0020499696852813,0.0845007079769857,0.0803382499725557,1.4,100.0,0.27,1.4,1.5,93.3,pre-sync,
duckdb_iceberg_rest,warm,L3_daily,daily,both_ports,day,1 day,4133,12,0.3,8232719,320,0.004,1,5,0.1777481810034563,0.1790856420062482,0.0044803514563534,0.1781031669816002,0.1754513750202022,4.0,100.0,0.22,4.0,4.0,100.0,pre-sync,
duckdb_iceberg_rest,warm,L3_daily,daily,bounding_box,day,1 day,4133,12,0.3,8232719,4848,0.059,1,5,0.2261012219823897,0.226288949791342,0.0022219337776399,0.2257590409717522,0.2241940409876406,60.76,100.0,0.55,60.76,62.69,96.9,pre-sync,
duckdb_iceberg_rest,warm,L3_daily,daily,clip_to_region,day,1 day,4133,12,0.3,8232719,4848,0.059,1,5,0.1406494446564465,0.1406310501974076,0.000989299633772,0.140663250000216,0.1394307499867864,112.0,100.0,0.55,112.0,115.0,97.4,pre-sync,
duckdb_iceberg_rest,warm,L3_daily,daily,collision,day,1 day,4133,12,0.3,8232719,4848,0.059,1,5,0.7143400416825898,0.7071764334104955,0.0553696140364247,0.7304503750056028,0.6352607500157319,162.0,100.0,0.55,162.0,163.0,99.4,pre-sync,
duckdb_iceberg_rest,warm,L3_daily,daily,encounter_zone,day,1 day,4133,12,0.3,8232719,4848,0.059,1,5,0.8300762219975392,0.8292876248015091,0.0277086472172494,0.8307741659809835,0.7913796250359155,193.0,100.0,0.55,193.0,194.0,99.5,pre-sync,
duckdb_iceberg_rest,warm,L3_daily,daily,fleet_summary,day,1 day,4133,12,0.3,8232719,4848,0.059,1,5,0.224486180988606,0.2256587169948034,0.0083322181374988,0.2223109999904409,0.2168572089867666,2632.3,100.0,0.55,2632.3,2840.5,92.7,pre-sync,
duckdb_iceberg_rest,warm,L3_daily,daily,harbour_entry,day,1 day,4133,4,0.1,8232719,4669,0.057,1,5,0.2692546246689744,0.26967949999962,0.0045991314014367,0.2698580829892307,0.2648981669917702,95.0,100.0,0.46,95.0,99.0,96.0,pre-sync,
duckdb_iceberg_rest,warm,L3_daily,daily,nearest_approach,day,1 day,4133,12,0.3,8232719,4848,0.059,1,5,1.0040135000017472,0.9933443082030864,0.0740767001043403,0.9803868330200204,0.8851610830170102,0.0,100.0,0.55,0.0,0.0,,pre-sync,
duckdb_iceberg_rest,warm,L3_daily,daily,position_interpolation,day,1 day,4133,12,0.3,8232719,4848,0.059,1,5,0.1699340280028991,0.1692795502138324,0.0076167111988666,0.1712222080095671,0.1584757500095293,28.0,100.0,0.55,28.0,29.0,96.6,pre-sync,
duckdb_iceberg_rest,warm,L3_daily,daily,speed_profile,day,1 day,4133,12,0.3,8232719,4848,0.059,1,5,0.2305529583245515,0.231184683192987,0.0027465805133977,0.2306126250186935,0.2287851659930311,35.3,100.0,0.55,35.3,35.9,98.3,pre-sync,
duckdb_iceberg_rest,warm,L3_daily,daily,both_ports,week,1 week,4133,52,1.3,8232719,2084,0.025,1,5,0.1960104859705704,0.1962470415746793,0.0024259845131735,0.1967655419721268,0.1935767499962821,4.0,100.0,0.99,4.0,4.0,100.0,pre-sync,
duckdb_iceberg_rest,warm,L3_daily,daily,bounding_box,week,1 week,4133,51,1.2,8232719,37934,0.461,1,5,1.3711617086664774,1.368031958595384,0.0834363205659755,1.3613469999982044,1.2475887089967728,79.03,100.0,2.44,79.03,79.09,99.9,pre-sync,
duckdb_iceberg_rest,warm,L3_daily,daily,clip_to_region,week,1 week,4133,51,1.2,8232719,37934,0.461,1,5,0.703158236341551,0.7022603083983995,0.0413340498664333,0.7139786250190809,0.6582894159946591,620.0,100.0,2.44,620.0,622.0,99.7,pre-sync,
duckdb_iceberg_rest,warm,L3_daily,daily,collision,week,1 week,4133,51,1.2,8232719,37934,0.461,1,5,4.774378125342385,4.803824667015578,0.4042189524531008,4.627497666981071,4.440033417020459,263.0,100.0,2.44,263.0,264.0,99.6,pre-sync,
duckdb_iceberg_rest,warm,L3_daily,daily,encounter_zone,week,1 week,4133,51,1.2,8232719,37934,0.461,1,5,4.961233555339277,4.979895541409496,0.3657129557160261,4.7887442909996025,4.589871249976568,342.0,100.0,2.44,342.0,343.0,99.7,pre-sync,
duckdb_iceberg_rest,warm,L3_daily,daily,fleet_summary,week,1 week,4133,51,1.2,8232719,37934,0.461,1,5,1.1501056109943115,1.1630245581967755,0.0305788315992574,1.150511124986224,1.147215957986191,20754.2,100.0,2.44,20754.2,21860.0,94.9,pre-sync,
duckdb_iceberg_rest,warm,L3_daily,daily,harbour_entry,week,1 week,4133,20,0.5,8232719,30157,0.366,1,5,1.0383907780245256,1.0312288502114826,0.047144822416427,1.0315407090238295,0.9641553750261664,165.0,100.0,1.88,165.0,165.0,100.0,pre-sync,
duckdb_iceberg_rest,warm,L3_daily,daily,nearest_approach,week,1 week,4133,51,1.2,8232719,37934,0.461,1,5,7.533584652973029,7.471053833386395,0.3194233347614838,7.489495166984852,6.986404625000432,0.0,100.0,2.44,0.0,0.0,,pre-sync,
duckdb_iceberg_rest,warm,L3_daily,daily,position_interpolation,week,1 week,4133,51,1.2,8232719,37934,0.461,1,5,0.6406372776643062,0.6387242499971763,0.0095656036271778,0.6391969170072116,0.6240127920173109,25.0,100.0,2.44,25.0,26.0,96.2,pre-sync,
duckdb_iceberg_rest,warm,L3_daily,daily,speed_profile,week,1 week,4133,51,1.2,8232719,37934,0.461,1,5,1.2592698746399644,1.2600386497797444,0.0075490062896004,1.2603267499944195,1.251102791982703,39.0,100.0,2.44,39.0,39.7,98.2,pre-sync,
duckdb_iceberg_rest,warm,L2s,compact,both_ports,hour,1 hour,302,19,6.3,6749935,9,0.0,1,5,0.0435111526555071,0.0430959668010473,0.0027936053989076,0.0426866660127416,0.0391258340096101,2.0,100.0,0.55,2.0,4.0,50.0,pre-sync,
duckdb_iceberg_rest,warm,L2s,compact,bounding_box,hour,1 hour,302,12,4.0,6749935,213,0.003,1,5,0.0666872773241872,0.0665890580043196,0.0007522041774024,0.0665674159536138,0.0654797500465065,0.03,100.0,0.39,0.03,4.76,0.6,pre-sync,
duckdb_iceberg_rest,warm,L2s,compact,clip_to_region,hour,1 hour,302,12,4.0,6749935,213,0.003,1,5,0.0472212776464099,0.0469622081844136,0.0017955844443351,0.0475218329811468,0.0442785409977659,27.0,100.0,0.39,27.0,28.0,96.4,pre-sync,
duckdb_iceberg_rest,warm,L2s,compact,collision,hour,1 hour,302,12,4.0,6749935,213,0.003,1,5,0.0791840696668562,0.0794937833910807,0.0019644550547436,0.0790897500119172,0.0776079999632202,60.0,100.0,0.39,60.0,69.0,87.0,pre-sync,
duckdb_iceberg_rest,warm,L2s,compact,encounter_zone,hour,1 hour,302,12,4.0,6749935,213,0.003,1,5,0.0775746113504283,0.0777348750154487,0.0011603402873118,0.0773382090264931,0.0765298749902285,75.0,100.0,0.39,75.0,88.0,85.2,pre-sync,
duckdb_iceberg_rest,warm,L2s,compact,fleet_summary,hour,1 hour,302,12,4.0,6749935,213,0.003,1,5,0.0540900697039129,0.053845916816499,0.0015039927328506,0.0538455000496469,0.0515662499819882,6.3,100.0,0.39,6.3,41.3,15.3,pre-sync,
duckdb_iceberg_rest,warm,L2s,compact,harbour_entry,hour,1 hour,302,11,3.6,6749935,72,0.001,1,5,0.0938788470036039,0.0932675582007505,0.0014888270299345,0.0938730409834533,0.0906116249971091,56.0,100.0,1.27,56.0,56.0,100.0,pre-sync,
duckdb_iceberg_rest,warm,L2s,compact,nearest_approach,hour,1 hour,302,12,4.0,6749935,213,0.003,1,5,0.0906703749787993,0.0912387333810329,0.0031065944010706,0.0902159999823197,0.0882832079660147,11.0,100.0,0.39,11.0,11.0,100.0,pre-sync,
duckdb_iceberg_rest,warm,L2s,compact,position_interpolation,hour,1 hour,302,12,4.0,6749935,213,0.003,1,5,0.0547282220019648,0.0547994413878768,0.0007484780945638,0.0546289579942822,0.0539167079841718,17.0,100.0,0.39,17.0,18.0,94.4,pre-sync,
duckdb_iceberg_rest,warm,L2s,compact,speed_profile,hour,1 hour,302,12,4.0,6749935,213,0.003,1,5,0.0538975413073785,0.0553479747846722,0.0034402043982997,0.0538929159520193,0.053562959015835,1.4,100.0,0.39,1.4,1.5,93.3,pre-sync,
duckdb_iceberg_rest,warm,L2s,compact,both_ports,day,1 day,302,21,7.0,6749935,171,0.003,1,5,0.034652680682484,0.034730583417695,0.0006224611605607,0.0344547919812612,0.0340758750098757,4.0,100.0,0.54,4.0,4.0,100.0,pre-sync,
duckdb_iceberg_rest,warm,L2s,compact,bounding_box,day,1 day,302,13,4.3,6749935,4195,0.062,1,5,0.2125722916680388,0.2149311499902978,0.0092864305634098,0.2119533329969272,0.2064041669946164,60.22,100.0,0.5,60.22,62.69,96.1,pre-sync,
duckdb_iceberg_rest,warm,L2s,compact,clip_to_region,day,1 day,302,13,4.3,6749935,4195,0.062,1,5,0.1178328326398817,0.117500574584119,0.0046601823275073,0.1168544159736484,0.1117235000128857,113.0,100.0,0.5,113.0,115.0,98.3,pre-sync,
duckdb_iceberg_rest,warm,L2s,compact,collision,day,1 day,302,13,4.3,6749935,4195,0.062,1,5,0.7186763473631194,0.7274232420139015,0.0288671956771191,0.7149292920366861,0.7053104589576833,163.0,100.0,0.5,163.0,163.0,100.0,pre-sync,
duckdb_iceberg_rest,warm,L2s,compact,encounter_zone,day,1 day,302,13,4.3,6749935,4195,0.062,1,5,0.7561179999805366,0.7573527833912521,0.0240371408847637,0.7556048749829642,0.7264906250056811,193.0,100.0,0.5,193.0,194.0,99.5,pre-sync,
duckdb_iceberg_rest,warm,L2s,compact,fleet_summary,day,1 day,302,13,4.3,6749935,4195,0.062,1,5,0.2042999306577257,0.2055341833969578,0.0092040490877105,0.2045040000230074,0.1959258749848231,2756.6,100.0,0.5,2756.6,2840.5,97.0,pre-sync,
duckdb_iceberg_rest,warm,L2s,compact,harbour_entry,day,1 day,302,11,3.6,6749935,2407,0.036,1,5,0.2007190693402663,0.2001152916112914,0.002575647052706,0.2007781249703839,0.1957734579918906,95.0,100.0,1.36,95.0,99.0,96.0,pre-sync,
duckdb_iceberg_rest,warm,L2s,compact,nearest_approach,day,1 day,302,13,4.3,6749935,4195,0.062,1,5,0.9962617636774668,0.9850814247969538,0.0660285479891602,1.0000348329776898,0.8881213329732418,0.0,100.0,0.5,0.0,0.0,,pre-sync,
duckdb_iceberg_rest,warm,L2s,compact,position_interpolation,day,1 day,302,13,4.3,6749935,4195,0.062,1,5,0.1385342503393379,0.1400419918005354,0.0071758481026843,0.1372053339728154,0.1333202500245534,29.0,100.0,0.5,29.0,29.0,100.0,pre-sync,
duckdb_iceberg_rest,warm,L2s,compact,speed_profile,day,1 day,302,13,4.3,6749935,4195,0.062,1,5,0.2155144166511794,0.2153542417916469,0.0023390597336944,0.2164246659958735,0.2124600840033963,34.7,100.0,0.5,34.7,35.9,96.7,pre-sync,
duckdb_iceberg_rest,warm,L2s,compact,both_ports,week,1 week,302,30,9.9,6749935,1130,0.017,1,5,0.0453629303374327,0.045013716595713,0.0023269155506221,0.0456803750130347,0.0417154589667916,4.0,100.0,0.77,4.0,4.0,100.0,pre-sync,
duckdb_iceberg_rest,warm,L2s,compact,bounding_box,week,1 week,302,18,6.0,6749935,30805,0.456,1,5,1.3103810556737396,1.3639618000015616,0.1705239125687746,1.304818292031996,1.2347097079618834,79.1,100.0,1.04,79.1,79.09,100.0,pre-sync,
duckdb_iceberg_rest,warm,L2s,compact,clip_to_region,week,1 week,302,18,6.0,6749935,30805,0.456,1,5,0.6069237500002297,0.6240385166020133,0.0455763445147703,0.5972337080165744,0.5970698749879375,620.0,100.0,1.04,620.0,622.0,99.7,pre-sync,
duckdb_iceberg_rest,warm,L2s,compact,collision,week,1 week,302,18,6.0,6749935,30805,0.456,1,5,5.089952611325619,5.073698975192383,0.2465918100675324,5.088841624965426,4.75713949999772,263.0,100.0,1.04,263.0,264.0,99.6,pre-sync,
duckdb_iceberg_rest,warm,L2s,compact,encounter_zone,week,1 week,302,18,6.0,6749935,30805,0.456,1,5,5.127591527998447,5.22971228340175,0.3119796590337169,5.157886834000237,4.9949049999704584,342.0,100.0,1.04,342.0,343.0,99.7,pre-sync,
duckdb_iceberg_rest,warm,L2s,compact,fleet_summary,week,1 week,302,18,6.0,6749935,30805,0.456,1,5,1.1584545556494656,1.190819533588365,0.0787443912128478,1.1609891669941137,1.1475627920008264,21721.0,100.0,1.04,21721.0,21860.0,99.4,pre-sync,
duckdb_iceberg_rest,warm,L2s,compact,harbour_entry,week,1 week,302,11,3.6,6749935,16263,0.241,1,5,0.8673619723025089,0.8650028833770194,0.012794521643981,0.8688328749849461,0.8445705000194721,165.0,100.0,1.68,165.0,165.0,100.0,pre-sync,
duckdb_iceberg_rest,warm,L2s,compact,nearest_approach,week,1 week,302,18,6.0,6749935,30805,0.456,1,5,7.530163430337173,7.513563833199441,0.2576202900610287,7.617817500024103,7.224320125009399,0.0,100.0,1.04,0.0,0.0,,pre-sync,
duckdb_iceberg_rest,warm,L2s,compact,position_interpolation,week,1 week,302,18,6.0,6749935,30805,0.456,1,5,0.6108555700047873,0.6272210086113773,0.039441566638388,0.6078607920208015,0.6061628329916857,26.0,100.0,1.04,26.0,26.0,100.0,pre-sync,
duckdb_iceberg_rest,warm,L2s,compact,speed_profile,week,1 week,302,18,6.0,6749935,30805,0.456,1,5,1.2701294166812052,1.2681818916113117,0.0130341124086309,1.268104000017047,1.2487292080186307,39.6,100.0,1.04,39.6,39.7,99.7,pre-sync,
duckdb_iceberg_rest,warm,L3s,compact,both_ports,hour,1 hour,299,19,6.4,8232719,15,0.0,1,5,0.0287297219814111,0.0285677248029969,0.0011148289600169,0.0287308329716324,0.0269145000493153,1.0,100.0,0.39,1.0,4.0,25.0,pre-sync,
duckdb_iceberg_rest,warm,L3s,compact,bounding_box,hour,1 hour,299,12,4.0,8232719,316,0.004,1,5,0.0483816946701457,0.0485285334056243,0.0011792267006349,0.0479987089638598,0.0474909580079838,0.01,100.0,0.29,0.01,4.76,0.2,pre-sync,
duckdb_iceberg_rest,warm,L3s,compact,clip_to_region,hour,1 hour,299,12,4.0,8232719,316,0.004,1,5,0.0375762499752454,0.0376146415830589,0.0009367660906342,0.0380200420040637,0.0366086249705404,27.0,100.0,0.29,27.0,28.0,96.4,pre-sync,
duckdb_iceberg_rest,warm,L3s,compact,collision,hour,1 hour,299,12,4.0,8232719,316,0.004,1,5,0.0655838609867108,0.0659360165940597,0.0013201710956474,0.0654184999875724,0.0647787500056438,59.0,100.0,0.29,59.0,69.0,85.5,pre-sync,
duckdb_iceberg_rest,warm,L3s,compact,encounter_zone,hour,1 hour,299,12,4.0,8232719,316,0.004,1,5,0.0687671250004011,0.0682014164049178,0.0017278768371164,0.0685749580152332,0.0652335410122759,74.0,100.0,0.29,74.0,88.0,84.1,pre-sync,
duckdb_iceberg_rest,warm,L3s,compact,fleet_summary,hour,1 hour,299,12,4.0,8232719,316,0.004,1,5,0.0481984029950884,0.0482433749944902,0.0003625250610348,0.0483014170313254,0.0478413329692557,4.4,100.0,0.29,4.4,41.3,10.7,pre-sync,
duckdb_iceberg_rest,warm,L3s,compact,harbour_entry,hour,1 hour,299,11,3.7,8232719,55,0.001,1,5,0.0826208330108784,0.0825329330051317,0.0024790521062816,0.0825310829677619,0.0790011250064708,54.0,100.0,1.12,54.0,56.0,96.4,pre-sync,
duckdb_iceberg_rest,warm,L3s,compact,nearest_approach,hour,1 hour,299,12,4.0,8232719,316,0.004,1,5,0.0802045836656664,0.0799707669997587,0.0024625706967484,0.0807681669830344,0.0764841249911114,12.0,100.0,0.29,12.0,11.0,109.1,pre-sync,
duckdb_iceberg_rest,warm,L3s,compact,position_interpolation,hour,1 hour,299,12,4.0,8232719,316,0.004,1,5,0.0474533889985953,0.0477142586023546,0.0007668946398449,0.0475296250078827,0.0471563339815475,17.0,100.0,0.29,17.0,18.0,94.4,pre-sync,
duckdb_iceberg_rest,warm,L3s,compact,speed_profile,hour,1 hour,299,12,4.0,8232719,316,0.004,1,5,0.0478047776656846,0.0474583000061102,0.0021006973868014,0.0479034580057486,0.0440517500392161,1.4,100.0,0.29,1.4,1.5,93.3,pre-sync,
duckdb_iceberg_rest,warm,L3s,compact,both_ports,day,1 day,299,21,7.0,8232719,320,0.004,1,5,0.0303051253625502,0.0303919502184726,0.0008026100643712,0.0300580830080434,0.0295027079991996,4.0,100.0,0.43,4.0,4.0,100.0,pre-sync,
duckdb_iceberg_rest,warm,L3s,compact,bounding_box,day,1 day,299,13,4.3,8232719,4848,0.059,1,5,0.1935953193266565,0.1952093081898055,0.00749740009642,0.1926024580025114,0.1879299579886719,60.76,100.0,0.36,60.76,62.69,96.9,pre-sync,
duckdb_iceberg_rest,warm,L3s,compact,clip_to_region,day,1 day,299,13,4.3,8232719,4848,0.059,1,5,0.1004217223380692,0.1008202668046578,0.0011622506529243,0.1003112920443527,0.0999798330012708,112.0,100.0,0.36,112.0,115.0,97.4,pre-sync,
duckdb_iceberg_rest,warm,L3s,compact,collision,day,1 day,299,13,4.3,8232719,4848,0.059,1,5,0.6254459310051365,0.6276519002043642,0.044141571220081,0.6214978340431117,0.5829952079802752,162.0,100.0,0.36,162.0,163.0,99.4,pre-sync,
duckdb_iceberg_rest,warm,L3s,compact,encounter_zone,day,1 day,299,13,4.3,8232719,4848,0.059,1,5,0.7940792920029102,0.7887485167942941,0.0383535817619796,0.8152485000318848,0.7432499579736032,193.0,100.0,0.36,193.0,194.0,99.5,pre-sync,
duckdb_iceberg_rest,warm,L3s,compact,fleet_summary,day,1 day,299,13,4.3,8232719,4848,0.059,1,5,0.1926223330083303,0.1939232832170091,0.0133603229641913,0.1931158329825848,0.1795466670300811,2632.3,100.0,0.36,2632.3,2840.5,92.7,pre-sync,
duckdb_iceberg_rest,warm,L3s,compact,harbour_entry,day,1 day,299,11,3.7,8232719,4669,0.057,1,5,0.1863229170169991,0.1862510086153634,0.0008971280975758,0.1866332920035347,0.1851391670061275,95.0,100.0,1.22,95.0,99.0,96.0,pre-sync,
duckdb_iceberg_rest,warm,L3s,compact,nearest_approach,day,1 day,299,13,4.3,8232719,4848,0.059,1,5,0.9431760833443452,0.9349622584064492,0.0838634793584534,0.9363017079886048,0.8062326670042239,0.0,100.0,0.36,0.0,0.0,,pre-sync,
duckdb_iceberg_rest,warm,L3s,compact,position_interpolation,day,1 day,299,13,4.3,8232719,4848,0.059,1,5,0.1284682920086197,0.1291800250066444,0.0068195331050695,0.127134250011295,0.1220683329738676,28.0,100.0,0.36,28.0,29.0,96.6,pre-sync,
duckdb_iceberg_rest,warm,L3s,compact,speed_profile,day,1 day,299,13,4.3,8232719,4848,0.059,1,5,0.2424275140122821,0.2431457749917172,0.0124513075477266,0.2439007500070147,0.2291769579751417,35.3,100.0,0.36,35.3,35.9,98.3,pre-sync,
duckdb_iceberg_rest,warm,L3s,compact,both_ports,week,1 week,299,30,10.0,8232719,2084,0.025,1,5,0.0465382216692281,0.0462444998091086,0.0026956160428919,0.0476867080433294,0.0431373339961282,4.0,100.0,0.75,4.0,4.0,100.0,pre-sync,
duckdb_iceberg_rest,warm,L3s,compact,bounding_box,week,1 week,299,18,6.0,8232719,37934,0.461,1,5,1.362755430668282,1.3709996168036014,0.173572927032556,1.2976465419633314,1.1771235840278678,79.03,100.0,0.96,79.03,79.09,99.9,pre-sync,
duckdb_iceberg_rest,warm,L3s,compact,clip_to_region,week,1 week,299,18,6.0,8232719,37934,0.461,1,5,0.5732950276966827,0.5877243666211143,0.0396588688840772,0.5667970410431735,0.5623393330024555,620.0,100.0,0.96,620.0,622.0,99.7,pre-sync,
duckdb_iceberg_rest,warm,L3s,compact,collision,week,1 week,299,18,6.0,8232719,37934,0.461,1,5,5.149548430325619,5.167445374594536,0.3101144392120539,5.052676292019896,4.8409555410034955,263.0,100.0,0.96,263.0,264.0,99.6,pre-sync,
duckdb_iceberg_rest,warm,L3s,compact,encounter_zone,week,1 week,299,18,6.0,8232719,37934,0.461,1,5,5.4634173193092765,5.493068116391077,0.4000344288029391,5.278931499982718,5.078643958026078,342.0,100.0,0.96,342.0,343.0,99.7,pre-sync,
duckdb_iceberg_rest,warm,L3s,compact,fleet_summary,week,1 week,299,18,6.0,8232719,37934,0.461,1,5,1.093845652998425,1.1146662167971957,0.0506041204335341,1.0937397090019658,1.086857540998608,20754.2,100.0,0.96,20754.2,21860.0,94.9,pre-sync,
duckdb_iceberg_rest,warm,L3s,compact,harbour_entry,week,1 week,299,11,3.7,8232719,30157,0.366,1,5,0.8670615416485816,0.8668421833892352,0.0050099026104952,0.8657383339595981,0.8603499580058269,165.0,100.0,1.55,165.0,165.0,100.0,pre-sync,
duckdb_iceberg_rest,warm,L3s,compact,nearest_approach,week,1 week,299,18,6.0,8232719,37934,0.461,1,5,8.185351194328783,7.922924658202101,0.6357626438952031,8.185362958000042,6.789756458019838,0.0,100.0,0.96,0.0,0.0,,pre-sync,
duckdb_iceberg_rest,warm,L3s,compact,position_interpolation,week,1 week,299,18,6.0,8232719,37934,0.461,1,5,0.58281526400242,0.5992074833950027,0.0423696194227598,0.5813029580167495,0.5738067079801112,25.0,100.0,0.96,25.0,26.0,96.2,pre-sync,
duckdb_iceberg_rest,warm,L3s,compact,speed_profile,week,1 week,299,18,6.0,8232719,37934,0.461,1,5,1.216787694041462,1.2199460664298385,0.0206004842186677,1.21274320804514,1.1979702499811538,39.0,100.0,0.96,39.0,39.7,98.2,pre-sync,
duckdb_iceberg_rest,warm,L0,daily,both_ports,hour,1 hour,31,1,3.2,381703,7,0.002,1,5,0.3481047080325273,0.3478022332070395,0.0085217702444284,0.3480718330247327,0.3355430829687975,1.0,3554552973.0,238587186.0,1.0,1.0,100.0,synced,6.712
duckdb_iceberg_rest,warm,L0,daily,bounding_box,hour,1 hour,31,1,3.2,381703,115,0.03,1,5,0.3406948889993752,0.3403627916122786,0.0026087175638888,0.3403542499872856,0.3368299160501919,15.9,3554552973.0,119310921.0,15.9,15.9,100.0,synced,3.357
duckdb_iceberg_rest,warm,L0,daily,clip_to_region,hour,1 hour,31,1,3.2,381703,115,0.03,1,5,0.3181485833289723,0.3184013749938458,0.0037033937375534,0.3184297499828972,0.314261500025168,29.0,3554552973.0,119310921.0,29.0,29.0,100.0,synced,3.357
duckdb_iceberg_rest,warm,L0,daily,collision,hour,1 hour,31,1,3.2,381703,115,0.03,1,5,0.3848839443332205,0.3852663250057958,0.0048176153811369,0.3828834160231054,0.3802554589929059,119.0,3554552973.0,119310921.0,119.0,119.0,100.0,synced,3.357
duckdb_iceberg_rest,warm,L0,daily,encounter_zone,hour,1 hour,31,1,3.2,381703,115,0.03,1,5,0.4032833193195984,0.411428508197423,0.0297534216194721,0.4043605829938315,0.3852067500120029,138.0,3554552973.0,119310921.0,138.0,138.0,100.0,synced,3.357
duckdb_iceberg_rest,warm,L0,daily,fleet_summary,hour,1 hour,31,1,3.2,381703,115,0.03,1,5,0.3401879723145005,0.3401835335884243,0.0064174159564726,0.3399610419874079,0.3319800840108655,123.2,3554552973.0,119310921.0,123.2,123.2,100.0,synced,3.357
duckdb_iceberg_rest,warm,L0,daily,harbour_entry,hour,1 hour,31,1,3.2,381703,165,0.043,1,5,0.4920907640092385,0.4970491749932989,0.0368912845700139,0.4772844580002129,0.4624115419574082,73.0,3554552973.0,119304818.0,73.0,73.0,100.0,synced,3.356
duckdb_iceberg_rest,warm,L0,daily,nearest_approach,hour,1 hour,31,1,3.2,381703,115,0.03,1,5,0.4015387223140957,0.4010821581934579,0.002586780815645,0.4014819999574683,0.397106958029326,7.0,3554552973.0,119310921.0,7.0,7.0,100.0,synced,3.357
duckdb_iceberg_rest,warm,L0,daily,position_interpolation,hour,1 hour,31,1,3.2,381703,115,0.03,1,5,0.3360382360018168,0.3365308416076004,0.0038730757566709,0.3346923749777488,0.3327983750496059,26.0,3554552973.0,119310921.0,26.0,26.0,100.0,synced,3.357
duckdb_iceberg_rest,warm,L0,daily,speed_profile,hour,1 hour,31,1,3.2,381703,115,0.03,1,5,0.3924237220004822,0.3876019082032144,0.0322397024235734,0.4024991249898448,0.344686291005928,5.4,3554552973.0,119310921.0,5.4,5.4,100.0,synced,3.357
duckdb_iceberg_rest,warm,L0,daily,both_ports,day,1 day,31,4,12.9,381703,170,0.045,1,5,0.7532959306651416,0.7388671998050995,0.066953412227568,0.7799102499848232,0.6412034160457551,4.0,3554552973.0,468484336.0,4.0,4.0,100.0,synced,13.18
duckdb_iceberg_rest,warm,L0,daily,bounding_box,day,1 day,31,2,6.5,381703,541,0.142,1,5,0.7814429306502765,0.782583916792646,0.0155489785807303,0.773215000052005,0.7680086670443416,61.43,3554552973.0,234407053.0,61.43,61.43,100.0,synced,6.595
duckdb_iceberg_rest,warm,L0,daily,clip_to_region,day,1 day,31,2,6.5,381703,541,0.142,1,5,0.5553848466758305,0.558094966202043,0.0166244874584291,0.5550507910083979,0.540237375011202,113.0,3554552973.0,234407053.0,113.0,113.0,100.0,synced,6.595
duckdb_iceberg_rest,warm,L0,daily,collision,day,1 day,31,2,6.5,381703,541,0.142,1,5,1.5894791803245123,1.571605758194346,0.0478993169826634,1.5881453329930082,1.4872842500335537,165.0,3554552973.0,234407053.0,165.0,165.0,100.0,synced,6.595
duckdb_iceberg_rest,warm,L0,daily,encounter_zone,day,1 day,31,2,6.5,381703,541,0.142,1,5,1.5814458890041958,1.5903009502100758,0.0288624969653299,1.578533874999266,1.5684327090275474,195.0,3554552973.0,234407053.0,195.0,195.0,100.0,synced,6.595
duckdb_iceberg_rest,warm,L0,daily,fleet_summary,day,1 day,31,2,6.5,381703,541,0.142,1,5,0.7820630139904097,0.7913193751941435,0.0347681346482875,0.7769783749827184,0.7627997089875862,2876.4,3554552973.0,234407053.0,2876.4,2876.4,100.0,synced,6.595
duckdb_iceberg_rest,warm,L0,daily,harbour_entry,day,1 day,31,2,6.5,381703,1140,0.299,1,5,0.9792552360061868,0.9820548084098846,0.0937302484470036,0.984511041024234,0.8545134590240195,96.0,3554552973.0,234395271.0,96.0,96.0,100.0,synced,6.594
duckdb_iceberg_rest,warm,L0,daily,nearest_approach,day,1 day,31,2,6.5,381703,541,0.142,1,5,1.9802342363400385,1.9907670918037184,0.1943726727616612,1.9523722080048176,1.7572655419935472,0.0,3554552973.0,234407053.0,0.0,0.0,,synced,6.595
duckdb_iceberg_rest,warm,L0,daily,position_interpolation,day,1 day,31,2,6.5,381703,541,0.142,1,5,0.6397952640157504,0.6540412668138742,0.0468916885633237,0.6297581249964423,0.617688124999404,26.0,3554552973.0,234407053.0,26.0,26.0,100.0,synced,6.595
duckdb_iceberg_rest,warm,L0,daily,speed_profile,day,1 day,31,2,6.5,381703,541,0.142,1,5,0.8467284029854151,0.8660708751995116,0.055045716578343,0.8419877499691211,0.8292715420247987,34.7,3554552973.0,234407053.0,34.7,34.7,100.0,synced,6.595
duckdb_iceberg_rest,warm,L0,daily,both_ports,week,1 week,31,16,51.6,381703,1127,0.295,1,5,3.440346749674063,3.519731974811293,0.2269357580893851,3.425498707976658,3.359665792027954,4.0,3554552973.0,1474309050.0,4.0,4.0,100.0,synced,41.477
duckdb_iceberg_rest,warm,L0,daily,bounding_box,week,1 week,31,8,25.8,381703,3479,0.911,1,5,5.479847388982307,5.334497833182104,0.7112362057972345,5.3963066669530235,4.2056404579780065,79.27,3554552973.0,988670764.0,79.27,79.27,100.0,synced,27.814
duckdb_iceberg_rest,warm,L0,daily,clip_to_region,week,1 week,31,8,25.8,381703,3479,0.911,1,5,2.335088722000364,2.356631608202588,0.0737297034796082,2.332508791994769,2.2964862500084564,620.0,3554552973.0,988670764.0,620.0,620.0,100.0,synced,27.814
duckdb_iceberg_rest,warm,L0,daily,collision,week,1 week,31,8,25.8,381703,3479,0.911,1,5,11.781604846997652,11.471665207995102,0.9568436681528302,11.776908207975794,9.805609915987588,264.0,3554552973.0,988670764.0,264.0,264.0,100.0,synced,27.814
duckdb_iceberg_rest,warm,L0,daily,encounter_zone,week,1 week,31,8,25.8,381703,3479,0.911,1,5,11.650818347329428,11.45004025020171,0.7180166396905908,11.693955250026193,10.21470304200193,343.0,3554552973.0,988670764.0,343.0,343.0,100.0,synced,27.814
duckdb_iceberg_rest,warm,L0,daily,fleet_summary,week,1 week,31,8,25.8,381703,3479,0.911,1,5,3.83951443034069,3.927013575006277,0.2909184847490503,3.827892041008454,3.695154500019271,21937.2,3554552973.0,988670764.0,21937.2,21937.2,100.0,synced,27.814
duckdb_iceberg_rest,warm,L0,daily,harbour_entry,week,1 week,31,8,25.8,381703,6877,1.802,1,5,4.104748153011315,4.148058841598686,0.2806773240158965,3.9800155000411905,3.895144582958892,165.0,3554552973.0,988613274.0,165.0,165.0,100.0,synced,27.813
duckdb_iceberg_rest,warm,L0,daily,nearest_approach,week,1 week,31,8,25.8,381703,3479,0.911,1,5,14.13433712499682,13.993219699990004,0.8374257661692149,13.914497374964412,12.739624166977592,0.0,3554552973.0,988670764.0,0.0,0.0,,synced,27.814
duckdb_iceberg_rest,warm,L0,daily,position_interpolation,week,1 week,31,8,25.8,381703,3479,0.911,1,5,2.2220212356575453,2.2307535997941157,0.0460788877150218,2.221768790972419,2.1811021249741316,26.0,3554552973.0,988670764.0,26.0,26.0,100.0,synced,27.814
duckdb_iceberg_rest,warm,L0,daily,speed_profile,week,1 week,31,8,25.8,381703,3479,0.911,1,5,3.83817547231835,3.931455791788176,0.2797063445768246,3.8708660829579458,3.724821791984141,39.6,3554552973.0,988670764.0,39.6,39.6,100.0,synced,27.814
duckdb_iceberg_rest,warm,L2_daily,daily,both_ports,hour,1 hour,4313,2,0.0,7111439,7,0.0,1,5,0.2001724033422457,0.2009053754154592,0.0059806843866672,0.2008176670060493,0.1938909590244293,1.0,3847412185.0,4128674.0,1.0,1.0,100.0,synced,0.107
duckdb_iceberg_rest,warm,L2_daily,daily,bounding_box,hour,1 hour,4313,5,0.1,7111439,213,0.003,1,5,0.0999150969825374,0.0988887499901466,0.0026537641441943,0.0999960000044666,0.0941851669922471,15.9,3847412185.0,10402518.0,15.9,15.9,100.0,synced,0.27
duckdb_iceberg_rest,warm,L2_daily,daily,clip_to_region,hour,1 hour,4313,5,0.1,7111439,213,0.003,1,5,0.0826577360082107,0.0819222834077663,0.0022629529451451,0.0825767500209622,0.0779779590084217,29.0,3847412185.0,10402518.0,29.0,29.0,100.0,synced,0.27
duckdb_iceberg_rest,warm,L2_daily,daily,collision,hour,1 hour,4313,5,0.1,7111439,213,0.003,1,5,0.1276773886638693,0.1271183165954426,0.0023489523545125,0.1285052919993177,0.1235706669976934,119.0,3847412185.0,10402518.0,119.0,119.0,100.0,synced,0.27
duckdb_iceberg_rest,warm,L2_daily,daily,encounter_zone,hour,1 hour,4313,5,0.1,7111439,213,0.003,1,5,0.1294713886454701,0.1289242081809788,0.0022024508728351,0.1296003329916857,0.1251960829831659,138.0,3847412185.0,10402518.0,138.0,138.0,100.0,synced,0.27
duckdb_iceberg_rest,warm,L2_daily,daily,fleet_summary,hour,1 hour,4313,5,0.1,7111439,213,0.003,1,5,0.0959464446641504,0.0955508085899055,0.0029017261374951,0.0970092079951427,0.0914862919598817,123.2,3847412185.0,10402518.0,123.2,123.2,100.0,synced,0.27
duckdb_iceberg_rest,warm,L2_daily,daily,harbour_entry,hour,1 hour,4313,2,0.0,7111439,192,0.003,1,5,0.165364957996644,0.1652729079942219,0.0017488344814808,0.1653322079801,0.1630979999899864,73.0,3847412185.0,8883194.0,73.0,73.0,100.0,synced,0.231
duckdb_iceberg_rest,warm,L2_daily,daily,nearest_approach,hour,1 hour,4313,5,0.1,7111439,213,0.003,1,5,0.1445971943321637,0.1434346499969251,0.002935971546384,0.144694791000802,0.1382512080017477,7.0,3847412185.0,10402518.0,7.0,7.0,100.0,synced,0.27
duckdb_iceberg_rest,warm,L2_daily,daily,position_interpolation,hour,1 hour,4313,5,0.1,7111439,213,0.003,1,5,0.0934834303334355,0.0935218999977223,0.0016083963151742,0.0937246670364402,0.0913760419934988,26.0,3847412185.0,10402518.0,26.0,26.0,100.0,synced,0.27
duckdb_iceberg_rest,warm,L2_daily,daily,speed_profile,hour,1 hour,4313,5,0.1,7111439,213,0.003,1,5,0.1006033056958888,0.1004676752141676,0.0009152498158551,0.100519334024284,0.0990419589797966,5.4,3847412185.0,10402518.0,5.4,5.4,100.0,synced,0.27
duckdb_iceberg_rest,warm,L2_daily,daily,both_ports,day,1 day,4313,12,0.3,7111439,171,0.002,1,5,0.204520249661679,0.2056881413911469,0.0040386675422108,0.2052529579959809,0.2024378330097533,4.0,3847412185.0,8253159.0,4.0,4.0,100.0,synced,0.215
duckdb_iceberg_rest,warm,L2_daily,daily,bounding_box,day,1 day,4313,12,0.3,7111439,4245,0.06,1,5,0.26996513933409,0.2704093917971477,0.0115082377601917,0.2670382499927655,0.2576755409827456,61.43,3847412185.0,20977440.0,61.43,61.43,100.0,synced,0.545
duckdb_iceberg_rest,warm,L2_daily,daily,clip_to_region,day,1 day,4313,12,0.3,7111439,4245,0.06,1,5,0.1572067913560507,0.157546691421885,0.0025231343324999,0.1565165410283953,0.1548867920064367,113.0,3847412185.0,20977440.0,113.0,113.0,100.0,synced,0.545
duckdb_iceberg_rest,warm,L2_daily,daily,collision,day,1 day,4313,12,0.3,7111439,4245,0.06,1,5,0.8237723329997001,0.8151784079964273,0.0476012679845858,0.8330062500317581,0.7422501659602858,165.0,3847412185.0,20977440.0,165.0,165.0,100.0,synced,0.545
duckdb_iceberg_rest,warm,L2_daily,daily,encounter_zone,day,1 day,4313,12,0.3,7111439,4245,0.06,1,5,0.8403356666870726,0.8434393500210717,0.0539692188354828,0.8291705410229042,0.7845528330071829,195.0,3847412185.0,20977440.0,195.0,195.0,100.0,synced,0.545
duckdb_iceberg_rest,warm,L2_daily,daily,fleet_summary,day,1 day,4313,12,0.3,7111439,4245,0.06,1,5,0.2580459166783839,0.2600182750145904,0.0192880775944098,0.2561130000394769,0.2391082500107586,2876.4,3847412185.0,20977440.0,2876.4,2876.4,100.0,synced,0.545
duckdb_iceberg_rest,warm,L2_daily,daily,harbour_entry,day,1 day,4313,4,0.1,7111439,2588,0.036,1,5,0.2893506110024949,0.2902355500031263,0.0083268335539968,0.288465375022497,0.2824638750171289,96.0,3847412185.0,17700663.0,96.0,96.0,100.0,synced,0.46
duckdb_iceberg_rest,warm,L2_daily,daily,nearest_approach,day,1 day,4313,12,0.3,7111439,4245,0.06,1,5,1.1000560973382865,1.0983177665970287,0.0341745522559443,1.0946330000297166,1.0486772499862127,0.0,3847412185.0,20977440.0,0.0,0.0,,synced,0.545
duckdb_iceberg_rest,warm,L2_daily,daily,position_interpolation,day,1 day,4313,12,0.3,7111439,4245,0.06,1,5,0.1795189166635585,0.1798766917898319,0.0075425779808095,0.1780989170074463,0.1727202499751001,26.0,3847412185.0,20977440.0,26.0,26.0,100.0,synced,0.545
duckdb_iceberg_rest,warm,L2_daily,daily,speed_profile,day,1 day,4313,12,0.3,7111439,4245,0.06,1,5,0.2694929026765749,0.268695324996952,0.0054745110862749,0.2706919580232352,0.2602759999572299,34.7,3847412185.0,20977440.0,34.7,34.7,100.0,synced,0.545
duckdb_iceberg_rest,warm,L2_daily,daily,both_ports,week,1 week,4313,52,1.2,7111439,1130,0.016,1,5,0.2323481389903463,0.2322979083866812,0.002354061467726,0.2322390420013107,0.2297413749620318,4.0,3847412185.0,37989120.0,4.0,4.0,100.0,synced,0.987
duckdb_iceberg_rest,warm,L2_daily,daily,bounding_box,week,1 week,4313,51,1.2,7111439,31336,0.441,1,5,1.373311500006821,1.3859933000057936,0.0846157606574478,1.383011500001885,1.299244459019974,79.27,3847412185.0,93898403.0,79.27,79.27,100.0,synced,2.441
duckdb_iceberg_rest,warm,L2_daily,daily,clip_to_region,week,1 week,4313,51,1.2,7111439,31336,0.441,1,5,0.6556517226660313,0.6630298335920088,0.0204351534095714,0.6544434170355089,0.6491042499546893,620.0,3847412185.0,93898403.0,620.0,620.0,100.0,synced,2.441
duckdb_iceberg_rest,warm,L2_daily,daily,collision,week,1 week,4313,51,1.2,7111439,31336,0.441,1,5,5.154874652662936,5.026585316599812,0.3884754648019973,5.142478666966781,4.345865625014994,264.0,3847412185.0,93898403.0,264.0,264.0,100.0,synced,2.441
duckdb_iceberg_rest,warm,L2_daily,daily,encounter_zone,week,1 week,4313,51,1.2,7111439,31336,0.441,1,5,4.886403569680017,4.849196100013796,0.4402807603520001,4.968248500023037,4.257118916022591,343.0,3847412185.0,93898403.0,343.0,343.0,100.0,synced,2.441
duckdb_iceberg_rest,warm,L2_daily,daily,fleet_summary,week,1 week,4313,51,1.2,7111439,31336,0.441,1,5,1.2164745973423123,1.2153273084084504,0.0064901228981413,1.215737959020771,1.2049930000212044,21937.2,3847412185.0,93898403.0,21937.2,21937.2,100.0,synced,2.441
duckdb_iceberg_rest,warm,L2_daily,daily,harbour_entry,week,1 week,4313,20,0.5,7111439,16784,0.236,1,5,0.9544496389959628,0.9526071167900227,0.0068969018617047,0.9560344589990564,0.9412337919929996,165.0,3847412185.0,72083118.0,165.0,165.0,100.0,synced,1.874
duckdb_iceberg_rest,warm,L2_daily,daily,nearest_approach,week,1 week,4313,51,1.2,7111439,31336,0.441,1,5,6.632245847334464,6.630364816787187,0.396416808013723,6.5933433750178665,6.072382707963698,0.0,3847412185.0,93898403.0,0.0,0.0,,synced,2.441
duckdb_iceberg_rest,warm,L2_daily,daily,position_interpolation,week,1 week,4313,51,1.2,7111439,31336,0.441,1,5,0.6727867086689608,0.6759018086013384,0.0149253115587761,0.6769514170009643,0.6620815829955973,26.0,3847412185.0,93898403.0,26.0,26.0,100.0,synced,2.441
duckdb_iceberg_rest,warm,L2_daily,daily,speed_profile,week,1 week,4313,51,1.2,7111439,31336,0.441,1,5,1.3472923193476165,1.4099683748092502,0.1612151951274086,1.3264627080061473,1.3159729160252027,39.6,3847412185.0,93898403.0,39.6,39.6,100.0,synced,2.441
duckdb_iceberg_rest,warm,L3_daily,daily,both_ports,hour,1 hour,4281,2,0.0,8234799,15,0.0,1,5,0.195909958332777,0.1975336252013221,0.0048949737051789,0.1966001249966211,0.19401541701518,1.0,3899839346.0,4194556.0,1.0,1.0,100.0,synced,0.108
duckdb_iceberg_rest,warm,L3_daily,daily,bounding_box,hour,1 hour,4281,5,0.1,8234799,316,0.004,1,5,0.09361744398484,0.0935698579763993,0.001012856030891,0.0935772910015657,0.0923958749626763,15.9,3899839346.0,10523392.0,15.9,15.9,100.0,synced,0.27
duckdb_iceberg_rest,warm,L3_daily,daily,clip_to_region,hour,1 hour,4281,5,0.1,8234799,316,0.004,1,5,0.0759605556571235,0.0762462249957025,0.003032389125489,0.076709209010005,0.0731565830064937,29.0,3899839346.0,10523392.0,29.0,29.0,100.0,synced,0.27
duckdb_iceberg_rest,warm,L3_daily,daily,collision,hour,1 hour,4281,5,0.1,8234799,316,0.004,1,5,0.1178690833039581,0.1175098917796276,0.0021179917586259,0.1177412089891731,0.1141694170073606,119.0,3899839346.0,10523392.0,119.0,119.0,100.0,synced,0.27
duckdb_iceberg_rest,warm,L3_daily,daily,encounter_zone,hour,1 hour,4281,5,0.1,8234799,316,0.004,1,5,0.1206517919975643,0.1206746586016379,0.0021861807411925,0.1212167500052601,0.1183287089806981,138.0,3899839346.0,10523392.0,138.0,138.0,100.0,synced,0.27
duckdb_iceberg_rest,warm,L3_daily,daily,fleet_summary,hour,1 hour,4281,5,0.1,8234799,316,0.004,1,5,0.090094208678541,0.090045750210993,0.0022587314002321,0.0902882919763214,0.0872723340289667,120.6,3899839346.0,10523392.0,120.6,123.2,97.9,synced,0.27
duckdb_iceberg_rest,warm,L3_daily,daily,harbour_entry,hour,1 hour,4281,2,0.0,8234799,368,0.004,1,5,0.1576711386442184,0.1574836833868175,0.0016918188243199,0.1575271249748766,0.1552420420339331,73.0,3899839346.0,9094829.0,73.0,73.0,100.0,synced,0.233
duckdb_iceberg_rest,warm,L3_daily,daily,nearest_approach,hour,1 hour,4281,5,0.1,8234799,316,0.004,1,5,0.1401925416818509,0.1401212250115349,0.002513777488261,0.1396400830126367,0.1366124170017428,7.0,3899839346.0,10523392.0,7.0,7.0,100.0,synced,0.27
duckdb_iceberg_rest,warm,L3_daily,daily,position_interpolation,hour,1 hour,4281,5,0.1,8234799,316,0.004,1,5,0.087861152656842,0.0885892081772908,0.0016995240858497,0.0878442079992964,0.0877361659659072,26.0,3899839346.0,10523392.0,26.0,26.0,100.0,synced,0.27
duckdb_iceberg_rest,warm,L3_daily,daily,speed_profile,hour,1 hour,4281,5,0.1,8234799,316,0.004,1,5,0.0923407496496414,0.0923833581851795,0.0022541175571863,0.0925061249872669,0.0894494579988531,5.4,3899839346.0,10523392.0,5.4,5.4,100.0,synced,0.27
duckdb_iceberg_rest,warm,L3_daily,daily,both_ports,day,1 day,4281,12,0.3,8234799,320,0.004,1,5,0.1902351529958347,0.1905052167945541,0.0030869864258868,0.1898331249831244,0.186801416974049,4.0,3899839346.0,8427336.0,4.0,4.0,100.0,synced,0.216
duckdb_iceberg_rest,warm,L3_daily,daily,bounding_box,day,1 day,4281,12,0.3,8234799,4848,0.059,1,5,0.2388784583308734,0.2413497834000736,0.0104347722280443,0.2403908749693073,0.2320100420038215,61.43,3899839346.0,21222391.0,61.43,61.43,100.0,synced,0.544
duckdb_iceberg_rest,warm,L3_daily,daily,clip_to_region,day,1 day,4281,12,0.3,8234799,4848,0.059,1,5,0.1433127360069193,0.1431925500161014,0.0016151860288903,0.1430012080236338,0.1408932920312509,113.0,3899839346.0,21222391.0,113.0,113.0,100.0,synced,0.544
duckdb_iceberg_rest,warm,L3_daily,daily,collision,day,1 day,4281,12,0.3,8234799,4848,0.059,1,5,0.7673041386490999,0.7530385497957468,0.045176483848602,0.7664529999601655,0.6754855419858359,165.0,3899839346.0,21222391.0,165.0,165.0,100.0,synced,0.544
duckdb_iceberg_rest,warm,L3_daily,daily,encounter_zone,day,1 day,4281,12,0.3,8234799,4848,0.059,1,5,0.8655633190064691,0.8593854914186523,0.0421171848645537,0.8721163329901174,0.797325958032161,195.0,3899839346.0,21222391.0,195.0,195.0,100.0,synced,0.544
duckdb_iceberg_rest,warm,L3_daily,daily,fleet_summary,day,1 day,4281,12,0.3,8234799,4848,0.059,1,5,0.2288543889881111,0.2309215581859462,0.0104298155178008,0.2273924589972011,0.2208832909818738,2749.9,3899839346.0,21222391.0,2749.9,2876.4,95.6,synced,0.544
duckdb_iceberg_rest,warm,L3_daily,daily,harbour_entry,day,1 day,4281,4,0.1,8234799,4982,0.06,1,5,0.2749257223525395,0.275146816612687,0.0043483370696265,0.2746938330237753,0.2694372910191305,96.0,3899839346.0,18100721.0,96.0,96.0,100.0,synced,0.464
duckdb_iceberg_rest,warm,L3_daily,daily,nearest_approach,day,1 day,4281,12,0.3,8234799,4848,0.059,1,5,1.1057390969751093,1.1037580747855826,0.0333844231550684,1.110736582952086,1.0589501250069588,0.0,3899839346.0,21222391.0,0.0,0.0,,synced,0.544
duckdb_iceberg_rest,warm,L3_daily,daily,position_interpolation,day,1 day,4281,12,0.3,8234799,4848,0.059,1,5,0.1715753893367946,0.1711326004005968,0.0076901164737222,0.1732638340326957,0.1611229589907452,26.0,3899839346.0,21222391.0,26.0,26.0,100.0,synced,0.544
duckdb_iceberg_rest,warm,L3_daily,daily,speed_profile,day,1 day,4281,12,0.3,8234799,4848,0.059,1,5,0.2408875693411876,0.242536466801539,0.0075258447932448,0.2407043750281445,0.2349332089652307,34.7,3899839346.0,21222391.0,34.7,34.7,100.0,synced,0.544
duckdb_iceberg_rest,warm,L3_daily,daily,both_ports,week,1 week,4281,52,1.2,8234799,2084,0.025,1,5,0.2119715003451953,0.2116768584004603,0.0056763088637891,0.2122445839922875,0.2048331249970942,4.0,3899839346.0,38648895.0,4.0,4.0,100.0,synced,0.991
duckdb_iceberg_rest,warm,L3_daily,daily,bounding_box,week,1 week,4281,51,1.2,8234799,37941,0.461,1,5,1.2826308613293804,1.303365825198125,0.0849377902126403,1.255005999992136,1.2357301249867303,79.2,3899839346.0,95060611.0,79.2,79.27,99.9,synced,2.438
duckdb_iceberg_rest,warm,L3_daily,daily,clip_to_region,week,1 week,4281,51,1.2,8234799,37941,0.461,1,5,0.6121570969698951,0.6141210745903664,0.00657332291768,0.6122261249693111,0.6086630410281941,620.0,3899839346.0,95060611.0,620.0,620.0,100.0,synced,2.438
duckdb_iceberg_rest,warm,L3_daily,daily,collision,week,1 week,4281,51,1.2,8234799,37941,0.461,1,5,4.804838013990472,4.821527616796084,0.2470361765310808,4.7004253750201315,4.600164874980692,263.0,3899839346.0,95060611.0,263.0,264.0,99.6,synced,2.438
duckdb_iceberg_rest,warm,L3_daily,daily,encounter_zone,week,1 week,4281,51,1.2,8234799,37941,0.461,1,5,4.842958902998362,4.876599099999294,0.3890388417386066,4.640224625007249,4.543297416006681,342.0,3899839346.0,95060611.0,342.0,343.0,99.7,synced,2.438
duckdb_iceberg_rest,warm,L3_daily,daily,fleet_summary,week,1 week,4281,51,1.2,8234799,37941,0.461,1,5,1.1538332360214554,1.154228233010508,0.0056165245586383,1.1524625830352306,1.1479770410223864,20906.9,3899839346.0,95060611.0,20906.9,21937.2,95.3,synced,2.438
duckdb_iceberg_rest,warm,L3_daily,daily,harbour_entry,week,1 week,4281,20,0.5,8234799,30470,0.37,1,5,0.9823783609899692,1.0046882165945137,0.0753766638839611,0.9558199580060318,0.9529410409741104,165.0,3899839346.0,73374586.0,165.0,165.0,100.0,synced,1.881
duckdb_iceberg_rest,warm,L3_daily,daily,nearest_approach,week,1 week,4281,51,1.2,8234799,37941,0.461,1,5,7.189608069311362,7.13770327498205,0.1687668799310704,7.223909124964848,6.8614563749870285,0.0,3899839346.0,95060611.0,0.0,0.0,,synced,2.438
duckdb_iceberg_rest,warm,L3_daily,daily,position_interpolation,week,1 week,4281,51,1.2,8234799,37941,0.461,1,5,0.6419335003398979,0.6433794251992367,0.0119107830679037,0.6387179999728687,0.6303463749936782,26.0,3899839346.0,95060611.0,26.0,26.0,100.0,synced,2.438
duckdb_iceberg_rest,warm,L3_daily,daily,speed_profile,week,1 week,4281,51,1.2,8234799,37941,0.461,1,5,1.279620652998953,1.287111275200732,0.0278995449629919,1.2768715000129305,1.263484042021446,39.0,3899839346.0,95060611.0,39.0,39.6,98.5,synced,2.438
duckdb_iceberg_rest,warm,L2s,compact,both_ports,hour,1 hour,376,11,2.9,7111439,7,0.0,1,5,0.0490016526891849,0.0493780084187164,0.0033646241856808,0.0492602920276112,0.0455266250064596,1.0,3742589085.0,20490290.0,1.0,1.0,100.0,synced,0.547
duckdb_iceberg_rest,warm,L2s,compact,bounding_box,hour,1 hour,376,13,3.5,7111439,213,0.003,1,5,0.0774003193364478,0.0758676666067913,0.0043012187375693,0.0772931659594178,0.0683987920056097,15.9,3742589085.0,14591715.0,15.9,15.9,100.0,synced,0.39
duckdb_iceberg_rest,warm,L2s,compact,clip_to_region,hour,1 hour,376,13,3.5,7111439,213,0.003,1,5,0.0464107359875924,0.0466938665951602,0.0013287124779067,0.0458872499875724,0.0456644580117426,29.0,3742589085.0,14591715.0,29.0,29.0,100.0,synced,0.39
duckdb_iceberg_rest,warm,L2s,compact,collision,hour,1 hour,376,13,3.5,7111439,213,0.003,1,5,0.1028154026522922,0.1028428915888071,0.0005281052365307,0.102838332997635,0.1021658339886926,119.0,3742589085.0,14591715.0,119.0,119.0,100.0,synced,0.39
duckdb_iceberg_rest,warm,L2s,compact,encounter_zone,hour,1 hour,376,13,3.5,7111439,213,0.003,1,5,0.1093501249949137,0.1112985083949752,0.0100409942108775,0.1073757919948548,0.101440750004258,138.0,3742589085.0,14591715.0,138.0,138.0,100.0,synced,0.39
duckdb_iceberg_rest,warm,L2s,compact,fleet_summary,hour,1 hour,376,13,3.5,7111439,213,0.003,1,5,0.0786669723650751,0.0792738168267533,0.0027565857468608,0.0781484590261243,0.0767075420008041,123.2,3742589085.0,14591715.0,123.2,123.2,100.0,synced,0.39
duckdb_iceberg_rest,warm,L2s,compact,harbour_entry,hour,1 hour,376,11,2.9,7111439,192,0.003,1,5,0.1376503609935753,0.1369378997944295,0.0041328684783913,0.13746766600525,0.1305498330038972,73.0,3742589085.0,55773551.0,73.0,73.0,100.0,synced,1.49
duckdb_iceberg_rest,warm,L2s,compact,nearest_approach,hour,1 hour,376,13,3.5,7111439,213,0.003,1,5,0.1593651806664032,0.157165299996268,0.013921170783153,0.1666465839953161,0.1394874159595929,7.0,3742589085.0,14591715.0,7.0,7.0,100.0,synced,0.39
duckdb_iceberg_rest,warm,L2s,compact,position_interpolation,hour,1 hour,376,13,3.5,7111439,213,0.003,1,5,0.0635114856607591,0.0628339579910971,0.0020314615318159,0.0633397909696213,0.0593102909624576,26.0,3742589085.0,14591715.0,26.0,26.0,100.0,synced,0.39
duckdb_iceberg_rest,warm,L2s,compact,speed_profile,hour,1 hour,376,13,3.5,7111439,213,0.003,1,5,0.0678389443589064,0.0682196830166503,0.0018094000642008,0.0672895419993437,0.0667584160109981,5.4,3742589085.0,14591715.0,5.4,5.4,100.0,synced,0.39
duckdb_iceberg_rest,warm,L2s,compact,both_ports,day,1 day,376,23,6.1,7111439,171,0.002,1,5,0.0405858473386615,0.0406167668057605,0.0011198428947073,0.0400868750293739,0.0394869580049999,4.0,3742589085.0,20495033.0,4.0,4.0,100.0,synced,0.548
duckdb_iceberg_rest,warm,L2s,compact,bounding_box,day,1 day,376,14,3.7,7111439,4245,0.06,1,5,0.2479270973320429,0.2485127500025555,0.0135749385651735,0.2452811669791117,0.2319140409817919,61.43,3742589085.0,16009749.0,61.43,61.43,100.0,synced,0.428
duckdb_iceberg_rest,warm,L2s,compact,clip_to_region,day,1 day,376,14,3.7,7111439,4245,0.06,1,5,0.1169395276810973,0.1181468249997124,0.0034546795434565,0.1166367080295458,0.1157623329781927,113.0,3742589085.0,16009749.0,113.0,113.0,100.0,synced,0.428
duckdb_iceberg_rest,warm,L2s,compact,collision,day,1 day,376,14,3.7,7111439,4245,0.06,1,5,0.7528335276486663,0.7579984999843873,0.0367741928886608,0.746927083004266,0.717012999986764,165.0,3742589085.0,16009749.0,165.0,165.0,100.0,synced,0.428
duckdb_iceberg_rest,warm,L2s,compact,encounter_zone,day,1 day,376,14,3.7,7111439,4245,0.06,1,5,0.7831027643405832,0.7887562004034407,0.0273888214048168,0.7890592089970596,0.7618210419896059,195.0,3742589085.0,16009749.0,195.0,195.0,100.0,synced,0.428
duckdb_iceberg_rest,warm,L2s,compact,fleet_summary,day,1 day,376,14,3.7,7111439,4245,0.06,1,5,0.2090655556724717,0.2107046999968588,0.0071114218561723,0.2065864999894984,0.2048891250160522,2876.4,3742589085.0,16009749.0,2876.4,2876.4,100.0,synced,0.428
duckdb_iceberg_rest,warm,L2s,compact,harbour_entry,day,1 day,376,11,2.9,7111439,2588,0.036,1,5,0.2458904166705906,0.2425272915977984,0.0132755359436313,0.2482017080183141,0.2216656249947846,96.0,3742589085.0,55773551.0,96.0,96.0,100.0,synced,1.49
duckdb_iceberg_rest,warm,L2s,compact,nearest_approach,day,1 day,376,14,3.7,7111439,4245,0.06,1,5,1.074381861020811,1.0811534082051366,0.1067460585901293,1.084980917046778,0.9728768749628216,0.0,3742589085.0,16009749.0,0.0,0.0,,synced,0.428
duckdb_iceberg_rest,warm,L2s,compact,position_interpolation,day,1 day,376,14,3.7,7111439,4245,0.06,1,5,0.1396511530037969,0.1394075336051173,0.0031356796019951,0.1388904170016758,0.1352097089984454,26.0,3742589085.0,16009749.0,26.0,26.0,100.0,synced,0.428
duckdb_iceberg_rest,warm,L2s,compact,speed_profile,day,1 day,376,14,3.7,7111439,4245,0.06,1,5,0.2347313749875562,0.236432325001806,0.0095637422063073,0.2316208750125952,0.227286500041373,34.7,3742589085.0,16009749.0,34.7,34.7,100.0,synced,0.428
duckdb_iceberg_rest,warm,L2s,compact,both_ports,week,1 week,376,30,8.0,7111439,1130,0.016,1,5,0.0580698886769823,0.0575826582033187,0.0015579283132203,0.0581700420007109,0.0548935839906334,4.0,3742589085.0,28669820.0,4.0,4.0,100.0,synced,0.766
duckdb_iceberg_rest,warm,L2s,compact,bounding_box,week,1 week,376,18,4.8,7111439,31336,0.441,1,5,1.398741208346716,1.432584200007841,0.1222880711974744,1.394780458009336,1.330159957986325,79.27,3742589085.0,37682863.0,79.27,79.27,100.0,synced,1.007
duckdb_iceberg_rest,warm,L2s,compact,clip_to_region,week,1 week,376,18,4.8,7111439,31336,0.441,1,5,0.5988117776772318,0.5978192497976125,0.0063720555836387,0.5985357079771347,0.5876107079675421,620.0,3742589085.0,37682863.0,620.0,620.0,100.0,synced,1.007
duckdb_iceberg_rest,warm,L2s,compact,collision,week,1 week,376,18,4.8,7111439,31336,0.441,1,5,5.213774264014016,5.214524366613477,0.3910123991797707,5.337312916002702,4.799839041021187,264.0,3742589085.0,37682863.0,264.0,264.0,100.0,synced,1.007
duckdb_iceberg_rest,warm,L2s,compact,encounter_zone,week,1 week,376,18,4.8,7111439,31336,0.441,1,5,5.229177916344876,5.258420033205766,0.3489481697093892,5.091745165991597,4.940589374979027,343.0,3742589085.0,37682863.0,343.0,343.0,100.0,synced,1.007
duckdb_iceberg_rest,warm,L2s,compact,fleet_summary,week,1 week,376,18,4.8,7111439,31336,0.441,1,5,1.1791634860176905,1.1772715582163074,0.0082976013096252,1.1775623750290831,1.16367400001036,21937.2,3742589085.0,37682863.0,21937.2,21937.2,100.0,synced,1.007
duckdb_iceberg_rest,warm,L2s,compact,harbour_entry,week,1 week,376,11,2.9,7111439,16784,0.236,1,5,0.8663355416695898,0.8669532668078318,0.0040826272872812,0.8674588750000112,0.8629527090233751,165.0,3742589085.0,70439719.0,165.0,165.0,100.0,synced,1.882
duckdb_iceberg_rest,warm,L2s,compact,nearest_approach,week,1 week,376,18,4.8,7111439,31336,0.441,1,5,7.473097152658738,7.513981008401606,0.2765899522102175,7.546317750005983,7.224722000013571,0.0,3742589085.0,37682863.0,0.0,0.0,,synced,1.007
duckdb_iceberg_rest,warm,L2s,compact,position_interpolation,week,1 week,376,18,4.8,7111439,31336,0.441,1,5,0.6145204029744491,0.6145316917914897,0.0062923091204952,0.6127584589994512,0.6075176660087891,26.0,3742589085.0,37682863.0,26.0,26.0,100.0,synced,1.007
duckdb_iceberg_rest,warm,L2s,compact,speed_profile,week,1 week,376,18,4.8,7111439,31336,0.441,1,5,1.264162763681573,1.2637965998146683,0.0057175100646491,1.26168575003976,1.2564318749937229,39.6,3742589085.0,37682863.0,39.6,39.6,100.0,synced,1.007
duckdb_iceberg_rest,warm,L3s,compact,both_ports,hour,1 hour,369,11,3.0,8234799,15,0.0,1,5,0.0429377360075401,0.0430135416099801,0.0020804190958834,0.0433097500354051,0.0407295000040903,1.0,3803400582.0,16073807.0,1.0,1.0,100.0,synced,0.423
duckdb_iceberg_rest,warm,L3s,compact,bounding_box,hour,1 hour,369,13,3.5,8234799,316,0.004,1,5,0.0776468753465451,0.0774207085953094,0.0031630218121549,0.077385917014908,0.0729130419786088,15.9,3803400582.0,11220321.0,15.9,15.9,100.0,synced,0.295
duckdb_iceberg_rest,warm,L3s,compact,clip_to_region,hour,1 hour,369,13,3.5,8234799,316,0.004,1,5,0.0439605276333168,0.0443048833869397,0.0016081287727741,0.0439667079481296,0.0426785839954391,29.0,3803400582.0,11220321.0,29.0,29.0,100.0,synced,0.295
duckdb_iceberg_rest,warm,L3s,compact,collision,hour,1 hour,369,13,3.5,8234799,316,0.004,1,5,0.1082400693364131,0.1144284915993921,0.016568649970407,0.1098522079992108,0.1037889170111157,119.0,3803400582.0,11220321.0,119.0,119.0,100.0,synced,0.295
duckdb_iceberg_rest,warm,L3s,compact,encounter_zone,hour,1 hour,369,13,3.5,8234799,316,0.004,1,5,0.1016468193459635,0.1033064248156733,0.0044112240824693,0.1011277500074356,0.1005587910185568,138.0,3803400582.0,11220321.0,138.0,138.0,100.0,synced,0.295
duckdb_iceberg_rest,warm,L3s,compact,fleet_summary,hour,1 hour,369,13,3.5,8234799,316,0.004,1,5,0.0554945000136892,0.0554421916021965,0.0007132690031998,0.055537500011269,0.0545984999625943,120.6,3803400582.0,11220321.0,120.6,123.2,97.9,synced,0.295
duckdb_iceberg_rest,warm,L3s,compact,harbour_entry,hour,1 hour,369,11,3.0,8234799,368,0.004,1,5,0.094048985997991,0.0944116915925405,0.0026806964830818,0.0944394170073792,0.0913609999697655,73.0,3803400582.0,42755171.0,73.0,73.0,100.0,synced,1.124
duckdb_iceberg_rest,warm,L3s,compact,nearest_approach,hour,1 hour,369,13,3.5,8234799,316,0.004,1,5,0.1153008610126562,0.115695916605182,0.0033912424359793,0.1149019160075113,0.1124397920211777,7.0,3803400582.0,11220321.0,7.0,7.0,100.0,synced,0.295
duckdb_iceberg_rest,warm,L3s,compact,position_interpolation,hour,1 hour,369,13,3.5,8234799,316,0.004,1,5,0.0499393466937666,0.0498260664171539,0.001520155429749,0.0494607910513877,0.0477130420040339,26.0,3803400582.0,11220321.0,26.0,26.0,100.0,synced,0.295
duckdb_iceberg_rest,warm,L3s,compact,speed_profile,hour,1 hour,369,13,3.5,8234799,316,0.004,1,5,0.0564325553132221,0.0567953417776152,0.0015114050508254,0.0566253329743631,0.0554098339634947,5.4,3803400582.0,11220321.0,5.4,5.4,100.0,synced,0.295
duckdb_iceberg_rest,warm,L3s,compact,both_ports,day,1 day,369,23,6.2,8234799,320,0.004,1,5,0.0337743609949635,0.0338451833929866,0.0009420432885905,0.0333823330001905,0.0328567919787019,4.0,3803400582.0,17280663.0,4.0,4.0,100.0,synced,0.454
duckdb_iceberg_rest,warm,L3s,compact,bounding_box,day,1 day,369,14,3.8,8234799,4848,0.059,1,5,0.2407302363232399,0.2413706335937604,0.0223878784242297,0.2366059999912977,0.2167346670175902,61.43,3803400582.0,13895576.0,61.43,61.43,100.0,synced,0.365
duckdb_iceberg_rest,warm,L3s,compact,clip_to_region,day,1 day,369,14,3.8,8234799,4848,0.059,1,5,0.1096215836587362,0.1097608334035612,0.0019774141562542,0.1089054589974694,0.1075402080314233,113.0,3803400582.0,13895576.0,113.0,113.0,100.0,synced,0.365
duckdb_iceberg_rest,warm,L3s,compact,collision,day,1 day,369,14,3.8,8234799,4848,0.059,1,5,0.7865745280093203,0.7920936918118968,0.0563873491126577,0.7967136250226758,0.7266538750263862,165.0,3803400582.0,13895576.0,165.0,165.0,100.0,synced,0.365
duckdb_iceberg_rest,warm,L3s,compact,encounter_zone,day,1 day,369,14,3.8,8234799,4848,0.059,1,5,0.7725584446646584,0.7854119086056016,0.0576721412989221,0.7755363750038669,0.731704042002093,195.0,3803400582.0,13895576.0,195.0,195.0,100.0,synced,0.365
duckdb_iceberg_rest,warm,L3s,compact,fleet_summary,day,1 day,369,14,3.8,8234799,4848,0.059,1,5,0.1971475693280808,0.1962317415978759,0.0056584805312725,0.1964395829709246,0.187920291966293,2749.9,3803400582.0,13895576.0,2749.9,2876.4,95.6,synced,0.365
duckdb_iceberg_rest,warm,L3s,compact,harbour_entry,day,1 day,369,11,3.0,8234799,4982,0.06,1,5,0.220611999645674,0.2201280247885733,0.0044082155872559,0.2210091250017285,0.2143701249733567,96.0,3803400582.0,46597883.0,96.0,96.0,100.0,synced,1.225
duckdb_iceberg_rest,warm,L3s,compact,nearest_approach,day,1 day,369,14,3.8,8234799,4848,0.059,1,5,1.0041706806708437,0.9995042082155124,0.0227555086825912,1.0077298750402406,0.9643650830257684,0.0,3803400582.0,13895576.0,0.0,0.0,,synced,0.365
duckdb_iceberg_rest,warm,L3s,compact,position_interpolation,day,1 day,369,14,3.8,8234799,4848,0.059,1,5,0.1285909586586058,0.1273333503864705,0.0040149311966607,0.1282511670142412,0.1203622089815326,26.0,3803400582.0,13895576.0,26.0,26.0,100.0,synced,0.365
duckdb_iceberg_rest,warm,L3s,compact,speed_profile,day,1 day,369,14,3.8,8234799,4848,0.059,1,5,0.2005379023224426,0.2010102579835802,0.0026745111321176,0.201243165996857,0.1982727499562315,34.7,3803400582.0,13895576.0,34.7,34.7,100.0,synced,0.365
duckdb_iceberg_rest,warm,L3s,compact,both_ports,week,1 week,369,30,8.1,8234799,2084,0.025,1,5,0.0463226113546018,0.0468857418280094,0.0022231654930823,0.0457301250426098,0.045096292044036,4.0,3803400582.0,29496202.0,4.0,4.0,100.0,synced,0.776
duckdb_iceberg_rest,warm,L3s,compact,bounding_box,week,1 week,369,18,4.9,8234799,37941,0.461,1,5,1.1866779446718283,1.1965206252061762,0.0250358460669631,1.1868925840244628,1.181547500018496,79.2,3803400582.0,38203104.0,79.2,79.27,99.9,synced,1.004
duckdb_iceberg_rest,warm,L3s,compact,clip_to_region,week,1 week,369,18,4.9,8234799,37941,0.461,1,5,0.571826152697516,0.5721158582251519,0.0146723538727939,0.5686702080420218,0.5558562500518747,620.0,3803400582.0,38203104.0,620.0,620.0,100.0,synced,1.004
duckdb_iceberg_rest,warm,L3s,compact,collision,week,1 week,369,18,4.9,8234799,37941,0.461,1,5,5.5276501386542805,5.437169649999123,0.3150276857617143,5.556751707976218,4.916349250008352,263.0,3803400582.0,38203104.0,263.0,264.0,99.6,synced,1.004
duckdb_iceberg_rest,warm,L3s,compact,encounter_zone,week,1 week,369,18,4.9,8234799,37941,0.461,1,5,5.161929694314797,5.2029726665932685,0.4490670327677486,5.164048290986102,4.716629499976989,342.0,3803400582.0,38203104.0,342.0,343.0,99.7,synced,1.004
duckdb_iceberg_rest,warm,L3s,compact,fleet_summary,week,1 week,369,18,4.9,8234799,37941,0.461,1,5,1.0950949863375474,1.0955750252003782,0.0063604941036295,1.0947057089651937,1.0877455419977196,20906.9,3803400582.0,38203104.0,20906.9,21937.2,95.3,synced,1.004
duckdb_iceberg_rest,warm,L3s,compact,harbour_entry,week,1 week,369,11,3.0,8234799,30470,0.37,1,5,0.8734886806923896,0.8745825916179456,0.0077187198208405,0.8711282080039382,0.8672160410205834,165.0,3803400582.0,58841474.0,165.0,165.0,100.0,synced,1.547
duckdb_iceberg_rest,warm,L3s,compact,nearest_approach,week,1 week,369,18,4.9,8234799,37941,0.461,1,5,7.530380874988623,7.412854625005275,0.4826845478423587,7.521158125018701,6.594078625028487,0.0,3803400582.0,38203104.0,0.0,0.0,,synced,1.004
duckdb_iceberg_rest,warm,L3s,compact,position_interpolation,week,1 week,369,18,4.9,8234799,37941,0.461,1,5,0.5848937636668173,0.5872951997909694,0.0160043917497132,0.586085666960571,0.5697381249628961,26.0,3803400582.0,38203104.0,26.0,26.0,100.0,synced,1.004
duckdb_iceberg_rest,warm,L3s,compact,speed_profile,week,1 week,369,18,4.9,8234799,37941,0.461,1,5,1.2215136253507808,1.233585658611264,0.0399159658831288,1.2091122079873458,1.2053794999956151,39.0,3803400582.0,38203104.0,39.0,39.6,98.5,synced,1.004
